-- MySQL dump 10.13  Distrib 8.0.27, for Linux (x86_64)
--
-- Host: localhost    Database: bdsm
-- ------------------------------------------------------
-- Server version	8.0.27-0ubuntu0.20.04.1

/*!40101 SET @OLD_CHARACTER_SET_CLIENT=@@CHARACTER_SET_CLIENT */;
/*!40101 SET @OLD_CHARACTER_SET_RESULTS=@@CHARACTER_SET_RESULTS */;
/*!40101 SET @OLD_COLLATION_CONNECTION=@@COLLATION_CONNECTION */;
/*!50503 SET NAMES utf8mb4 */;
/*!40103 SET @OLD_TIME_ZONE=@@TIME_ZONE */;
/*!40103 SET TIME_ZONE='+00:00' */;
/*!40014 SET @OLD_UNIQUE_CHECKS=@@UNIQUE_CHECKS, UNIQUE_CHECKS=0 */;
/*!40014 SET @OLD_FOREIGN_KEY_CHECKS=@@FOREIGN_KEY_CHECKS, FOREIGN_KEY_CHECKS=0 */;
/*!40101 SET @OLD_SQL_MODE=@@SQL_MODE, SQL_MODE='NO_AUTO_VALUE_ON_ZERO' */;
/*!40111 SET @OLD_SQL_NOTES=@@SQL_NOTES, SQL_NOTES=0 */;

--
-- Table structure for table `buy_order`
--

DROP TABLE IF EXISTS `buy_order`;
/*!40101 SET @saved_cs_client     = @@character_set_client */;
/*!50503 SET character_set_client = utf8mb4 */;
CREATE TABLE `buy_order` (
  `buy_order_id` bigint NOT NULL AUTO_INCREMENT,
  `creation_time` datetime DEFAULT NULL,
  `status` varchar(255) DEFAULT NULL,
  `total_cost` double DEFAULT NULL,
  `user_id` bigint DEFAULT NULL,
  `supplier_id` bigint DEFAULT NULL,
  PRIMARY KEY (`buy_order_id`),
  KEY `buy_order_user_id_index` (`user_id`),
  KEY `buy_order_supplier_id_index` (`supplier_id`),
  CONSTRAINT `FK88ltngi7h7dpaxp39mmbey9s` FOREIGN KEY (`supplier_id`) REFERENCES `supplier` (`supplier_id`)
) ENGINE=InnoDB AUTO_INCREMENT=501 DEFAULT CHARSET=utf8mb4 COLLATE=utf8mb4_0900_ai_ci;
/*!40101 SET character_set_client = @saved_cs_client */;

--
-- Dumping data for table `buy_order`
--

LOCK TABLES `buy_order` WRITE;
/*!40000 ALTER TABLE `buy_order` DISABLE KEYS */;
INSERT INTO `buy_order` VALUES (1,'2021-06-15 00:00:00','FINISHED',492000,2,4),(2,'2021-06-16 00:00:00','FINISHED',204000,1,5),(3,'2021-06-18 00:00:00','FINISHED',128000,1,2),(4,'2021-06-19 00:00:00','FINISHED',88000,1,9),(5,'2021-06-20 00:00:00','FINISHED',167000,1,7),(6,'2021-06-21 00:00:00','FINISHED',246000,2,6),(7,'2021-06-22 00:00:00','FINISHED',205000,2,8),(8,'2021-06-23 00:00:00','FINISHED',174000,2,1),(9,'2021-06-24 00:00:00','FINISHED',174000,2,2),(10,'2021-06-25 00:00:00','FINISHED',186000,2,4),(11,'2021-06-27 00:00:00','FINISHED',72000,1,10),(12,'2021-06-29 00:00:00','FINISHED',83000,2,7),(13,'2021-07-01 00:00:00','FINISHED',200000,1,7),(14,'2021-07-02 00:00:00','FINISHED',264000,1,8),(15,'2021-07-05 00:00:00','FINISHED',128000,2,3),(16,'2021-07-06 00:00:00','FINISHED',49000,2,1),(17,'2021-07-10 00:00:00','FINISHED',35000,1,5),(18,'2021-07-12 00:00:00','FINISHED',240000,2,6),(19,'2021-07-15 00:00:00','FINISHED',336000,2,9),(20,'2021-07-17 00:00:00','FINISHED',203000,2,8),(21,'2021-10-24 01:55:30','FINISHED',550000,2,69),(22,'2021-08-19 11:48:18','FINISHED',395000,2,64),(23,'2021-10-21 16:02:43','FINISHED',225000,2,9),(24,'2021-08-16 18:41:00','FINISHED',582000,1,55),(25,'2021-09-07 06:06:20','FINISHED',364000,1,46),(26,'2021-09-15 09:46:07','FINISHED',116000,2,67),(27,'2021-07-20 07:15:14','FINISHED',328000,2,94),(28,'2021-08-04 10:20:17','FINISHED',288000,2,71),(29,'2021-08-29 20:46:51','FINISHED',623000,2,69),(30,'2021-08-22 03:23:43','FINISHED',840000,1,35),(31,'2021-09-09 11:13:17','FINISHED',540000,1,67),(32,'2021-08-20 06:49:40','FINISHED',432000,2,30),(33,'2021-11-01 01:15:11','FINISHED',207000,1,46),(34,'2021-10-19 19:56:19','FINISHED',285000,1,41),(35,'2021-08-17 02:48:30','FINISHED',742000,2,67),(36,'2021-10-04 08:00:51','FINISHED',330000,2,10),(37,'2021-10-19 15:17:06','FINISHED',511000,2,49),(38,'2021-09-11 20:18:33','FINISHED',504000,2,15),(39,'2021-08-29 20:27:40','FINISHED',480000,1,28),(40,'2021-10-03 19:58:29','FINISHED',534000,1,93),(41,'2021-08-22 19:44:06','FINISHED',644000,2,83),(42,'2021-07-25 23:26:24','FINISHED',340000,1,35),(43,'2021-10-20 12:13:55','FINISHED',90000,1,23),(44,'2021-09-22 16:22:42','FINISHED',204000,2,11),(45,'2021-08-18 09:42:36','FINISHED',153000,1,84),(46,'2021-10-12 06:10:15','FINISHED',60000,1,89),(47,'2021-10-27 18:31:25','FINISHED',742000,2,93),(48,'2021-08-23 20:56:30','FINISHED',600000,2,97),(49,'2021-08-03 09:28:02','FINISHED',588000,2,4),(50,'2021-08-17 04:16:40','FINISHED',392000,2,31),(51,'2021-10-29 12:40:13','FINISHED',324000,2,40),(52,'2021-09-06 09:16:57','FINISHED',660000,1,9),(53,'2021-11-02 14:42:57','FINISHED',36000,2,23),(54,'2021-07-24 09:03:24','FINISHED',240000,1,86),(55,'2021-10-22 04:29:57','FINISHED',105000,2,61),(56,'2021-10-23 14:56:51','FINISHED',588000,2,46),(57,'2021-09-09 13:15:59','FINISHED',186000,1,47),(58,'2021-08-24 02:29:39','FINISHED',480000,2,97),(59,'2021-10-27 17:32:13','FINISHED',600000,1,44),(60,'2021-08-01 06:07:17','FINISHED',336000,1,26),(61,'2021-09-07 14:59:53','FINISHED',297000,1,99),(62,'2021-09-22 03:52:01','FINISHED',616000,2,14),(63,'2021-08-19 14:03:57','FINISHED',336000,2,76),(64,'2021-07-24 10:21:34','FINISHED',424000,2,36),(65,'2021-10-19 00:47:36','FINISHED',276000,2,54),(66,'2021-09-09 18:51:49','FINISHED',35000,1,58),(67,'2021-10-25 05:29:53','FINISHED',207000,2,30),(68,'2021-09-02 20:01:46','FINISHED',100000,2,75),(69,'2021-10-13 21:22:59','FINISHED',380000,1,83),(70,'2021-09-09 20:23:33','FINISHED',666000,2,90),(71,'2021-10-25 05:21:36','FINISHED',225000,1,99),(72,'2021-09-16 06:22:04','FINISHED',200000,1,24),(73,'2021-08-28 09:29:51','FINISHED',396000,2,26),(74,'2021-08-02 02:31:47','FINISHED',450000,2,55),(75,'2021-08-12 23:00:08','FINISHED',425000,1,97),(76,'2021-09-25 19:49:38','FINISHED',332000,2,22),(77,'2021-09-02 22:03:30','FINISHED',336000,1,15),(78,'2021-10-18 12:32:25','FINISHED',400000,1,9),(79,'2021-09-27 07:12:49','FINISHED',410000,2,2),(80,'2021-08-20 20:17:02','FINISHED',440000,2,81),(81,'2021-10-29 19:53:06','FINISHED',339000,1,97),(82,'2021-07-20 05:27:58','FINISHED',525000,2,44),(83,'2021-08-23 01:06:09','FINISHED',445000,2,30),(84,'2021-07-22 21:56:24','FINISHED',651000,1,14),(85,'2021-11-01 02:58:38','FINISHED',365000,2,82),(86,'2021-08-05 03:48:04','FINISHED',92000,2,68),(87,'2021-09-30 12:56:18','FINISHED',504000,1,92),(88,'2021-07-28 08:36:54','FINISHED',339000,1,58),(89,'2021-09-15 15:35:49','FINISHED',120000,2,11),(90,'2021-10-19 09:50:10','FINISHED',532000,1,80),(91,'2021-10-01 15:12:37','FINISHED',372000,1,69),(92,'2021-09-30 00:06:43','FINISHED',410000,1,1),(93,'2021-09-18 09:34:30','FINISHED',660000,2,1),(94,'2021-10-09 12:43:09','FINISHED',340000,1,99),(95,'2021-09-30 14:50:41','FINISHED',532000,2,93),(96,'2021-07-29 00:08:53','FINISHED',770000,1,69),(97,'2021-08-12 16:24:16','FINISHED',504000,1,64),(98,'2021-09-29 12:44:39','FINISHED',456000,1,13),(99,'2021-07-31 00:46:28','FINISHED',456000,1,71),(100,'2021-07-29 04:18:16','FINISHED',505000,1,15),(101,'2021-10-04 12:31:31','FINISHED',535000,2,149),(102,'2021-08-13 20:48:29','FINISHED',248000,2,430),(103,'2021-10-06 01:56:24','FINISHED',180000,2,202),(104,'2021-10-07 06:38:30','FINISHED',204000,1,221),(105,'2021-09-21 01:48:37','FINISHED',200000,2,498),(106,'2021-07-31 00:49:29','FINISHED',648000,1,326),(107,'2021-07-31 08:28:15','FINISHED',448000,1,136),(108,'2021-07-17 04:06:34','FINISHED',330000,2,202),(109,'2021-09-17 08:49:54','FINISHED',38000,1,102),(110,'2021-07-19 11:43:37','FINISHED',318000,1,403),(111,'2021-09-30 14:36:26','FINISHED',285000,2,210),(112,'2021-11-06 17:11:19','FINISHED',200000,1,339),(113,'2021-09-03 11:19:18','FINISHED',50000,1,64),(114,'2021-09-01 00:46:03','FINISHED',580000,2,304),(115,'2021-10-10 17:20:36','FINISHED',240000,1,328),(116,'2021-09-19 15:38:18','FINISHED',324000,1,226),(117,'2021-08-14 13:45:19','FINISHED',432000,1,146),(118,'2021-10-30 13:51:27','FINISHED',72000,1,52),(119,'2021-10-16 15:47:51','FINISHED',528000,1,323),(120,'2021-07-22 03:28:57','FINISHED',252000,1,458),(121,'2021-11-10 19:26:45','FINISHED',220000,1,318),(122,'2021-09-20 04:59:36','FINISHED',176000,1,217),(123,'2021-07-23 12:10:36','FINISHED',126000,1,131),(124,'2021-11-07 23:47:42','FINISHED',182000,1,3),(125,'2021-10-07 18:01:25','FINISHED',294000,1,123),(126,'2021-08-04 20:30:13','FINISHED',124000,2,103),(127,'2021-10-28 02:46:50','FINISHED',480000,1,147),(128,'2021-11-05 16:35:24','FINISHED',336000,1,426),(129,'2021-08-07 18:19:33','FINISHED',440000,2,186),(130,'2021-11-08 08:03:25','FINISHED',264000,1,155),(131,'2021-09-02 21:27:31','FINISHED',145000,1,214),(132,'2021-11-17 13:31:46','FINISHED',117000,2,107),(133,'2021-09-07 20:22:22','FINISHED',212000,1,391),(134,'2021-08-19 07:37:04','FINISHED',295000,2,134),(135,'2021-09-21 07:52:51','FINISHED',540000,2,496),(136,'2021-09-21 07:46:54','FINISHED',585000,1,76),(137,'2021-07-26 22:10:11','FINISHED',460000,2,393),(138,'2021-07-29 11:29:42','FINISHED',100000,2,234),(139,'2021-08-06 18:33:41','FINISHED',245000,2,494),(140,'2021-09-19 00:58:15','FINISHED',159000,2,266),(141,'2021-11-24 02:39:07','FINISHED',316000,1,349),(142,'2021-07-25 07:06:46','FINISHED',436000,2,445),(143,'2021-07-26 06:58:48','FINISHED',408000,1,180),(144,'2021-09-14 20:05:28','FINISHED',345000,1,63),(145,'2021-08-29 06:15:59','FINISHED',216000,2,274),(146,'2021-09-02 18:42:52','FINISHED',108000,2,181),(147,'2021-10-29 20:48:03','FINISHED',220000,2,83),(148,'2021-08-31 14:16:09','FINISHED',444000,2,369),(149,'2021-10-15 05:27:26','FINISHED',160000,2,98),(150,'2021-09-12 06:28:31','FINISHED',64000,1,381),(151,'2021-10-04 02:18:29','FINISHED',93000,1,110),(152,'2021-09-08 15:06:51','FINISHED',156000,2,406),(153,'2021-11-05 13:34:09','FINISHED',192000,2,201),(154,'2021-09-24 03:51:27','FINISHED',160000,2,285),(155,'2021-08-26 23:20:20','FINISHED',104000,2,322),(156,'2021-08-17 03:48:01','FINISHED',282000,2,255),(157,'2021-09-26 02:51:19','FINISHED',448000,2,308),(158,'2021-09-08 23:44:44','FINISHED',312000,2,273),(159,'2021-09-11 15:34:36','FINISHED',160000,2,441),(160,'2021-10-27 18:01:29','FINISHED',186000,2,385),(161,'2021-11-04 09:58:32','FINISHED',480000,1,100),(162,'2021-10-20 06:43:28','FINISHED',300000,2,347),(163,'2021-08-22 00:26:53','FINISHED',606000,2,434),(164,'2021-10-09 00:14:46','FINISHED',392000,2,126),(165,'2021-08-30 14:19:30','FINISHED',492000,1,331),(166,'2021-09-29 18:06:16','FINISHED',340000,1,275),(167,'2021-08-22 04:21:40','FINISHED',152000,1,383),(168,'2021-11-10 21:06:26','FINISHED',372000,1,91),(169,'2021-09-13 05:05:27','FINISHED',368000,2,302),(170,'2021-10-08 16:26:08','FINISHED',445000,2,236),(171,'2021-10-27 00:31:39','FINISHED',96000,1,277),(172,'2021-09-14 00:30:41','FINISHED',376000,1,174),(173,'2021-07-24 00:18:26','FINISHED',213000,2,38),(174,'2021-09-07 03:20:14','FINISHED',120000,1,166),(175,'2021-08-22 04:55:38','FINISHED',678000,1,218),(176,'2021-08-13 11:45:25','FINISHED',171000,1,91),(177,'2021-09-13 19:27:10','FINISHED',258000,2,301),(178,'2021-07-22 15:23:37','FINISHED',380000,1,232),(179,'2021-08-07 14:31:28','FINISHED',114000,2,258),(180,'2021-08-05 13:46:36','FINISHED',57000,1,91),(181,'2021-11-02 19:17:12','FINISHED',225000,1,180),(182,'2021-10-17 21:34:59','FINISHED',460000,2,127),(183,'2021-11-06 12:23:57','FINISHED',51000,2,93),(184,'2021-08-27 20:57:12','FINISHED',184000,1,84),(185,'2021-08-01 18:39:28','FINISHED',552000,2,140),(186,'2021-09-22 06:28:06','FINISHED',530000,2,447),(187,'2021-10-02 09:49:57','FINISHED',460000,1,315),(188,'2021-08-29 02:38:21','FINISHED',100000,1,232),(189,'2021-11-01 13:44:48','FINISHED',60000,2,216),(190,'2021-11-03 01:59:30','FINISHED',408000,1,382),(191,'2021-11-19 08:38:59','FINISHED',114000,1,262),(192,'2021-11-24 09:50:42','FINISHED',498000,1,162),(193,'2021-09-06 10:10:58','FINISHED',204000,2,24),(194,'2021-09-24 16:56:46','FINISHED',452000,2,134),(195,'2021-08-22 04:52:06','FINISHED',220000,2,98),(196,'2021-11-08 03:19:43','FINISHED',424000,1,87),(197,'2021-07-30 23:30:35','FINISHED',690000,2,140),(198,'2021-09-18 02:33:34','FINISHED',210000,1,439),(199,'2021-08-20 00:13:10','FINISHED',225000,2,272),(200,'2021-08-06 08:10:26','FINISHED',366000,2,46),(201,'2021-08-05 22:33:09','FINISHED',204000,1,413),(202,'2021-10-24 00:47:10','FINISHED',115000,1,426),(203,'2021-10-10 10:27:21','FINISHED',176000,1,392),(204,'2021-11-14 01:33:05','FINISHED',318000,2,178),(205,'2021-08-09 05:47:30','FINISHED',345000,2,216),(206,'2021-10-06 02:36:22','FINISHED',339000,2,47),(207,'2021-11-08 10:45:28','FINISHED',170000,1,85),(208,'2021-10-20 18:58:40','FINISHED',80000,1,284),(209,'2021-09-07 21:16:11','FINISHED',340000,2,163),(210,'2021-09-10 23:50:32','FINISHED',28000,2,465),(211,'2021-10-07 13:09:14','FINISHED',81000,2,336),(212,'2021-09-04 04:30:38','FINISHED',428000,1,284),(213,'2021-09-09 04:22:30','FINISHED',164000,2,412),(214,'2021-09-03 09:49:36','FINISHED',255000,2,205),(215,'2021-08-28 07:30:16','FINISHED',42000,1,290),(216,'2021-08-20 12:55:02','FINISHED',600000,1,334),(217,'2021-09-04 03:31:08','FINISHED',465000,2,300),(218,'2021-07-25 01:54:24','FINISHED',570000,2,496),(219,'2021-08-03 18:35:46','FINISHED',320000,1,79),(220,'2021-09-12 07:07:50','FINISHED',46000,1,407),(221,'2021-08-02 18:54:09','FINISHED',215000,1,297),(222,'2021-11-07 12:22:38','FINISHED',248000,1,262),(223,'2021-09-28 23:15:49','FINISHED',98000,2,422),(224,'2021-11-08 19:09:25','FINISHED',108000,1,321),(225,'2021-09-05 02:18:01','FINISHED',40000,1,340),(226,'2021-07-30 10:29:23','FINISHED',372000,1,238),(227,'2021-11-17 22:02:25','FINISHED',424000,1,168),(228,'2021-09-17 12:17:28','FINISHED',465000,1,124),(229,'2021-08-31 21:05:23','FINISHED',294000,1,117),(230,'2021-07-23 00:41:16','FINISHED',116000,1,213),(231,'2021-10-17 19:33:43','FINISHED',320000,2,212),(232,'2021-07-29 06:47:59','FINISHED',535000,1,423),(233,'2021-09-21 21:06:49','FINISHED',264000,2,478),(234,'2021-08-08 08:20:32','FINISHED',190000,2,120),(235,'2021-07-30 19:29:39','FINISHED',408000,2,164),(236,'2021-08-24 23:11:17','FINISHED',408000,2,459),(237,'2021-09-19 21:16:18','FINISHED',132000,1,305),(238,'2021-10-14 09:15:07','FINISHED',208000,1,145),(239,'2021-11-02 19:27:06','FINISHED',80000,1,313),(240,'2021-09-02 14:25:33','FINISHED',404000,2,126),(241,'2021-09-15 17:52:40','FINISHED',332000,2,193),(242,'2021-07-15 11:20:54','FINISHED',70000,1,84),(243,'2021-10-27 19:49:03','FINISHED',58000,2,344),(244,'2021-10-07 03:45:09','FINISHED',345000,1,464),(245,'2021-08-03 23:41:35','FINISHED',264000,1,290),(246,'2021-07-26 00:55:44','FINISHED',264000,1,56),(247,'2021-09-21 14:24:27','FINISHED',168000,2,410),(248,'2021-08-01 21:33:03','FINISHED',444000,1,383),(249,'2021-08-07 04:57:17','FINISHED',296000,1,183),(250,'2021-07-30 01:02:29','FINISHED',268000,2,266),(251,'2021-11-03 01:13:24','FINISHED',162000,2,282),(252,'2021-10-09 08:11:27','FINISHED',154000,2,109),(253,'2021-09-05 05:26:19','FINISHED',204000,1,198),(254,'2021-11-06 10:49:10','FINISHED',440000,1,162),(255,'2021-11-09 04:26:03','FINISHED',69000,2,216),(256,'2021-11-23 02:32:52','FINISHED',72000,2,96),(257,'2021-09-17 09:26:44','FINISHED',300000,1,330),(258,'2021-10-06 09:28:05','FINISHED',279000,2,359),(259,'2021-10-25 17:33:00','FINISHED',48000,2,308),(260,'2021-11-07 02:08:32','FINISHED',80000,1,461),(261,'2021-08-02 01:22:39','FINISHED',178000,2,379),(262,'2021-10-11 14:17:11','FINISHED',246000,2,15),(263,'2021-11-24 09:46:33','FINISHED',96000,2,434),(264,'2021-09-17 17:01:21','FINISHED',206000,2,127),(265,'2021-07-30 10:20:10','FINISHED',365000,1,331),(266,'2021-08-12 05:12:31','FINISHED',300000,2,273),(267,'2021-11-12 20:12:14','FINISHED',528000,2,372),(268,'2021-09-24 05:22:06','FINISHED',174000,2,41),(269,'2021-10-31 06:47:42','FINISHED',120000,2,89),(270,'2021-11-20 12:22:42','FINISHED',158000,2,322),(271,'2021-10-26 08:50:40','FINISHED',594000,1,340),(272,'2021-07-26 04:54:10','FINISHED',240000,2,234),(273,'2021-10-18 18:05:33','FINISHED',395000,2,152),(274,'2021-11-10 13:53:55','FINISHED',360000,1,57),(275,'2021-07-28 02:17:28','FINISHED',146000,2,327),(276,'2021-09-23 07:48:58','FINISHED',204000,1,463),(277,'2021-08-13 00:23:18','FINISHED',612000,1,334),(278,'2021-10-26 18:26:48','FINISHED',690000,2,279),(279,'2021-08-23 15:46:14','FINISHED',90000,1,392),(280,'2021-09-01 00:26:52','FINISHED',415000,1,123),(281,'2021-08-22 10:19:37','FINISHED',72000,2,438),(282,'2021-10-13 05:39:34','FINISHED',230000,1,323),(283,'2021-08-24 20:33:51','FINISHED',672000,1,298),(284,'2021-08-27 18:51:32','FINISHED',81000,2,23),(285,'2021-10-23 03:16:13','FINISHED',368000,1,221),(286,'2021-08-27 11:24:56','FINISHED',162000,1,33),(287,'2021-08-03 23:29:31','FINISHED',196000,2,4),(288,'2021-08-18 14:06:53','FINISHED',345000,1,420),(289,'2021-11-08 09:06:12','FINISHED',210000,1,86),(290,'2021-08-05 03:31:51','FINISHED',350000,2,169),(291,'2021-07-28 06:59:30','FINISHED',60000,1,87),(292,'2021-10-05 12:43:24','FINISHED',138000,1,427),(293,'2021-10-06 12:02:44','FINISHED',612000,2,374),(294,'2021-09-30 21:43:36','FINISHED',150000,1,88),(295,'2021-09-23 00:09:25','FINISHED',618000,1,318),(296,'2021-09-16 06:48:14','FINISHED',324000,2,324),(297,'2021-09-11 11:36:51','FINISHED',485000,2,167),(298,'2021-09-04 03:44:10','FINISHED',606000,1,362),(299,'2021-09-16 23:29:49','FINISHED',260000,1,309),(300,'2021-08-18 21:59:06','FINISHED',292000,1,458),(301,'2021-09-26 23:41:02','FINISHED',165000,2,364),(302,'2021-11-06 12:17:53','FINISHED',392000,1,444),(303,'2021-08-06 01:34:32','FINISHED',80000,2,130),(304,'2021-11-16 12:36:29','FINISHED',365000,1,315),(305,'2021-09-11 09:21:30','FINISHED',320000,2,186),(306,'2021-10-23 10:37:35','FINISHED',332000,2,485),(307,'2021-07-18 08:10:27','FINISHED',196000,1,367),(308,'2021-09-18 18:21:15','FINISHED',440000,1,377),(309,'2021-07-15 12:46:57','FINISHED',160000,2,283),(310,'2021-10-16 01:38:50','FINISHED',114000,1,284),(311,'2021-10-13 12:53:20','FINISHED',46000,2,72),(312,'2021-11-24 23:43:07','FINISHED',155000,2,6),(313,'2021-07-23 20:04:02','FINISHED',166000,1,314),(314,'2021-10-22 20:49:47','FINISHED',460000,1,50),(315,'2021-08-11 21:22:43','FINISHED',106000,1,309),(316,'2021-11-24 18:18:17','FINISHED',404000,2,396),(317,'2021-09-08 14:58:53','FINISHED',58000,2,49),(318,'2021-10-13 20:21:21','FINISHED',332000,2,60),(319,'2021-10-26 05:06:57','FINISHED',324000,1,151),(320,'2021-09-14 01:22:04','FINISHED',50000,1,74),(321,'2021-10-10 00:06:04','FINISHED',168000,2,415),(322,'2021-11-18 08:39:54','FINISHED',204000,1,353),(323,'2021-09-02 05:39:31','FINISHED',60000,2,21),(324,'2021-11-22 20:06:52','FINISHED',636000,1,43),(325,'2021-07-17 14:26:58','FINISHED',64000,1,154),(326,'2021-09-02 08:58:01','FINISHED',300000,2,138),(327,'2021-10-06 05:32:56','FINISHED',306000,2,230),(328,'2021-08-09 12:13:11','FINISHED',306000,2,234),(329,'2021-07-25 07:50:02','FINISHED',249000,1,479),(330,'2021-07-26 16:28:38','FINISHED',294000,1,194),(331,'2021-11-02 15:11:52','FINISHED',500000,1,31),(332,'2021-07-20 21:47:48','FINISHED',348000,1,74),(333,'2021-11-14 22:45:07','FINISHED',396000,2,274),(334,'2021-08-31 20:45:32','FINISHED',492000,2,149),(335,'2021-10-25 07:21:05','FINISHED',46000,2,421),(336,'2021-10-22 01:31:50','FINISHED',240000,1,159),(337,'2021-08-18 22:47:14','FINISHED',174000,1,31),(338,'2021-11-14 19:25:51','FINISHED',318000,2,176),(339,'2021-09-21 01:02:56','FINISHED',535000,2,289),(340,'2021-08-19 20:38:19','FINISHED',612000,2,414),(341,'2021-08-10 04:59:52','FINISHED',642000,1,203),(342,'2021-08-17 08:46:35','FINISHED',48000,2,273),(343,'2021-08-26 11:43:33','FINISHED',212000,2,256),(344,'2021-07-31 12:01:56','FINISHED',558000,1,460),(345,'2021-08-19 06:24:19','FINISHED',636000,1,33),(346,'2021-10-01 18:05:03','FINISHED',404000,2,285),(347,'2021-09-16 05:56:49','FINISHED',315000,2,324),(348,'2021-11-22 21:42:02','FINISHED',144000,2,264),(349,'2021-08-20 10:02:00','FINISHED',282000,2,347),(350,'2021-10-09 16:25:21','FINISHED',273000,2,443),(351,'2021-07-17 14:23:58','FINISHED',144000,2,172),(352,'2021-07-18 21:33:37','FINISHED',226000,1,33),(353,'2021-11-02 19:22:33','FINISHED',82000,2,149),(354,'2021-09-06 01:09:48','FINISHED',372000,1,146),(355,'2021-10-06 02:05:07','FINISHED',456000,1,281),(356,'2021-11-22 14:41:56','FINISHED',595000,1,466),(357,'2021-10-24 09:54:41','FINISHED',357000,1,486),(358,'2021-08-18 00:32:13','FINISHED',504000,1,34),(359,'2021-08-10 07:57:28','FINISHED',81000,2,208),(360,'2021-10-10 18:56:24','FINISHED',474000,2,441),(361,'2021-09-27 14:35:45','FINISHED',60000,1,79),(362,'2021-08-14 23:26:06','FINISHED',174000,2,70),(363,'2021-07-21 19:16:42','FINISHED',208000,2,115),(364,'2021-09-28 19:25:46','FINISHED',72000,1,362),(365,'2021-09-27 07:05:37','FINISHED',76000,1,466),(366,'2021-07-25 01:03:59','FINISHED',424000,1,245),(367,'2021-08-02 00:04:21','FINISHED',292000,2,324),(368,'2021-10-22 19:03:45','FINISHED',138000,2,385),(369,'2021-10-28 16:12:09','FINISHED',46000,2,451),(370,'2021-11-09 21:39:34','FINISHED',318000,1,102),(371,'2021-09-04 08:57:56','FINISHED',204000,1,157),(372,'2021-10-05 23:03:27','FINISHED',156000,1,479),(373,'2021-11-20 14:55:36','FINISHED',124000,2,421),(374,'2021-10-09 06:07:56','FINISHED',170000,2,167),(375,'2021-11-08 07:18:25','FINISHED',444000,1,73),(376,'2021-08-30 15:55:49','FINISHED',350000,2,364),(377,'2021-09-15 18:34:14','FINISHED',575000,2,99),(378,'2021-07-17 13:23:07','FINISHED',180000,2,405),(379,'2021-08-04 14:50:42','FINISHED',210000,1,226),(380,'2021-08-21 02:28:06','FINISHED',124000,2,414),(381,'2021-08-09 19:57:22','FINISHED',124000,1,392),(382,'2021-10-08 00:19:42','FINISHED',100000,2,216),(383,'2021-11-12 04:18:28','FINISHED',468000,1,404),(384,'2021-08-30 09:07:15','FINISHED',448000,1,370),(385,'2021-11-03 10:14:25','FINISHED',606000,2,140),(386,'2021-10-03 01:03:54','FINISHED',160000,1,88),(387,'2021-07-17 09:42:42','FINISHED',384000,1,22),(388,'2021-08-22 13:31:42','FINISHED',62000,2,344),(389,'2021-07-26 21:57:18','FINISHED',600000,1,153),(390,'2021-07-23 16:13:56','FINISHED',231000,1,232),(391,'2021-11-10 20:38:03','FINISHED',156000,2,202),(392,'2021-10-07 00:41:08','FINISHED',116000,1,315),(393,'2021-10-25 13:59:32','FINISHED',213000,2,465),(394,'2021-11-18 08:02:18','FINISHED',450000,1,380),(395,'2021-11-18 07:43:11','FINISHED',456000,2,7),(396,'2021-08-16 13:27:27','FINISHED',62000,2,394),(397,'2021-07-20 13:25:47','FINISHED',642000,1,448),(398,'2021-08-30 07:10:52','FINISHED',198000,2,58),(399,'2021-10-11 08:37:29','FINISHED',154000,1,444),(400,'2021-07-24 05:45:40','FINISHED',116000,2,46),(401,'2021-08-27 20:16:17','FINISHED',228000,1,397),(402,'2021-08-18 06:10:55','FINISHED',150000,2,347),(403,'2021-10-19 23:13:11','FINISHED',123000,1,42),(404,'2021-08-24 05:37:50','FINISHED',172000,1,170),(405,'2021-07-22 14:41:29','FINISHED',606000,1,224),(406,'2021-10-18 06:51:16','FINISHED',164000,1,108),(407,'2021-08-14 00:49:29','FINISHED',42000,1,370),(408,'2021-10-09 07:10:38','FINISHED',147000,1,22),(409,'2021-10-20 00:49:25','FINISHED',106000,1,2),(410,'2021-09-25 04:55:00','FINISHED',232000,2,443),(411,'2021-09-11 19:23:09','FINISHED',234000,2,210),(412,'2021-11-20 07:34:47','FINISHED',294000,1,221),(413,'2021-10-09 08:06:17','FINISHED',228000,2,472),(414,'2021-11-21 16:53:29','FINISHED',366000,1,198),(415,'2021-09-24 03:02:56','FINISHED',368000,2,71),(416,'2021-10-19 23:05:55','FINISHED',174000,2,263),(417,'2021-07-15 00:27:48','FINISHED',345000,2,99),(418,'2021-09-07 19:59:20','FINISHED',294000,2,208),(419,'2021-07-26 20:37:09','FINISHED',252000,2,243),(420,'2021-09-17 22:49:16','FINISHED',308000,1,91),(421,'2021-10-20 01:47:21','FINISHED',352000,1,226),(422,'2021-11-24 09:03:01','FINISHED',400000,1,357),(423,'2021-09-19 14:19:43','FINISHED',84000,2,104),(424,'2021-11-18 07:22:49','FINISHED',336000,2,452),(425,'2021-11-18 08:44:47','FINISHED',522000,1,444),(426,'2021-09-09 00:33:10','FINISHED',216000,1,363),(427,'2021-07-25 13:03:11','FINISHED',330000,2,485),(428,'2021-10-06 07:05:31','FINISHED',660000,1,333),(429,'2021-09-10 17:27:43','FINISHED',180000,1,209),(430,'2021-09-23 08:15:42','FINISHED',231000,2,46),(431,'2021-10-09 14:05:16','FINISHED',110000,1,102),(432,'2021-09-04 03:37:59','FINISHED',96000,1,373),(433,'2021-07-26 21:41:58','FINISHED',310000,1,57),(434,'2021-07-15 23:09:14','FINISHED',348000,2,167),(435,'2021-09-08 21:07:05','FINISHED',69000,2,165),(436,'2021-07-22 11:06:44','FINISHED',342000,2,322),(437,'2021-11-24 15:11:18','FINISHED',234000,2,113),(438,'2021-07-25 02:00:50','FINISHED',228000,2,101),(439,'2021-09-04 09:52:54','FINISHED',430000,2,167),(440,'2021-11-13 00:41:25','FINISHED',204000,1,28),(441,'2021-07-19 17:08:43','FINISHED',90000,2,140),(442,'2021-09-28 19:13:21','FINISHED',92000,1,114),(443,'2021-11-21 15:08:13','FINISHED',120000,1,151),(444,'2021-08-22 19:04:21','FINISHED',294000,2,412),(445,'2021-11-18 04:36:48','FINISHED',128000,1,108),(446,'2021-08-02 18:08:45','FINISHED',228000,2,300),(447,'2021-07-28 21:57:19','FINISHED',642000,1,179),(448,'2021-11-07 20:45:51','FINISHED',192000,1,493),(449,'2021-09-28 09:58:19','FINISHED',84000,2,429),(450,'2021-08-28 04:53:33','FINISHED',303000,1,166),(451,'2021-09-03 11:18:45','FINISHED',684000,2,41),(452,'2021-08-07 05:49:47','FINISHED',51000,1,206),(453,'2021-08-01 05:06:59','FINISHED',316000,2,406),(454,'2021-09-29 18:29:53','FINISHED',558000,2,414),(455,'2021-09-20 08:01:27','FINISHED',425000,1,350),(456,'2021-07-20 23:21:11','FINISHED',312000,2,6),(457,'2021-10-06 20:41:34','FINISHED',385000,1,481),(458,'2021-11-05 16:13:30','FINISHED',154000,2,387),(459,'2021-10-23 13:38:46','FINISHED',315000,1,492),(460,'2021-09-06 20:48:01','FINISHED',404000,1,298),(461,'2021-10-05 03:35:12','FINISHED',52000,2,15),(462,'2021-11-18 02:57:32','FINISHED',168000,2,181),(463,'2021-08-18 17:13:10','FINISHED',498000,1,360),(464,'2021-11-08 23:13:46','FINISHED',230000,1,254),(465,'2021-10-12 03:30:20','FINISHED',210000,2,189),(466,'2021-11-24 14:11:28','FINISHED',230000,1,185),(467,'2021-09-14 11:07:31','FINISHED',252000,1,357),(468,'2021-08-17 19:13:15','FINISHED',276000,2,229),(469,'2021-11-23 11:33:37','FINISHED',436000,1,73),(470,'2021-09-08 09:59:11','FINISHED',306000,2,176),(471,'2021-09-29 12:29:00','FINISHED',136000,2,164),(472,'2021-11-01 08:30:00','FINISHED',288000,2,288),(473,'2021-07-28 21:24:41','FINISHED',580000,2,450),(474,'2021-08-24 20:17:44','FINISHED',360000,2,386),(475,'2021-11-08 23:53:04','FINISHED',372000,1,78),(476,'2021-11-06 00:23:20','FINISHED',184000,1,232),(477,'2021-08-29 01:35:32','FINISHED',296000,2,425),(478,'2021-09-14 01:19:03','FINISHED',154000,2,430),(479,'2021-08-06 22:55:08','FINISHED',87000,1,375),(480,'2021-11-07 13:28:28','FINISHED',205000,2,82),(481,'2021-10-18 05:13:02','FINISHED',202000,1,286),(482,'2021-08-30 21:30:18','FINISHED',714000,1,183),(483,'2021-10-10 21:14:49','FINISHED',204000,1,55),(484,'2021-10-27 10:37:33','FINISHED',288000,1,226),(485,'2021-09-03 13:06:05','FINISHED',82000,1,467),(486,'2021-11-08 01:08:10','FINISHED',332000,1,155),(487,'2021-09-28 08:02:54','FINISHED',232000,1,373),(488,'2021-08-14 06:48:45','FINISHED',450000,2,402),(489,'2021-10-14 03:48:08','FINISHED',141000,1,388),(490,'2021-10-09 11:47:44','FINISHED',252000,2,234),(491,'2021-10-08 02:46:41','FINISHED',450000,2,7),(492,'2021-10-29 01:03:49','FINISHED',444000,1,331),(493,'2021-07-22 22:48:47','FINISHED',364000,1,135),(494,'2021-10-27 17:22:01','FINISHED',186000,2,181),(495,'2021-11-20 17:21:10','FINISHED',99000,1,1),(496,'2021-10-26 16:21:46','FINISHED',321000,2,459),(497,'2021-09-25 00:50:41','FINISHED',105000,2,291),(498,'2021-10-28 08:29:12','FINISHED',240000,1,80),(499,'2021-10-20 15:20:43','FINISHED',380000,1,27),(500,'2021-10-19 20:40:53','FINISHED',535000,2,393);
/*!40000 ALTER TABLE `buy_order` ENABLE KEYS */;
UNLOCK TABLES;

--
-- Table structure for table `buy_order_item`
--

DROP TABLE IF EXISTS `buy_order_item`;
/*!40101 SET @saved_cs_client     = @@character_set_client */;
/*!50503 SET character_set_client = utf8mb4 */;
CREATE TABLE `buy_order_item` (
  `buy_order_item_id` bigint NOT NULL AUTO_INCREMENT,
  `creation_time` datetime DEFAULT NULL,
  `price_per_unit` double DEFAULT NULL,
  `quantity` int DEFAULT NULL,
  `supplier_id` bigint DEFAULT NULL,
  `user_id` bigint DEFAULT NULL,
  `buy_order_id` bigint DEFAULT NULL,
  `ingredient_id` bigint DEFAULT NULL,
  PRIMARY KEY (`buy_order_item_id`),
  KEY `buy_order_item_buy_order_id_index` (`buy_order_id`),
  KEY `buy_order_item_user_id_index` (`user_id`),
  KEY `FKq1mhy6rlxhacj77hbd462nry2` (`ingredient_id`),
  CONSTRAINT `FK32250op8ovrywbl2atdcayg8d` FOREIGN KEY (`buy_order_id`) REFERENCES `buy_order` (`buy_order_id`),
  CONSTRAINT `FKq1mhy6rlxhacj77hbd462nry2` FOREIGN KEY (`ingredient_id`) REFERENCES `ingredient` (`ingredient_id`)
) ENGINE=InnoDB AUTO_INCREMENT=531 DEFAULT CHARSET=utf8mb4 COLLATE=utf8mb4_0900_ai_ci;
/*!40101 SET character_set_client = @saved_cs_client */;

--
-- Dumping data for table `buy_order_item`
--

LOCK TABLES `buy_order_item` WRITE;
/*!40000 ALTER TABLE `buy_order_item` DISABLE KEYS */;
INSERT INTO `buy_order_item` VALUES (1,'2021-06-15 00:00:00',30000,4,4,2,1,2),(2,'2021-06-15 00:00:00',62000,6,4,1,1,1),(3,'2021-06-16 00:00:00',51000,4,5,2,2,5),(4,'2021-06-18 00:00:00',32000,4,2,1,3,6),(5,'2021-06-19 00:00:00',22000,4,9,1,4,4),(6,'2021-06-20 00:00:00',15000,5,7,1,5,9),(7,'2021-06-20 00:00:00',23000,4,7,2,5,10),(8,'2021-06-21 00:00:00',41000,6,6,1,6,3),(9,'2021-06-22 00:00:00',41000,5,8,2,7,3),(10,'2021-06-23 00:00:00',29000,6,1,2,8,12),(11,'2021-06-24 00:00:00',29000,6,2,1,9,12),(12,'2021-06-25 00:00:00',31000,6,4,1,10,11),(13,'2021-06-27 00:00:00',12000,6,10,1,11,7),(14,'2021-06-29 00:00:00',7000,5,7,2,12,8),(15,'2021-06-29 00:00:00',12000,4,7,1,12,7),(16,'2021-07-01 00:00:00',40000,5,7,2,13,14),(17,'2021-07-02 00:00:00',44000,6,8,2,14,13),(18,'2021-07-05 00:00:00',32000,4,3,2,15,6),(19,'2021-07-06 00:00:00',7000,7,1,1,16,8),(20,'2021-07-10 00:00:00',7000,5,5,1,17,8),(21,'2021-07-12 00:00:00',60000,4,6,2,18,15),(22,'2021-07-15 00:00:00',51000,4,9,1,19,5),(23,'2021-07-15 00:00:00',22000,6,9,2,19,4),(24,'2021-07-17 00:00:00',32000,4,8,1,20,6),(25,'2021-07-17 00:00:00',15000,5,8,2,20,9),(26,'2021-06-15 00:00:00',30000,4,4,2,1,2),(27,'2021-06-15 00:00:00',62000,6,4,1,1,1),(28,'2021-06-16 00:00:00',51000,4,5,2,2,5),(29,'2021-06-18 00:00:00',32000,4,2,1,3,6),(30,'2021-06-19 00:00:00',22000,4,9,1,4,4),(31,'2021-06-20 00:00:00',15000,5,7,2,5,9),(32,'2021-06-20 00:00:00',23000,4,7,1,5,10),(33,'2021-06-21 00:00:00',41000,6,6,1,6,3),(34,'2021-06-22 00:00:00',41000,5,8,1,7,3),(35,'2021-06-23 00:00:00',29000,6,1,1,8,12),(36,'2021-06-24 00:00:00',29000,6,2,1,9,12),(37,'2021-06-25 00:00:00',31000,6,4,2,10,11),(38,'2021-06-27 00:00:00',12000,6,10,2,11,7),(39,'2021-06-29 00:00:00',7000,5,7,2,12,8),(40,'2021-06-29 00:00:00',12000,4,7,2,12,7),(41,'2021-07-01 00:00:00',40000,5,7,1,13,14),(42,'2021-07-02 00:00:00',44000,6,8,2,14,13),(43,'2021-07-05 00:00:00',32000,4,3,1,15,6),(44,'2021-07-06 00:00:00',7000,7,1,1,16,8),(45,'2021-07-10 00:00:00',7000,5,5,2,17,8),(46,'2021-07-12 00:00:00',60000,4,6,1,18,15),(47,'2021-07-15 00:00:00',51000,4,9,2,19,5),(48,'2021-07-15 00:00:00',22000,6,9,1,19,4),(49,'2021-07-17 00:00:00',32000,4,8,1,20,6),(50,'2021-07-17 00:00:00',15000,5,8,2,20,9),(51,'2021-10-24 01:55:30',110000,5,69,1,21,90),(52,'2021-08-19 11:48:18',79000,5,64,2,22,23),(53,'2021-10-21 16:02:43',75000,3,9,2,23,41),(54,'2021-08-16 18:41:00',97000,6,55,1,24,38),(55,'2021-09-07 06:06:20',91000,4,46,2,25,65),(56,'2021-09-15 09:46:07',29000,4,67,1,26,12),(57,'2021-07-20 07:15:14',82000,4,94,1,27,62),(58,'2021-08-04 10:20:17',72000,4,71,1,28,76),(59,'2021-08-29 20:46:51',89000,7,69,2,29,91),(60,'2021-08-22 03:23:43',120000,7,35,1,30,30),(61,'2021-09-09 11:13:17',90000,6,67,1,31,73),(62,'2021-08-20 06:49:40',72000,6,30,1,32,76),(63,'2021-11-01 01:15:11',69000,3,46,2,33,61),(64,'2021-10-19 19:56:19',95000,3,41,2,34,74),(65,'2021-08-17 02:48:30',106000,7,67,1,35,88),(66,'2021-10-04 08:00:51',110000,3,10,2,36,17),(67,'2021-10-19 15:17:06',73000,7,49,1,37,22),(68,'2021-09-11 20:18:33',72000,7,15,1,38,59),(69,'2021-08-29 20:27:40',120000,4,28,1,39,30),(70,'2021-10-03 19:58:29',89000,6,93,1,40,69),(71,'2021-08-22 19:44:06',92000,7,83,1,41,57),(72,'2021-07-25 23:26:24',85000,4,35,2,42,75),(73,'2021-10-20 12:13:55',15000,6,23,1,43,6),(74,'2021-09-22 16:22:42',51000,4,11,1,44,5),(75,'2021-08-18 09:42:36',51000,3,84,1,45,5),(76,'2021-10-12 06:10:15',15000,4,89,1,46,9),(77,'2021-10-27 18:31:25',106000,7,93,2,47,32),(78,'2021-08-23 20:56:30',120000,5,97,1,48,30),(79,'2021-08-03 09:28:02',84000,7,4,1,49,55),(80,'2021-08-17 04:16:40',98000,4,31,1,50,82),(81,'2021-10-29 12:40:13',81000,4,40,1,51,48),(82,'2021-09-06 09:16:57',110000,6,9,1,52,90),(83,'2021-11-02 14:42:57',12000,3,23,1,53,7),(84,'2021-07-24 09:03:24',80000,3,86,2,54,66),(85,'2021-10-22 04:29:57',15000,7,61,2,55,9),(86,'2021-10-23 14:56:51',84000,7,46,1,56,46),(87,'2021-09-09 13:15:59',62000,3,47,2,57,1),(88,'2021-08-24 02:29:39',80000,6,97,1,58,66),(89,'2021-10-27 17:32:13',100000,6,44,2,59,26),(90,'2021-08-01 06:07:17',84000,4,26,2,60,31),(91,'2021-09-07 14:59:53',99000,3,99,1,61,77),(92,'2021-09-22 03:52:01',88000,7,14,2,62,93),(93,'2021-08-19 14:03:57',84000,4,76,1,63,35),(94,'2021-07-24 10:21:34',106000,4,36,2,64,92),(95,'2021-10-19 00:47:36',92000,3,54,2,65,57),(96,'2021-09-09 18:51:49',7000,5,58,2,66,8),(97,'2021-10-25 05:29:53',69000,3,30,1,67,68),(98,'2021-09-02 20:01:46',25000,4,75,1,68,16),(99,'2021-10-13 21:22:59',95000,4,83,1,69,74),(100,'2021-09-09 20:23:33',111000,6,90,1,70,24),(101,'2021-10-25 05:21:36',75000,3,99,2,71,97),(102,'2021-09-16 06:22:04',40000,5,24,1,72,14),(103,'2021-08-28 09:29:51',99000,4,26,2,73,77),(104,'2021-08-02 02:31:47',75000,6,55,1,74,41),(105,'2021-08-12 23:00:08',85000,5,97,1,75,75),(106,'2021-09-25 19:49:38',83000,4,22,2,76,50),(107,'2021-09-02 22:03:30',112000,3,15,2,77,27),(108,'2021-10-18 12:32:25',80000,5,9,2,78,84),(109,'2021-09-27 07:12:49',82000,5,2,2,79,39),(110,'2021-08-20 20:17:02',88000,5,81,1,80,42),(111,'2021-10-29 19:53:06',113000,3,97,2,81,94),(112,'2021-07-20 05:27:58',75000,7,44,2,82,41),(113,'2021-08-23 01:06:09',89000,5,30,2,83,25),(114,'2021-07-22 21:56:24',93000,7,14,1,84,99),(115,'2021-11-01 02:58:38',73000,5,82,1,85,22),(116,'2021-08-05 03:48:04',23000,4,68,1,86,10),(117,'2021-09-30 12:56:18',84000,6,92,1,87,85),(118,'2021-07-28 08:36:54',113000,3,58,1,88,94),(119,'2021-09-15 15:35:49',40000,3,11,1,89,14),(120,'2021-10-19 09:50:10',76000,7,80,2,90,89),(121,'2021-10-01 15:12:37',62000,6,69,1,91,1),(122,'2021-09-30 00:06:43',82000,5,1,1,92,39),(123,'2021-09-18 09:34:30',110000,6,1,2,93,90),(124,'2021-10-09 12:43:09',68000,5,99,1,94,34),(125,'2021-09-30 14:50:41',76000,7,93,2,95,98),(126,'2021-07-29 00:08:53',110000,7,69,1,96,90),(127,'2021-08-12 16:24:16',84000,6,64,1,97,54),(128,'2021-09-29 12:44:39',76000,6,13,1,98,98),(129,'2021-07-31 00:46:28',76000,6,71,2,99,29),(130,'2021-07-29 04:18:16',101000,5,15,2,100,52),(131,'2021-10-04 12:31:31',107000,5,149,2,101,498),(132,'2021-08-13 20:48:29',62000,4,430,2,102,409),(133,'2021-10-06 01:56:24',90000,2,202,2,103,53),(134,'2021-10-07 06:38:30',68000,3,221,1,104,34),(135,'2021-09-21 01:48:37',40000,5,498,2,105,14),(136,'2021-07-31 00:49:29',108000,6,326,1,106,465),(137,'2021-07-31 08:28:15',112000,4,136,1,107,282),(138,'2021-07-17 04:06:34',110000,3,202,2,108,17),(139,'2021-09-17 08:49:54',19000,2,102,1,109,238),(140,'2021-07-19 11:43:37',53000,6,403,1,110,140),(141,'2021-09-30 14:36:26',95000,3,210,2,111,482),(142,'2021-11-06 17:11:19',50000,4,339,1,112,493),(143,'2021-09-03 11:19:18',25000,2,64,1,113,16),(144,'2021-09-01 00:46:03',116000,5,304,2,114,100),(145,'2021-10-10 17:20:36',80000,3,328,1,115,453),(146,'2021-09-19 15:38:18',108000,3,226,1,116,465),(147,'2021-08-14 13:45:19',108000,4,146,1,117,465),(148,'2021-10-30 13:51:27',18000,4,52,1,118,429),(149,'2021-10-16 15:47:51',88000,6,323,1,119,252),(150,'2021-07-22 03:28:57',42000,6,458,1,120,469),(151,'2021-11-10 19:26:45',110000,2,318,1,121,90),(152,'2021-09-20 04:59:36',88000,2,217,1,122,42),(153,'2021-07-23 12:10:36',63000,2,131,1,123,441),(154,'2021-11-07 23:47:42',91000,2,3,1,124,79),(155,'2021-10-07 18:01:25',98000,3,123,1,125,72),(156,'2021-08-04 20:30:13',62000,2,103,2,126,120),(157,'2021-10-28 02:46:50',120000,4,147,1,127,383),(158,'2021-11-05 16:35:24',84000,4,426,1,128,54),(159,'2021-08-07 18:19:33',110000,4,186,2,129,122),(160,'2021-11-08 08:03:25',66000,4,155,1,130,446),(161,'2021-09-02 21:27:31',29000,5,214,1,131,366),(162,'2021-11-17 13:31:46',39000,3,107,2,132,490),(163,'2021-09-07 20:22:22',53000,4,391,1,133,353),(164,'2021-08-19 07:37:04',59000,5,134,2,134,296),(165,'2021-09-21 07:52:51',90000,6,496,2,135,417),(166,'2021-09-21 07:46:54',117000,5,76,1,136,200),(167,'2021-07-26 22:10:11',115000,4,393,2,137,245),(168,'2021-07-29 11:29:42',25000,4,234,2,138,126),(169,'2021-08-06 18:33:41',49000,5,494,2,139,396),(170,'2021-09-19 00:58:15',53000,3,266,2,140,102),(171,'2021-11-24 02:39:07',79000,4,349,1,141,321),(172,'2021-07-25 07:06:46',109000,4,445,2,142,300),(173,'2021-07-26 06:58:48',68000,6,180,1,143,34),(174,'2021-09-14 20:05:28',69000,5,63,1,144,271),(175,'2021-08-29 06:15:59',72000,3,274,2,145,254),(176,'2021-09-02 18:42:52',27000,4,181,2,146,455),(177,'2021-10-29 20:48:03',44000,5,83,2,147,13),(178,'2021-08-31 14:16:09',74000,6,369,2,148,198),(179,'2021-10-15 05:27:26',32000,5,98,2,149,452),(180,'2021-09-12 06:28:31',16000,4,381,1,150,166),(181,'2021-10-04 02:18:29',31000,3,110,1,151,471),(182,'2021-09-08 15:06:51',52000,3,406,2,152,359),(183,'2021-11-05 13:34:09',96000,2,201,2,153,379),(184,'2021-09-24 03:51:27',32000,5,285,2,154,320),(185,'2021-08-26 23:20:20',52000,2,322,2,155,463),(186,'2021-08-17 03:48:01',94000,3,255,2,156,355),(187,'2021-09-26 02:51:19',112000,4,308,2,157,385),(188,'2021-09-08 23:44:44',52000,6,273,2,158,359),(189,'2021-09-11 15:34:36',40000,4,441,2,159,139),(190,'2021-10-27 18:01:29',93000,2,385,2,160,118),(191,'2021-11-04 09:58:32',120000,4,100,1,161,174),(192,'2021-10-20 06:43:28',60000,5,347,2,162,15),(193,'2021-08-22 00:26:53',101000,6,434,2,163,52),(194,'2021-10-09 00:14:46',98000,4,126,2,164,215),(195,'2021-08-30 14:19:30',82000,6,331,1,165,419),(196,'2021-09-29 18:06:16',68000,5,275,1,166,450),(197,'2021-08-22 04:21:40',76000,2,383,1,167,492),(198,'2021-11-10 21:06:26',62000,6,91,1,168,109),(199,'2021-09-13 05:05:27',92000,4,302,2,169,71),(200,'2021-10-08 16:26:08',89000,5,236,2,170,25),(201,'2021-10-27 00:31:39',16000,6,277,1,171,412),(202,'2021-09-14 00:30:41',94000,4,174,1,172,487),(203,'2021-07-24 00:18:26',71000,3,38,2,173,195),(204,'2021-09-07 03:20:14',40000,3,166,1,174,14),(205,'2021-08-22 04:55:38',113000,6,218,1,175,483),(206,'2021-08-13 11:45:25',57000,3,91,1,176,375),(207,'2021-09-13 19:27:10',43000,6,301,2,177,425),(208,'2021-07-22 15:23:37',95000,4,232,1,178,500),(209,'2021-08-07 14:31:28',19000,6,258,2,179,222),(210,'2021-08-05 13:46:36',19000,3,91,1,180,111),(211,'2021-11-02 19:17:12',75000,3,180,1,181,387),(212,'2021-10-17 21:34:59',92000,5,127,2,182,101),(213,'2021-11-06 12:23:57',17000,3,93,2,183,345),(214,'2021-08-27 20:57:12',92000,2,84,1,184,421),(215,'2021-08-01 18:39:28',92000,6,140,2,185,71),(216,'2021-09-22 06:28:06',106000,5,447,2,186,92),(217,'2021-10-02 09:49:57',115000,4,315,1,187,245),(218,'2021-08-29 02:38:21',20000,5,232,1,188,448),(219,'2021-11-01 13:44:48',12000,5,216,2,189,7),(220,'2021-11-03 01:59:30',102000,4,382,1,190,190),(221,'2021-11-19 08:38:59',38000,3,262,1,191,426),(222,'2021-11-24 09:50:42',83000,6,162,1,192,63),(223,'2021-09-06 10:10:58',68000,3,24,2,193,34),(224,'2021-09-24 16:56:46',113000,4,134,2,194,483),(225,'2021-08-22 04:52:06',110000,2,98,2,195,312),(226,'2021-11-08 03:19:43',106000,4,87,1,196,108),(227,'2021-07-30 23:30:35',115000,6,140,2,197,107),(228,'2021-09-18 02:33:34',105000,2,439,1,198,208),(229,'2021-08-20 00:13:10',75000,3,272,2,199,221),(230,'2021-08-06 08:10:26',61000,6,46,2,200,479),(231,'2021-08-05 22:33:09',102000,2,413,1,201,234),(232,'2021-10-24 00:47:10',23000,5,426,1,202,229),(233,'2021-10-10 10:27:21',88000,2,392,1,203,444),(234,'2021-11-14 01:33:05',106000,3,178,2,204,32),(235,'2021-08-09 05:47:30',115000,3,216,2,205,327),(236,'2021-10-06 02:36:22',113000,3,47,2,206,37),(237,'2021-11-08 10:45:28',85000,2,85,1,207,205),(238,'2021-10-20 18:58:40',16000,5,284,1,208,413),(239,'2021-09-07 21:16:11',68000,5,163,2,209,450),(240,'2021-09-10 23:50:32',7000,4,465,2,210,8),(241,'2021-10-07 13:09:14',27000,3,336,2,211,192),(242,'2021-09-04 04:30:38',107000,4,284,1,212,436),(243,'2021-09-09 04:22:30',82000,2,412,2,213,103),(244,'2021-09-03 09:49:36',85000,3,205,2,214,205),(245,'2021-08-28 07:30:16',21000,2,290,1,215,218),(246,'2021-08-20 12:55:02',100000,6,334,1,216,472),(247,'2021-09-04 03:31:08',93000,5,300,2,217,207),(248,'2021-07-25 01:54:24',114000,5,496,2,218,119),(249,'2021-08-03 18:35:46',64000,5,79,1,219,474),(250,'2021-09-12 07:07:50',23000,2,407,1,220,10),(251,'2021-08-02 18:54:09',43000,5,297,1,221,128),(252,'2021-11-07 12:22:38',62000,4,262,1,222,109),(253,'2021-09-28 23:15:49',49000,2,422,2,223,163),(254,'2021-11-08 19:09:25',36000,3,321,1,224,488),(255,'2021-09-05 02:18:01',20000,2,340,1,225,448),(256,'2021-07-30 10:29:23',93000,4,238,1,226,275),(257,'2021-11-17 22:02:25',106000,4,168,1,227,32),(258,'2021-09-17 12:17:28',93000,5,124,1,228,334),(259,'2021-08-31 21:05:23',98000,3,117,1,229,72),(260,'2021-07-23 00:41:16',29000,4,213,1,230,360),(261,'2021-10-17 19:33:43',80000,4,212,2,231,84),(262,'2021-07-29 06:47:59',107000,5,423,1,232,340),(263,'2021-09-21 21:06:49',88000,3,478,2,233,444),(264,'2021-08-08 08:20:32',95000,2,120,2,234,203),(265,'2021-07-30 19:29:39',102000,4,164,2,235,182),(266,'2021-08-24 23:11:17',102000,4,459,2,236,298),(267,'2021-09-19 21:16:18',66000,2,305,1,237,446),(268,'2021-10-14 09:15:07',104000,2,145,1,238,335),(269,'2021-11-02 19:27:06',16000,5,313,1,239,336),(270,'2021-09-02 14:25:33',101000,4,126,2,240,176),(271,'2021-09-15 17:52:40',83000,4,193,2,241,369),(272,'2021-07-15 11:20:54',35000,2,84,1,242,317),(273,'2021-10-27 19:49:03',29000,2,344,2,243,478),(274,'2021-10-07 03:45:09',115000,3,464,1,244,437),(275,'2021-08-03 23:41:35',88000,3,290,1,245,252),(276,'2021-07-26 00:55:44',66000,4,56,1,246,446),(277,'2021-09-21 14:24:27',84000,2,410,2,247,476),(278,'2021-08-01 21:33:03',111000,4,383,1,248,40),(279,'2021-08-07 04:57:17',74000,4,183,1,249,270),(280,'2021-07-30 01:02:29',67000,4,266,2,250,232),(281,'2021-11-03 01:13:24',54000,3,282,2,251,348),(282,'2021-10-09 08:11:27',77000,2,109,2,252,45),(283,'2021-09-05 05:26:19',102000,2,198,1,253,182),(284,'2021-11-06 10:49:10',110000,4,162,1,254,272),(285,'2021-11-09 04:26:03',23000,3,216,2,255,315),(286,'2021-11-23 02:32:52',36000,2,96,2,256,258),(287,'2021-09-17 09:26:44',60000,5,330,1,257,342),(288,'2021-10-06 09:28:05',93000,3,359,2,258,439),(289,'2021-10-25 17:33:00',16000,3,308,2,259,166),(290,'2021-11-07 02:08:32',40000,2,461,1,260,14),(291,'2021-08-02 01:22:39',89000,2,379,2,261,69),(292,'2021-10-11 14:17:11',41000,6,15,2,262,304),(293,'2021-11-24 09:46:33',32000,3,434,2,263,311),(294,'2021-09-17 17:01:21',103000,2,127,2,264,145),(295,'2021-07-30 10:20:10',73000,5,331,1,265,293),(296,'2021-08-12 05:12:31',100000,3,273,2,266,26),(297,'2021-11-12 20:12:14',88000,6,372,2,267,252),(298,'2021-09-24 05:22:06',87000,2,41,2,268,180),(299,'2021-10-31 06:47:42',40000,3,89,2,269,143),(300,'2021-11-20 12:22:42',79000,2,322,2,270,177),(301,'2021-10-26 08:50:40',99000,6,340,1,271,456),(302,'2021-07-26 04:54:10',60000,4,234,2,272,246),(303,'2021-10-18 18:05:33',79000,5,152,2,273,363),(304,'2021-11-10 13:53:55',72000,5,57,1,274,76),(305,'2021-07-28 02:17:28',73000,2,327,2,275,293),(306,'2021-09-23 07:48:58',102000,2,463,1,276,234),(307,'2021-08-13 00:23:18',102000,6,334,1,277,289),(308,'2021-10-26 18:26:48',115000,6,279,2,278,245),(309,'2021-08-23 15:46:14',15000,6,392,1,279,357),(310,'2021-09-01 00:26:52',83000,5,123,1,280,50),(311,'2021-08-22 10:19:37',24000,3,438,2,281,179),(312,'2021-10-13 05:39:34',115000,2,323,1,282,245),(313,'2021-08-24 20:33:51',112000,6,298,1,283,185),(314,'2021-08-27 18:51:32',27000,3,23,2,284,192),(315,'2021-10-23 03:16:13',92000,4,221,1,285,403),(316,'2021-08-27 11:24:56',27000,6,33,1,286,438),(317,'2021-08-03 23:29:31',98000,2,4,2,287,480),(318,'2021-08-18 14:06:53',115000,3,420,1,288,86),(319,'2021-11-08 09:06:12',105000,2,86,1,289,491),(320,'2021-08-05 03:31:51',70000,5,169,2,290,196),(321,'2021-07-28 06:59:30',15000,4,87,1,291,6),(322,'2021-10-05 12:43:24',46000,3,427,1,292,442),(323,'2021-10-06 12:02:44',102000,6,374,2,293,190),(324,'2021-09-30 21:43:36',25000,6,88,1,294,126),(325,'2021-09-23 00:09:25',103000,6,318,1,295,60),(326,'2021-09-16 06:48:14',108000,3,324,2,296,422),(327,'2021-09-11 11:36:51',97000,5,167,2,297,428),(328,'2021-09-04 03:44:10',101000,6,362,1,298,373),(329,'2021-09-16 23:29:49',65000,4,309,1,299,83),(330,'2021-08-18 21:59:06',73000,4,458,1,300,293),(331,'2021-09-26 23:41:02',55000,3,364,2,301,217),(332,'2021-11-06 12:17:53',98000,4,444,1,302,204),(333,'2021-08-06 01:34:32',40000,2,130,2,303,371),(334,'2021-11-16 12:36:29',73000,5,315,1,304,239),(335,'2021-09-11 09:21:30',80000,4,186,2,305,84),(336,'2021-10-23 10:37:35',83000,4,485,2,306,201),(337,'2021-07-18 08:10:27',98000,2,367,1,307,251),(338,'2021-09-18 18:21:15',110000,4,377,1,308,154),(339,'2021-07-15 12:46:57',40000,4,283,2,309,14),(340,'2021-10-16 01:38:50',19000,6,284,1,310,111),(341,'2021-10-13 12:53:20',23000,2,72,2,311,10),(342,'2021-11-24 23:43:07',31000,5,6,2,312,219),(343,'2021-07-23 20:04:02',83000,2,314,1,313,63),(344,'2021-10-22 20:49:47',92000,5,50,1,314,158),(345,'2021-08-11 21:22:43',53000,2,309,1,315,102),(346,'2021-11-24 18:18:17',101000,4,396,2,316,33),(347,'2021-09-08 14:58:53',29000,2,49,2,317,360),(348,'2021-10-13 20:21:21',83000,4,60,2,318,201),(349,'2021-10-26 05:06:57',54000,6,151,1,319,424),(350,'2021-09-14 01:22:04',25000,2,74,1,320,16),(351,'2021-10-10 00:06:04',42000,4,415,2,321,307),(352,'2021-11-18 08:39:54',34000,6,353,1,322,486),(353,'2021-09-02 05:39:31',15000,4,21,2,323,9),(354,'2021-11-22 20:06:52',106000,6,43,1,324,88),(355,'2021-07-17 14:26:58',16000,4,154,1,325,412),(356,'2021-09-02 08:58:01',100000,3,138,2,326,294),(357,'2021-10-06 05:32:56',102000,3,230,2,327,234),(358,'2021-08-09 12:13:11',102000,3,234,2,328,289),(359,'2021-07-25 07:50:02',83000,3,479,1,329,241),(360,'2021-07-26 16:28:38',49000,6,194,1,330,339),(361,'2021-11-02 15:11:52',100000,5,31,1,331,472),(362,'2021-07-20 21:47:48',58000,6,74,1,332,341),(363,'2021-11-14 22:45:07',66000,6,274,2,333,288),(364,'2021-08-31 20:45:32',82000,6,149,2,334,419),(365,'2021-10-25 07:21:05',23000,2,421,2,335,229),(366,'2021-10-22 01:31:50',40000,6,159,1,336,388),(367,'2021-08-18 22:47:14',58000,3,31,1,337,250),(368,'2021-11-14 19:25:51',106000,3,176,2,338,88),(369,'2021-09-21 01:02:56',107000,5,289,2,339,189),(370,'2021-08-19 20:38:19',102000,6,414,2,340,182),(371,'2021-08-10 04:59:52',107000,6,203,1,341,340),(372,'2021-08-17 08:46:35',24000,2,273,2,342,157),(373,'2021-08-26 11:43:33',106000,2,256,2,343,261),(374,'2021-07-31 12:01:56',93000,6,460,1,344,334),(375,'2021-08-19 06:24:19',106000,6,33,1,345,386),(376,'2021-10-01 18:05:03',101000,4,285,2,346,430),(377,'2021-09-16 05:56:49',105000,3,324,2,347,491),(378,'2021-11-22 21:42:02',72000,2,264,2,348,165),(379,'2021-08-20 10:02:00',94000,3,347,2,349,352),(380,'2021-10-09 16:25:21',91000,3,443,2,350,262),(381,'2021-07-17 14:23:58',72000,2,172,2,351,254),(382,'2021-07-18 21:33:37',113000,2,33,1,352,483),(383,'2021-11-02 19:22:33',41000,2,149,2,353,151),(384,'2021-09-06 01:09:48',62000,6,146,1,354,309),(385,'2021-10-06 02:05:07',76000,6,281,1,355,89),(386,'2021-11-22 14:41:56',119000,5,466,1,356,19),(387,'2021-10-24 09:54:41',119000,3,486,1,357,329),(388,'2021-08-18 00:32:13',84000,6,34,1,358,85),(389,'2021-08-10 07:57:28',27000,3,208,2,359,438),(390,'2021-10-10 18:56:24',79000,6,441,2,360,434),(391,'2021-09-27 14:35:45',20000,3,79,1,361,356),(392,'2021-08-14 23:26:06',29000,6,70,2,362,478),(393,'2021-07-21 19:16:42',104000,2,115,2,363,323),(394,'2021-09-28 19:25:46',24000,3,362,1,364,179),(395,'2021-09-27 07:05:37',38000,2,466,1,365,426),(396,'2021-07-25 01:03:59',106000,4,245,1,366,92),(397,'2021-08-02 00:04:21',73000,4,324,2,367,184),(398,'2021-10-22 19:03:45',23000,6,385,2,368,141),(399,'2021-10-28 16:12:09',23000,2,451,2,369,153),(400,'2021-11-09 21:39:34',53000,6,102,1,370,344),(401,'2021-09-04 08:57:56',68000,3,157,1,371,257),(402,'2021-10-05 23:03:27',52000,3,479,1,372,255),(403,'2021-11-20 14:55:36',62000,2,421,2,373,1),(404,'2021-10-09 06:07:56',85000,2,167,2,374,240),(405,'2021-11-08 07:18:25',74000,6,73,1,375,198),(406,'2021-08-30 15:55:49',70000,5,364,2,376,268),(407,'2021-09-15 18:34:14',115000,5,99,2,377,245),(408,'2021-07-17 13:23:07',36000,5,405,2,378,423),(409,'2021-08-04 14:50:42',42000,5,226,1,379,378),(410,'2021-08-21 02:28:06',62000,2,414,2,380,121),(411,'2021-08-09 19:57:22',31000,4,392,1,381,471),(412,'2021-10-08 00:19:42',50000,2,216,2,382,493),(413,'2021-11-12 04:18:28',78000,6,404,1,383,49),(414,'2021-08-30 09:07:15',112000,4,370,1,384,264),(415,'2021-11-03 10:14:25',101000,6,140,2,385,176),(416,'2021-10-03 01:03:54',80000,2,88,1,386,84),(417,'2021-07-17 09:42:42',96000,4,22,1,387,394),(418,'2021-08-22 13:31:42',31000,2,344,2,388,219),(419,'2021-07-26 21:57:18',100000,6,153,1,389,410),(420,'2021-07-23 16:13:56',77000,3,232,1,390,392),(421,'2021-11-10 20:38:03',78000,2,202,2,391,231),(422,'2021-10-07 00:41:08',29000,4,315,1,392,478),(423,'2021-10-25 13:59:32',71000,3,465,2,393,195),(424,'2021-11-18 08:02:18',75000,6,380,1,394,41),(425,'2021-11-18 07:43:11',114000,4,7,2,395,119),(426,'2021-08-16 13:27:27',31000,2,394,2,396,471),(427,'2021-07-20 13:25:47',107000,6,448,1,397,498),(428,'2021-08-30 07:10:52',99000,2,58,2,398,77),(429,'2021-10-11 08:37:29',77000,2,444,1,399,392),(430,'2021-07-24 05:45:40',58000,2,46,2,400,228),(431,'2021-08-27 20:16:17',57000,4,397,1,401,462),(432,'2021-08-18 06:10:55',25000,6,347,2,402,126),(433,'2021-10-19 23:13:11',41000,3,42,1,403,242),(434,'2021-08-24 05:37:50',43000,4,170,1,404,331),(435,'2021-07-22 14:41:29',101000,6,224,1,405,430),(436,'2021-10-18 06:51:16',41000,4,108,1,406,155),(437,'2021-08-14 00:49:29',21000,2,370,1,407,485),(438,'2021-10-09 07:10:38',49000,3,22,1,408,460),(439,'2021-10-20 00:49:25',53000,2,2,1,409,344),(440,'2021-09-25 04:55:00',58000,4,443,2,410,341),(441,'2021-09-11 19:23:09',78000,3,210,2,411,173),(442,'2021-11-20 07:34:47',49000,6,221,1,412,339),(443,'2021-10-09 08:06:17',76000,3,472,2,413,178),(444,'2021-11-21 16:53:29',61000,6,198,1,414,370),(445,'2021-09-24 03:02:56',92000,4,71,2,415,318),(446,'2021-10-19 23:05:55',29000,6,263,2,416,478),(447,'2021-07-15 00:27:48',115000,3,99,2,417,437),(448,'2021-09-07 19:59:20',98000,3,208,2,418,251),(449,'2021-07-26 20:37:09',63000,4,243,2,419,441),(450,'2021-09-17 22:49:16',77000,4,91,1,420,454),(451,'2021-10-20 01:47:21',88000,4,226,1,421,444),(452,'2021-11-24 09:03:01',80000,5,357,1,422,361),(453,'2021-09-19 14:19:43',42000,2,104,2,423,469),(454,'2021-11-18 07:22:49',112000,3,452,2,424,264),(455,'2021-11-18 08:44:47',87000,6,444,1,425,411),(456,'2021-09-09 00:33:10',72000,3,363,1,426,265),(457,'2021-07-25 13:03:11',110000,3,485,2,427,90),(458,'2021-10-06 07:05:31',110000,6,333,1,428,154),(459,'2021-09-10 17:27:43',30000,6,209,1,429,2),(460,'2021-09-23 08:15:42',77000,3,46,2,430,45),(461,'2021-10-09 14:05:16',55000,2,102,1,431,217),(462,'2021-09-04 03:37:59',32000,3,373,1,432,452),(463,'2021-07-26 21:41:58',62000,5,57,1,433,109),(464,'2021-07-15 23:09:14',116000,3,167,2,434,186),(465,'2021-09-08 21:07:05',23000,3,165,2,435,104),(466,'2021-07-22 11:06:44',57000,6,322,2,436,462),(467,'2021-11-24 15:11:18',39000,6,113,2,437,497),(468,'2021-07-25 02:00:50',76000,3,101,2,438,98),(469,'2021-09-04 09:52:54',86000,5,167,2,439,499),(470,'2021-11-13 00:41:25',51000,4,28,1,440,202),(471,'2021-07-19 17:08:43',15000,6,140,2,441,9),(472,'2021-09-28 19:13:21',46000,2,114,1,442,442),(473,'2021-11-21 15:08:13',24000,5,151,1,443,179),(474,'2021-08-22 19:04:21',98000,3,412,2,444,72),(475,'2021-11-18 04:36:48',32000,4,108,1,445,320),(476,'2021-08-02 18:08:45',76000,3,300,2,446,384),(477,'2021-07-28 21:57:19',107000,6,179,1,447,461),(478,'2021-11-07 20:45:51',32000,6,493,1,448,152),(479,'2021-09-28 09:58:19',42000,2,429,2,449,378),(480,'2021-08-28 04:53:33',101000,3,166,1,450,430),(481,'2021-09-03 11:18:45',114000,6,41,2,451,18),(482,'2021-08-07 05:49:47',17000,3,206,1,452,297),(483,'2021-08-01 05:06:59',79000,4,406,2,453,434),(484,'2021-09-29 18:29:53',93000,6,414,2,454,275),(485,'2021-09-20 08:01:27',85000,5,350,1,455,75),(486,'2021-07-20 23:21:11',78000,4,6,2,456,49),(487,'2021-10-06 20:41:34',77000,5,481,1,457,20),(488,'2021-11-05 16:13:30',77000,2,387,2,458,454),(489,'2021-10-23 13:38:46',105000,3,492,1,459,208),(490,'2021-09-06 20:48:01',101000,4,298,1,460,176),(491,'2021-10-05 03:35:12',26000,2,15,2,461,256),(492,'2021-11-18 02:57:32',28000,6,181,2,462,253),(493,'2021-08-18 17:13:10',83000,6,360,1,463,495),(494,'2021-11-08 23:13:46',115000,2,254,1,464,216),(495,'2021-10-12 03:30:20',70000,3,189,2,465,95),(496,'2021-11-24 14:11:28',115000,2,185,1,466,327),(497,'2021-09-14 11:07:31',63000,4,357,1,467,351),(498,'2021-08-17 19:13:15',69000,4,229,2,468,271),(499,'2021-11-23 11:33:37',109000,4,73,1,469,300),(500,'2021-09-08 09:59:11',102000,3,176,2,470,190),(501,'2021-09-29 12:29:00',68000,2,164,2,471,47),(502,'2021-11-01 08:30:00',72000,4,288,2,472,165),(503,'2021-07-28 21:24:41',116000,5,450,2,473,186),(504,'2021-08-24 20:17:44',120000,3,386,2,474,431),(505,'2021-11-08 23:53:04',93000,4,78,1,475,99),(506,'2021-11-06 00:23:20',92000,2,232,1,476,199),(507,'2021-08-29 01:35:32',74000,4,425,2,477,198),(508,'2021-09-14 01:19:03',77000,2,430,2,478,392),(509,'2021-08-06 22:55:08',29000,3,375,1,479,366),(510,'2021-11-07 13:28:28',41000,5,82,2,480,155),(511,'2021-10-18 05:13:02',101000,2,286,1,481,176),(512,'2021-08-30 21:30:18',119000,6,183,1,482,415),(513,'2021-10-10 21:14:49',68000,3,55,1,483,47),(514,'2021-10-27 10:37:33',96000,3,226,1,484,489),(515,'2021-09-03 13:06:05',41000,2,467,1,485,304),(516,'2021-11-08 01:08:10',83000,4,155,1,486,50),(517,'2021-09-28 08:02:54',58000,4,373,1,487,341),(518,'2021-08-14 06:48:45',90000,5,402,2,488,53),(519,'2021-10-14 03:48:08',47000,3,388,1,489,243),(520,'2021-10-09 11:47:44',84000,3,234,2,490,54),(521,'2021-10-08 02:46:41',75000,6,7,2,491,41),(522,'2021-10-29 01:03:49',111000,4,331,1,492,40),(523,'2021-07-22 22:48:47',91000,4,135,1,493,79),(524,'2021-10-27 17:22:01',93000,2,181,2,494,275),(525,'2021-11-20 17:21:10',33000,3,1,1,495,137),(526,'2021-10-26 16:21:46',107000,3,459,2,496,358),(527,'2021-09-25 00:50:41',21000,5,291,2,497,380),(528,'2021-10-28 08:29:12',80000,3,80,1,498,324),(529,'2021-10-20 15:20:43',95000,4,27,1,499,482),(530,'2021-10-19 20:40:53',107000,5,393,2,500,436);
/*!40000 ALTER TABLE `buy_order_item` ENABLE KEYS */;
UNLOCK TABLES;

--
-- Table structure for table `customer`
--

DROP TABLE IF EXISTS `customer`;
/*!40101 SET @saved_cs_client     = @@character_set_client */;
/*!50503 SET character_set_client = utf8mb4 */;
CREATE TABLE `customer` (
  `customer_id` bigint NOT NULL AUTO_INCREMENT,
  `address` varchar(200) DEFAULT NULL,
  `age_group` varchar(50) DEFAULT 'UNKNOWN',
  `gender` varchar(50) DEFAULT 'UNKNOWN',
  `membership_id` bigint DEFAULT NULL,
  `name` varchar(50) DEFAULT NULL,
  `phone_number` varchar(15) DEFAULT NULL,
  `total_spend` double DEFAULT '0',
  `user_id` bigint DEFAULT NULL,
  `visible` tinyint(1) DEFAULT '1',
  PRIMARY KEY (`customer_id`),
  KEY `customer_user_id_index` (`user_id`),
  KEY `customer_phone_number_index` (`phone_number`)
) ENGINE=InnoDB AUTO_INCREMENT=501 DEFAULT CHARSET=utf8mb4 COLLATE=utf8mb4_0900_ai_ci;
/*!40101 SET character_set_client = @saved_cs_client */;

--
-- Dumping data for table `customer`
--

LOCK TABLES `customer` WRITE;
/*!40000 ALTER TABLE `customer` DISABLE KEYS */;
INSERT INTO `customer` VALUES (1,'21392 Browning Crossing','UNKNOWN','UNKNOWN',10,'Davin Renbold','4735520113',240000,1,1),(2,'67571 Dayton Terrace','UNKNOWN','UNKNOWN',27,'Ninon Giacobazzi','6382020283',522000,2,1),(3,'36693 Trailsway Circle','UNKNOWN','UNKNOWN',15,'Ham Ganley','6837961494',155000,2,1),(4,'100 Dahle Park','UNKNOWN','UNKNOWN',20,'Edythe Glassman','3325356066',205000,2,1),(5,'2 Fieldstone Point','UNKNOWN','UNKNOWN',9,'Agnella O\'Lynn','1538221336',165000,1,1),(6,'6 Petterle Place','UNKNOWN','UNKNOWN',27,'Emmalynne Youtead','6941515680',542000,2,1),(7,'178 Esch Place','UNKNOWN','UNKNOWN',22,'Brantley Crenage','7167131346',325000,2,1),(8,'4 Hoard Street','UNKNOWN','UNKNOWN',23,'Emlynn Flintoffe','8276504791',458000,2,1),(9,'72 Eastwood Parkway','UNKNOWN','UNKNOWN',10,'Cortie Van Leeuwen','5859686981',380000,1,1),(10,'9 Summerview Parkway','UNKNOWN','UNKNOWN',20,'Berk Eagland','3934488094',230000,2,1),(11,'5 Londonderry Street','UNKNOWN','UNKNOWN',15,'Bonni Hales','1805366420',200000,2,1),(12,'01 Oak Road','UNKNOWN','UNKNOWN',15,'Gunter Cansdall','4516744519',140000,2,1),(13,'7 Petterle Drive','UNKNOWN','UNKNOWN',10,'Aidan McLice','2758886993',305000,1,1),(14,'5371 American Avenue','UNKNOWN','UNKNOWN',15,'Pam Dibbin','9556387885',180000,2,1),(15,'02 Talmadge Court','UNKNOWN','UNKNOWN',9,'Tallie Emanson','1819815688',114000,1,1),(16,'922 Magdeline Way','UNKNOWN','UNKNOWN',15,'Jard Tingey','5942242217',192000,2,1),(17,'4 Northfield Center','UNKNOWN','UNKNOWN',15,'Bail Paten','7128012384',142000,2,1),(18,'12254 Parkside Street','UNKNOWN','UNKNOWN',10,'Rosene Freemantle','7403968216',270000,1,1),(19,'65047 Kedzie Park','UNKNOWN','UNKNOWN',10,'Lesya Braferton','3018897385',378100,1,1),(20,'86046 Fairview Lane','UNKNOWN','UNKNOWN',15,'Louisette Mackstead','8168668423',162000,2,1),(21,'8126 Springs Road','UNKNOWN','UNKNOWN',10,'Keenan Coomes','3762919231',338000,1,1),(22,'31 Donald Avenue','UNKNOWN','UNKNOWN',22,'Lyon Hovy','4357891037',394000,2,1),(23,'9 Westend Lane','UNKNOWN','UNKNOWN',20,'Myrle Trusler','7366176290',208000,2,1),(24,'2673 Eastwood Trail','UNKNOWN','UNKNOWN',15,'Kial Kingham','8619608498',174000,2,1),(25,'4439 Ridge Oak Way','UNKNOWN','UNKNOWN',7,'Westbrooke Durram','1234294986',97000,1,1),(26,'267 Kennedy Court','UNKNOWN','UNKNOWN',14,'Catlin Rama','1953252485',98000,2,1),(27,'46 Holy Cross Street','UNKNOWN','UNKNOWN',20,'Nora Joyson','1357936854',236000,2,1),(28,'3 Union Pass','UNKNOWN','UNKNOWN',15,'Herve Lardez','9448266621',184000,2,1),(29,'6728 Kings Parkway','UNKNOWN','UNKNOWN',23,'Bradney Galley','5922661124',474000,2,1),(30,'26 Northfield Trail','UNKNOWN','UNKNOWN',20,'Filberto Tollfree','1554290032',210000,2,1),(31,'3623 Fremont Terrace','UNKNOWN','UNKNOWN',9,'Nobie Roocroft','2158535764',106200,1,1),(32,'73 Daystar Drive','UNKNOWN','UNKNOWN',9,'Modestia Yusupov','9552785615',199000,1,1),(33,'8956 Melvin Junction','UNKNOWN','UNKNOWN',9,'Jaymee Camerello','5342163773',114000,1,1),(34,'54448 Basil Terrace','UNKNOWN','UNKNOWN',23,'Stefa Bartleman','4065356774',486000,2,1),(35,'8942 American Ash Road','UNKNOWN','UNKNOWN',14,'Miranda Griniov','1296645110',78000,2,1),(36,'30223 Mcbride Road','UNKNOWN','UNKNOWN',9,'Jessamine Aleavy','6574022787',131000,1,1),(37,'726 Bellgrove Way','UNKNOWN','UNKNOWN',15,'Darsey Bussen','3993064520',139200,2,1),(38,'456 Warbler Court','UNKNOWN','UNKNOWN',10,'Ross Timbrell','6227046532',235000,1,1),(39,'62 Waywood Street','UNKNOWN','UNKNOWN',10,'Aluin Weldrick','2852775536',486000,1,1),(40,'700 Carioca Alley','UNKNOWN','UNKNOWN',9,'Jessalin Mattes','9947503365',104000,1,1),(41,'99 Little Fleur Avenue','UNKNOWN','UNKNOWN',7,'Lucian Millmoe','8571963986',99000,1,1),(42,'51 Village Circle','UNKNOWN','UNKNOWN',15,'Patrizia Goadbie','5952570970',177000,2,1),(43,'6 Kenwood Circle','UNKNOWN','UNKNOWN',7,'Janith Lathwood','4967611972',77000,1,1),(44,'04227 Park Meadow Way','UNKNOWN','UNKNOWN',9,'Jandy Fordyce','7594926311',175100,1,1),(45,'7 Roxbury Terrace','UNKNOWN','UNKNOWN',20,'Gayler Loughney','2721448116',250000,2,1),(46,'69219 Linden Junction','UNKNOWN','UNKNOWN',11,'De Rowling','2972623350',506000,1,1),(47,'7115 Elka Parkway','UNKNOWN','UNKNOWN',20,'Dermot Lavington','1041035334',228000,2,1),(48,'2 Daystar Parkway','UNKNOWN','UNKNOWN',10,'Johnath Rottgers','7464790973',386000,1,1),(49,'215 Hallows Circle','UNKNOWN','UNKNOWN',15,'Codie Conrart','3146621888',190000,2,1),(50,'796 Scoville Plaza','UNKNOWN','UNKNOWN',10,'Matilda Dewerson','1189847490',366000,1,1),(51,'7 Manufacturers Park','UNKNOWN','UNKNOWN',10,'Don Dummer','1167559647',237000,1,1),(52,'3216 Karstens Drive','UNKNOWN','UNKNOWN',14,'Gracie Boyles','1227624539',73000,2,1),(53,'3307 Tennessee Point','UNKNOWN','UNKNOWN',15,'Cobbie Morit','5021810373',166600,2,1),(54,'6 Colorado Drive','UNKNOWN','UNKNOWN',7,'Noel Mish','3882224000',60000,1,1),(55,'9 Westridge Point','UNKNOWN','UNKNOWN',9,'Erich Kitlee','8231497955',169000,1,1),(56,'24057 Arizona Pass','UNKNOWN','UNKNOWN',10,'Blithe Kenton','6363718845',462000,1,1),(57,'17350 Gateway Street','UNKNOWN','UNKNOWN',23,'Larine Cranny','5491941882',434000,2,1),(58,'85478 Eliot Parkway','UNKNOWN','UNKNOWN',9,'Carolee Fenty','9406923974',126000,1,1),(59,'88878 Stang Road','UNKNOWN','UNKNOWN',20,'Malchy Cursey','5512725184',294000,2,1),(60,'6812 Pepper Wood Street','UNKNOWN','UNKNOWN',23,'Hattie Brechin','2314924430',402000,2,1),(61,'1846 Hanson Plaza','UNKNOWN','UNKNOWN',10,'Starlene Ferry','8352614563',250000,1,1),(62,'15664 7th Circle','UNKNOWN','UNKNOWN',9,'Thacher Tackell','8162424270',111350,1,1),(63,'65 Atwood Avenue','UNKNOWN','UNKNOWN',9,'Siobhan Romeril','3451392377',135000,1,1),(64,'211 Thompson Point','UNKNOWN','UNKNOWN',7,'Godiva Marte','1622441061',96000,1,1),(65,'0 Prentice Avenue','UNKNOWN','UNKNOWN',20,'Hussein Algore','1417886951',216600,2,1),(66,'8113 Arrowood Point','UNKNOWN','UNKNOWN',7,'Jud Jowett','5215075797',93000,1,1),(67,'3 Redwing Crossing','UNKNOWN','UNKNOWN',15,'Riley Ashman','9083051129',118000,2,1),(68,'241 Hallows Point','UNKNOWN','UNKNOWN',15,'Danette Beel','6962494296',178500,2,1),(69,'32123 Homewood Drive','UNKNOWN','UNKNOWN',7,'Riordan Olivie','3317577804',100000,1,1),(70,'11488 Dahle Circle','UNKNOWN','UNKNOWN',9,'Wes Ripon','9267131796',151000,1,1),(71,'11 Jenifer Pass','UNKNOWN','UNKNOWN',20,'Mechelle Grimstead','7459129987',270000,2,1),(72,'2787 Vermont Circle','UNKNOWN','UNKNOWN',10,'Brigitte Webley','1676044345',251000,1,1),(73,'4 Drewry Parkway','UNKNOWN','UNKNOWN',9,'Gustav Gever','1053400180',187200,1,1),(74,'706 Sauthoff Alley','UNKNOWN','UNKNOWN',9,'Dicky Beeching','8573816390',132000,1,1),(75,'1 Farragut Circle','UNKNOWN','UNKNOWN',14,'Ferdinande Faich','1351713389',99000,2,1),(76,'7749 8th Crossing','UNKNOWN','UNKNOWN',9,'Marthe Mucillo','3727438237',165000,1,1),(77,'4 Dottie Hill','UNKNOWN','UNKNOWN',20,'Theodosia Gaydon','7176006417',252000,2,1),(78,'77 Monica Way','UNKNOWN','UNKNOWN',9,'Marie-jeanne Verryan','2574370070',112000,1,1),(79,'98 Eastlawn Trail','UNKNOWN','UNKNOWN',15,'Cort Bresman','5491256553',130000,2,1),(80,'3961 Oakridge Plaza','UNKNOWN','UNKNOWN',7,'Rufus Wilfing','3519325496',98000,1,1),(81,'3 Graceland Avenue','UNKNOWN','UNKNOWN',7,'Kandy Tynewell','4357369076',95000,1,1),(82,'12617 David Plaza','UNKNOWN','UNKNOWN',15,'Cornelle Coarser','8082415721',166000,2,1),(83,'21651 Sunnyside Terrace','UNKNOWN','UNKNOWN',15,'Junette Pidgen','4566281903',135000,2,1),(84,'98288 Melvin Hill','UNKNOWN','UNKNOWN',9,'Cristina Tremontana','3202070528',139200,1,1),(85,'2 Chive Circle','UNKNOWN','UNKNOWN',15,'Margery Caunt','2545261415',143200,2,1),(86,'03 Mayer Junction','UNKNOWN','UNKNOWN',20,'Sarajane des Remedios','9906608098',242000,2,1),(87,'2 Ryan Junction','UNKNOWN','UNKNOWN',9,'Leif Chancellor','2032691798',162000,1,1),(88,'169 Kropf Pass','UNKNOWN','UNKNOWN',7,'Jerrie Mifflin','1146006814',88200,1,1),(89,'46 Armistice Crossing','UNKNOWN','UNKNOWN',7,'Kermy Wibberley','5355010661',94050,1,1),(90,'3 Hanover Point','UNKNOWN','UNKNOWN',7,'Felicle MacGlory','9171192267',78000,1,1),(91,'4 Holmberg Point','UNKNOWN','UNKNOWN',10,'Roselle Brentnall','5796001826',251000,1,1),(92,'760 Cardinal Hill','UNKNOWN','UNKNOWN',11,'Fidelia Garces','8108755654',502000,1,1),(93,'17 Shoshone Terrace','UNKNOWN','UNKNOWN',10,'Jemie Mordin','5238957197',340100,1,1),(94,'10 Monterey Pass','UNKNOWN','UNKNOWN',15,'Freddie Comolli','1963213491',112000,2,1),(95,'6396 Morningstar Pass','UNKNOWN','UNKNOWN',9,'Callean Kainz','3159344357',198000,1,1),(96,'0 Algoma Alley','UNKNOWN','UNKNOWN',11,'Cecil Arnowitz','3172505076',502000,1,1),(97,'05876 Dunning Drive','UNKNOWN','UNKNOWN',20,'Lou Jeanneau','6471754814',251000,2,1),(98,'10 Anzinger Place','UNKNOWN','UNKNOWN',9,'Christiano Fraine','5688797435',179000,1,1),(99,'5 Randy Avenue','UNKNOWN','UNKNOWN',20,'Pierrette Closs','5007886641',224000,2,1),(100,'8903 Hagan Circle','UNKNOWN','UNKNOWN',14,'Laetitia Grube','5421856273',99000,2,1),(101,'17 Eastlawn Way','UNKNOWN','UNKNOWN',8,'Adriane Le Brun','6536673626',47000,2,1),(102,'6965 Memorial Hill','UNKNOWN','UNKNOWN',9,'Hewett Newburn','6025697793',183000,1,1),(103,'624 Valley Edge Pass','UNKNOWN','UNKNOWN',10,'Peter Duiged','8525294412',280000,1,1),(104,'41 8th Center','UNKNOWN','UNKNOWN',9,'Carlie Marjanski','4467813742',130000,1,1),(105,'480 Pennsylvania Junction','UNKNOWN','UNKNOWN',10,'Gearard Forth','4101050940',255000,1,1),(106,'755 Goodland Trail','UNKNOWN','UNKNOWN',20,'Berty Sayre','6797171417',228000,2,1),(107,'83050 Vermont Lane','UNKNOWN','UNKNOWN',10,'Maude Haughton','7976883188',209000,1,1),(108,'7072 Grayhawk Trail','UNKNOWN','UNKNOWN',8,'Rutledge Drysdall','7979647936',48000,2,1),(109,'630 American Point','UNKNOWN','UNKNOWN',11,'Emmett Pocke','7845622408',612000,1,1),(110,'3291 Lakewood Street','UNKNOWN','UNKNOWN',27,'Orelle O\'Crevan','6892205899',627000,2,1),(111,'684 Tennyson Avenue','UNKNOWN','UNKNOWN',10,'Ianthe Siebert','2811782570',213000,1,1),(112,'2 Hallows Lane','UNKNOWN','UNKNOWN',15,'Ben Dalgarnowch','6948253352',115000,2,1),(113,'908 Bashford Plaza','UNKNOWN','UNKNOWN',10,'Bibi Wheldon','2174860187',243000,1,1),(114,'39479 Armistice Road','UNKNOWN','UNKNOWN',10,'Kevon Skeemor','5279460866',342000,1,1),(115,'0 Ridgeway Parkway','UNKNOWN','UNKNOWN',20,'Larry Langelay','6458282132',219000,2,1),(116,'36202 Lake View Trail','UNKNOWN','UNKNOWN',27,'Arabela Fowgies','2323408079',507000,2,1),(117,'6701 Fieldstone Center','UNKNOWN','UNKNOWN',14,'Jessamyn McDonald','1704802395',73000,2,1),(118,'45 2nd Way','UNKNOWN','UNKNOWN',9,'Barnebas Judd','5216973691',189000,1,1),(119,'21708 Fordem Drive','UNKNOWN','UNKNOWN',10,'Romain Pinnegar','7044111579',250000,1,1),(120,'4047 Westport Point','UNKNOWN','UNKNOWN',10,'Raine Bignell','1561821401',227000,1,1),(121,'09 Homewood Pass','UNKNOWN','UNKNOWN',10,'Carmelia Rubinov','2096607232',243000,1,1),(122,'37 Washington Circle','UNKNOWN','UNKNOWN',14,'Lukas Darthe','2335851094',79000,2,1),(123,'56876 Fallview Center','UNKNOWN','UNKNOWN',20,'My Ortiga','2293446804',201000,2,1),(124,'42 Summer Ridge Terrace','UNKNOWN','UNKNOWN',10,'Mikkel Surcomb','7161406190',228000,1,1),(125,'33966 4th Circle','UNKNOWN','UNKNOWN',20,'Jammie Collomosse','3826166805',227000,2,1),(126,'9 Arkansas Way','UNKNOWN','UNKNOWN',10,'Arny Kundert','5284959882',420000,1,1),(127,'5 Lien Drive','UNKNOWN','UNKNOWN',10,'Saba Bottinelli','3253449092',224000,1,1),(128,'628 Miller Drive','UNKNOWN','UNKNOWN',9,'Carey Beasley','6737411370',183000,1,1),(129,'35 Golden Leaf Avenue','UNKNOWN','UNKNOWN',9,'Holden Vittel','1766312800',188000,1,1),(130,'3416 Moland Court','UNKNOWN','UNKNOWN',10,'Kristel Gascard','9514054403',312000,1,1),(131,'745 Stoughton Pass','UNKNOWN','UNKNOWN',10,'Leena Rubinchik','4368097574',452000,1,1),(132,'5413 Fisk Court','UNKNOWN','UNKNOWN',9,'Ailbert Palser','8719299430',114000,1,1),(133,'459 Northfield Avenue','UNKNOWN','UNKNOWN',10,'Eliza Atherton','8068080283',354000,1,1),(134,'92656 Kedzie Lane','UNKNOWN','UNKNOWN',10,'Raddy Dalling','1472961678',418000,1,1),(135,'1566 Fisk Pass','UNKNOWN','UNKNOWN',14,'Ofilia Pavek','5088241885',79000,2,1),(136,'0 Schiller Parkway','UNKNOWN','UNKNOWN',7,'Merell Morrott','6089581051',68000,1,1),(137,'394 Hermina Pass','UNKNOWN','UNKNOWN',27,'Alica Melsome','3371372171',762000,2,1),(138,'43609 Kensington Hill','UNKNOWN','UNKNOWN',10,'Biddie Exrol','5296404414',274000,1,1),(139,'22071 Donald Trail','UNKNOWN','UNKNOWN',14,'Brett Rentalll','2544470843',94000,2,1),(140,'0 Anniversary Place','UNKNOWN','UNKNOWN',15,'Irena Cattlow','1319039160',130000,2,1),(141,'40898 Nelson Street','UNKNOWN','UNKNOWN',15,'Cher Cumo','8531219258',184000,2,1),(142,'39785 Anniversary Trail','UNKNOWN','UNKNOWN',23,'Ignacius Thurling','8765561651',446000,2,1),(143,'3 Carpenter Center','UNKNOWN','UNKNOWN',15,'Berne Bickell','9859314488',170000,2,1),(144,'06 Tomscot Crossing','UNKNOWN','UNKNOWN',15,'Mindy Pfeffle','2152939457',182000,2,1),(145,'950 Shopko Avenue','UNKNOWN','UNKNOWN',14,'Dewitt Fiddler','7682426986',100000,2,1),(146,'97 Oneill Place','UNKNOWN','UNKNOWN',10,'Dorothea Jeschner','4989016351',360000,1,1),(147,'25330 Petterle Court','UNKNOWN','UNKNOWN',22,'Denney Doman','7387321640',372000,2,1),(148,'0 Anderson Street','UNKNOWN','UNKNOWN',10,'Jeri Frick','4699626126',372000,1,1),(149,'24539 Fordem Trail','UNKNOWN','UNKNOWN',10,'Jenine Brazer','4703336339',414000,1,1),(150,'400 Novick Court','UNKNOWN','UNKNOWN',23,'Terrel Aicheson','5331617144',438000,2,1),(151,'111 Jenna Parkway','UNKNOWN','UNKNOWN',15,'Hilliard Beville','4215952933',195000,2,1),(152,'69657 Morning Center','UNKNOWN','UNKNOWN',10,'Laural Trodden','2319778219',266000,1,1),(153,'9888 Hovde Point','UNKNOWN','UNKNOWN',10,'Adolphus Thirtle','1553547796',378000,1,1),(154,'213 Muir Park','UNKNOWN','UNKNOWN',23,'Wain Helin','9021876037',500000,2,1),(155,'41907 Melody Road','UNKNOWN','UNKNOWN',11,'Clayton Ownsworth','3458190594',585000,1,1),(156,'197 Surrey Way','UNKNOWN','UNKNOWN',10,'Alexis Vautre','8022464324',291000,1,1),(157,'6 Green Alley','UNKNOWN','UNKNOWN',27,'Steffie Sargerson','7151785536',555000,2,1),(158,'9 Doe Crossing Hill','UNKNOWN','UNKNOWN',10,'Aaren Willden','7647274204',204000,1,1),(159,'2 Hallows Plaza','UNKNOWN','UNKNOWN',20,'Forrest O\'Shaughnessy','7497920847',201000,2,1),(160,'7737 Farragut Alley','UNKNOWN','UNKNOWN',14,'Simmonds Simenet','3924917332',98000,2,1),(161,'96697 Northport Way','UNKNOWN','UNKNOWN',7,'Thibaut Temprell','3536843017',94000,1,1),(162,'30544 Stephen Place','UNKNOWN','UNKNOWN',10,'Emelda Le Friec','5837843407',240000,1,1),(163,'5 Mallard Park','UNKNOWN','UNKNOWN',20,'Monti Turl','7343080474',261000,2,1),(164,'49274 Lillian Place','UNKNOWN','UNKNOWN',23,'Hedwig Maylour','5964306804',418000,2,1),(165,'9017 Maple Lane','UNKNOWN','UNKNOWN',22,'Sylvan Cuncliffe','1589003049',328000,2,1),(166,'4725 Bashford Park','UNKNOWN','UNKNOWN',27,'Zed Burnip','4333187736',735000,2,1),(167,'3467 Express Lane','UNKNOWN','UNKNOWN',9,'Lusa Reisin','2046796810',104000,1,1),(168,'439 Arizona Court','UNKNOWN','UNKNOWN',9,'Astra Cham','5736431552',108000,1,1),(169,'0 New Castle Drive','UNKNOWN','UNKNOWN',10,'Arny Wilkie','6278843480',211000,1,1),(170,'849 Grasskamp Junction','UNKNOWN','UNKNOWN',7,'Sullivan Caudell','5868892232',99000,1,1),(171,'47 Ridgeview Road','UNKNOWN','UNKNOWN',27,'Lacie Ambage','3835840554',591000,2,1),(172,'6986 Novick Road','UNKNOWN','UNKNOWN',10,'Emmey Sink','4619571503',448000,1,1),(173,'80 Novick Park','UNKNOWN','UNKNOWN',10,'Cam Meharg','2651903580',302000,1,1),(174,'52 Scott Trail','UNKNOWN','UNKNOWN',10,'Tarra Bossel','5155208063',234000,1,1),(175,'508 Messerschmidt Crossing','UNKNOWN','UNKNOWN',9,'Moyra Comer','8183908705',103000,1,1),(176,'40028 Cody Place','UNKNOWN','UNKNOWN',15,'Ramsey Winsborrow','7888373123',171000,2,1),(177,'312 Meadow Ridge Place','UNKNOWN','UNKNOWN',20,'Reidar Janse','1146809936',282000,2,1),(178,'206 Cody Center','UNKNOWN','UNKNOWN',9,'Jules Brittle','8916665776',135000,1,1),(179,'917 Northport Street','UNKNOWN','UNKNOWN',27,'Domenic Neising','4057164187',672000,2,1),(180,'98 Merry Hill','UNKNOWN','UNKNOWN',22,'Fina Verner','9026907245',390000,2,1),(181,'9 Shasta Court','UNKNOWN','UNKNOWN',23,'Renae Alibone','2064911406',452000,2,1),(182,'546 Butternut Drive','UNKNOWN','UNKNOWN',7,'Delores Duferie','7445952498',69000,1,1),(183,'9 Kenwood Pass','UNKNOWN','UNKNOWN',20,'Eimile Dupoy','4901286183',294000,2,1),(184,'1368 Lawn Terrace','UNKNOWN','UNKNOWN',15,'Anatol Maharg','2923776702',112000,2,1),(185,'5542 Bartillon Road','UNKNOWN','UNKNOWN',11,'Ariel Medgwick','2501578368',720000,1,1),(186,'93740 Messerschmidt Drive','UNKNOWN','UNKNOWN',11,'Chico Culleford','9338484255',654000,1,1),(187,'15666 Darwin Place','UNKNOWN','UNKNOWN',15,'Dickie MacAnulty','7643994978',121000,2,1),(188,'059 Ruskin Drive','UNKNOWN','UNKNOWN',15,'Kit Woollard','6012534334',140000,2,1),(189,'30 Spohn Lane','UNKNOWN','UNKNOWN',11,'Wendye Akerman','7002004223',546000,1,1),(190,'924 Sage Plaza','UNKNOWN','UNKNOWN',9,'Britni Dowzell','1906903039',122000,1,1),(191,'930 Weeping Birch Circle','UNKNOWN','UNKNOWN',14,'Barbabra Hirtz','2945536562',54000,2,1),(192,'1607 Nevada Crossing','UNKNOWN','UNKNOWN',7,'Lil Steptowe','3577192377',81000,1,1),(193,'65 Killdeer Court','UNKNOWN','UNKNOWN',27,'Gussi Applewhaite','7987692302',518000,2,1),(194,'5831 Petterle Plaza','UNKNOWN','UNKNOWN',9,'Hildegaard Avesque','2382608045',121000,1,1),(195,'37153 Logan Hill','UNKNOWN','UNKNOWN',10,'Juanita Benyan','2344678584',252000,1,1),(196,'0 Texas Hill','UNKNOWN','UNKNOWN',10,'Walther Scarrott','8086635469',314000,1,1),(197,'4 Hanson Terrace','UNKNOWN','UNKNOWN',22,'Ced Spiby','2022133542',362000,2,1),(198,'37819 Sachs Hill','UNKNOWN','UNKNOWN',10,'Eben Dilliston','1163215411',330000,1,1),(199,'1109 Shasta Pass','UNKNOWN','UNKNOWN',15,'Brenn Ilson','5299995557',170000,2,1),(200,'66850 Leroy Plaza','UNKNOWN','UNKNOWN',9,'Brandtr Blaisdell','1618382219',156000,1,1),(201,'09700 Montana Alley','UNKNOWN','UNKNOWN',11,'Teodorico Dragge','6615345086',753000,1,1),(202,'5313 Harbort Park','UNKNOWN','UNKNOWN',20,'Rona Troker','9657449923',214000,2,1),(203,'1592 Maple Wood Trail','UNKNOWN','UNKNOWN',9,'Merle McEnteggart','4563833725',101000,1,1),(204,'48466 Arkansas Parkway','UNKNOWN','UNKNOWN',20,'Ari Esson','9354936600',210000,2,1),(205,'9 Fallview Circle','UNKNOWN','UNKNOWN',14,'Feodor Oxenden','8194277388',83000,2,1),(206,'056 Di Loreto Center','UNKNOWN','UNKNOWN',20,'Adelind Tarbox','7431982298',300000,2,1),(207,'70 Nobel Plaza','UNKNOWN','UNKNOWN',15,'Katine Hillett','9324685666',110000,2,1),(208,'53976 Di Loreto Lane','UNKNOWN','UNKNOWN',9,'Paolina Ipsly','8376010188',125000,1,1),(209,'6 Bayside Court','UNKNOWN','UNKNOWN',10,'Nickie Smoote','4715710807',310000,1,1),(210,'28924 Talmadge Lane','UNKNOWN','UNKNOWN',27,'Theobald Forrington','4244357232',585000,2,1),(211,'1971 Northfield Alley','UNKNOWN','UNKNOWN',20,'Maddalena Ling','4722690035',280000,2,1),(212,'8451 Shoshone Court','UNKNOWN','UNKNOWN',20,'Alan Forton','9299924724',252000,2,1),(213,'239 Acker Road','UNKNOWN','UNKNOWN',9,'Rebe Buckles','7388440957',197000,1,1),(214,'07126 Oakridge Avenue','UNKNOWN','UNKNOWN',15,'Hilda Joselovitch','7727688124',159000,2,1),(215,'69567 Village Court','UNKNOWN','UNKNOWN',10,'Sergei Bouzan','8695206425',430000,1,1),(216,'00 Fordem Terrace','UNKNOWN','UNKNOWN',10,'Farrah Blackaby','4497294732',358000,1,1),(217,'2 Bellgrove Court','UNKNOWN','UNKNOWN',27,'Rutledge Pudge','7659946942',786000,2,1),(218,'7270 Susan Center','UNKNOWN','UNKNOWN',10,'Derk Hickford','2752209603',429000,1,1),(219,'629 Green Ridge Center','UNKNOWN','UNKNOWN',20,'Quinn Tulip','1753156302',227000,2,1),(220,'8 Vernon Drive','UNKNOWN','UNKNOWN',23,'Fredek Croysdale','4834527683',496000,2,1),(221,'80 Cottonwood Drive','UNKNOWN','UNKNOWN',23,'Faustina Fellgatt','9095288178',454000,2,1),(222,'864 Anzinger Street','UNKNOWN','UNKNOWN',15,'Julissa Cawdell','4049675901',187000,2,1),(223,'70494 Golf Course Way','UNKNOWN','UNKNOWN',9,'Reagan Davana','1771999147',178000,1,1),(224,'956 Vera Junction','UNKNOWN','UNKNOWN',15,'Linzy Warham','5462658177',141000,2,1),(225,'69212 Pierstorff Plaza','UNKNOWN','UNKNOWN',22,'Alva Scarsbrick','5972445304',363000,2,1),(226,'86 Dayton Way','UNKNOWN','UNKNOWN',11,'Mina Braisby','1134441665',678000,1,1),(227,'42 Rusk Drive','UNKNOWN','UNKNOWN',20,'Goldina Sainsbury-Brown','6646664143',262000,2,1),(228,'7626 Declaration Junction','UNKNOWN','UNKNOWN',14,'Leia Kuschek','6336944389',99000,2,1),(229,'54 Eagle Crest Lane','UNKNOWN','UNKNOWN',22,'Shauna Loseby','9036332001',384000,2,1),(230,'401 Arapahoe Plaza','UNKNOWN','UNKNOWN',3,'Steffane Figgins','3271741864',40000,1,1),(231,'72 Eggendart Court','UNKNOWN','UNKNOWN',9,'Latashia Long','4665274262',153000,1,1),(232,'6358 Di Loreto Center','UNKNOWN','UNKNOWN',14,'Adella Rosevear','2985924674',81000,2,1),(233,'8515 Cottonwood Parkway','UNKNOWN','UNKNOWN',23,'Elfreda Spawton','7041528082',450000,2,1),(234,'69808 Holy Cross Hill','UNKNOWN','UNKNOWN',9,'Jodee Kibblewhite','7999852435',198000,1,1),(235,'19359 Lillian Park','UNKNOWN','UNKNOWN',20,'Corabelle Ryall','1486914082',226000,2,1),(236,'260 Laurel Way','UNKNOWN','UNKNOWN',22,'Geneva Huikerby','6571737755',344000,2,1),(237,'4537 Warner Parkway','UNKNOWN','UNKNOWN',15,'Pammie Burkwood','2776305110',114000,2,1),(238,'89 Rusk Crossing','UNKNOWN','UNKNOWN',7,'Ladonna Loges','6576858666',81000,1,1),(239,'5061 Troy Center','UNKNOWN','UNKNOWN',15,'Amalie Breslin','5466938490',132000,2,1),(240,'153 Straubel Court','UNKNOWN','UNKNOWN',15,'Janeta Gorden','9674400577',118000,2,1),(241,'4 Carpenter Drive','UNKNOWN','UNKNOWN',20,'Cinda Jendricke','4076856503',241000,2,1),(242,'9222 Bobwhite Pass','UNKNOWN','UNKNOWN',7,'Roxie Garvie','8662060123',94000,1,1),(243,'7 Macpherson Street','UNKNOWN','UNKNOWN',14,'Prudi Myner','8221710744',59000,2,1),(244,'0 Barby Circle','UNKNOWN','UNKNOWN',9,'Linet Bollins','6787980874',163000,1,1),(245,'0074 High Crossing Point','UNKNOWN','UNKNOWN',11,'Milt Highwood','8283885655',657000,1,1),(246,'33 Swallow Junction','UNKNOWN','UNKNOWN',10,'Donaugh Ivashchenko','5054030479',218000,1,1),(247,'2 Red Cloud Lane','UNKNOWN','UNKNOWN',15,'Juanita Hollyland','8978931999',138000,2,1),(248,'75513 Westridge Terrace','UNKNOWN','UNKNOWN',10,'Paolo Schurcke','5394401944',276000,1,1),(249,'9 Mandrake Avenue','UNKNOWN','UNKNOWN',27,'Kial Boffin','5742747875',729000,2,1),(250,'5 Anniversary Point','UNKNOWN','UNKNOWN',10,'Lorant Puttock','1642645403',436000,1,1),(251,'16 Starling Place','UNKNOWN','UNKNOWN',9,'Bartel Hainsworth','1478660663',122000,1,1),(252,'98448 Gale Avenue','UNKNOWN','UNKNOWN',23,'Delcine Baine','1951843764',465000,2,1),(253,'3577 Anniversary Avenue','UNKNOWN','UNKNOWN',9,'Garrard Norwell','1727511649',122000,1,1),(254,'678 Canary Road','UNKNOWN','UNKNOWN',9,'Daffie Spottiswood','2233661898',167000,1,1),(255,'1145 Prairieview Street','UNKNOWN','UNKNOWN',10,'Elfrieda Berndtssen','1866127148',237000,1,1),(256,'778 Magdeline Junction','UNKNOWN','UNKNOWN',11,'Adina Farfull','7224190394',558000,1,1),(257,'81 Monterey Lane','UNKNOWN','UNKNOWN',11,'Margy Yeardley','4207138724',594000,1,1),(258,'19 Old Gate Trail','UNKNOWN','UNKNOWN',10,'Marcille Beckensall','5846893040',224000,1,1),(259,'9942 Londonderry Road','UNKNOWN','UNKNOWN',10,'Aime Guillon','1491202421',296000,1,1),(260,'47 Alpine Center','UNKNOWN','UNKNOWN',9,'Faye Pallister','7318097657',112000,1,1),(261,'739 Delaware Road','UNKNOWN','UNKNOWN',9,'Kit Heinsen','8121435125',117000,1,1),(262,'5874 Little Fleur Street','UNKNOWN','UNKNOWN',20,'Quent Tooth','7667819613',250000,2,1),(263,'46 Tony Crossing','UNKNOWN','UNKNOWN',20,'Lissie Lebel','5597237171',208000,2,1),(264,'0074 Hanson Park','UNKNOWN','UNKNOWN',10,'Freddy Stivani','6182929301',366000,1,1),(265,'896 Buhler Way','UNKNOWN','UNKNOWN',10,'Rudiger Bishop','8318022642',405000,1,1),(266,'4 Prairie Rose Trail','UNKNOWN','UNKNOWN',7,'Normy Szapiro','6505079367',96000,1,1),(267,'6991 Florence Plaza','UNKNOWN','UNKNOWN',22,'Elsbeth La Torre','8663842910',320000,2,1),(268,'3863 Myrtle Center','UNKNOWN','UNKNOWN',20,'Reinald Vinter','6065388045',261000,2,1),(269,'723 Killdeer Trail','UNKNOWN','UNKNOWN',9,'Porter Huckell','3082010542',168000,1,1),(270,'845 Roxbury Park','UNKNOWN','UNKNOWN',15,'Langston Dobbins','4689494046',136000,2,1),(271,'29060 Lerdahl Trail','UNKNOWN','UNKNOWN',9,'Neils Adin','5281814547',183000,1,1),(272,'14726 Marquette Avenue','UNKNOWN','UNKNOWN',8,'Ginger Traite','7598052532',45000,2,1),(273,'2900 Waubesa Center','UNKNOWN','UNKNOWN',14,'Nicolais Plowman','5079634337',100000,2,1),(274,'59680 Michigan Trail','UNKNOWN','UNKNOWN',10,'Carlen Cowles','8273064165',342000,1,1),(275,'0310 Paget Road','UNKNOWN','UNKNOWN',20,'Wayne Darke','9071050235',264000,2,1),(276,'2824 Monica Hill','UNKNOWN','UNKNOWN',22,'Madlin McEniry','9323010918',364000,2,1),(277,'689 8th Road','UNKNOWN','UNKNOWN',22,'Janifer Ghirigori','1748357387',339000,2,1),(278,'2 La Follette Street','UNKNOWN','UNKNOWN',14,'Tessie Chessum','7422459848',68000,2,1),(279,'4091 Westport Way','UNKNOWN','UNKNOWN',9,'Felicio Kemmish','8258023268',195000,1,1),(280,'706 Roth Pass','UNKNOWN','UNKNOWN',14,'Elna Ormerod','8613928747',93000,2,1),(281,'3297 8th Way','UNKNOWN','UNKNOWN',23,'Coreen Probert','5533292071',452000,2,1),(282,'89573 Darwin Pass','UNKNOWN','UNKNOWN',9,'Kara-lynn Collaton','9842420736',169000,1,1),(283,'64 Butternut Terrace','UNKNOWN','UNKNOWN',11,'Whitby Burden','7276128148',648000,1,1),(284,'475 Raven Plaza','UNKNOWN','UNKNOWN',14,'Cassandry Rance','1653442305',94000,2,1),(285,'196 Spohn Way','UNKNOWN','UNKNOWN',9,'Viki Doulden','6233147381',153000,1,1),(286,'86291 Forest Parkway','UNKNOWN','UNKNOWN',20,'Marten Sunock','9729325019',208000,2,1),(287,'806 Summer Ridge Center','UNKNOWN','UNKNOWN',15,'Valaree Pleavin','1146929156',134000,2,1),(288,'22603 Maywood Alley','UNKNOWN','UNKNOWN',27,'Augy Loade','8153300002',711000,2,1),(289,'24 Burning Wood Park','UNKNOWN','UNKNOWN',9,'Larina Crowe','3957620606',108000,1,1),(290,'30971 Huxley Point','UNKNOWN','UNKNOWN',10,'Jacquette Starmont','5514929316',438000,1,1),(291,'0 Hazelcrest Street','UNKNOWN','UNKNOWN',20,'Annora Tayt','1745005761',253000,2,1),(292,'69 Scofield Crossing','UNKNOWN','UNKNOWN',20,'Sarene Wickes','2142956336',201000,2,1),(293,'27120 Walton Road','UNKNOWN','UNKNOWN',15,'Romona Landsbury','8995991408',182000,2,1),(294,'69723 Novick Crossing','UNKNOWN','UNKNOWN',23,'Isabelle Mixon','6763978267',406000,2,1),(295,'5 Alpine Circle','UNKNOWN','UNKNOWN',23,'Lusa Jobern','1616041927',454000,2,1),(296,'92923 Sauthoff Circle','UNKNOWN','UNKNOWN',14,'Karina Darco','7546467456',76000,2,1),(297,'60 Talisman Plaza','UNKNOWN','UNKNOWN',14,'Chrysa Cabera','6591928780',81000,2,1),(298,'44 Rowland Crossing','UNKNOWN','UNKNOWN',10,'Melany McNalley','4153386405',330000,1,1),(299,'883 Farmco Parkway','UNKNOWN','UNKNOWN',20,'Geno Jerg','7638059586',210000,2,1),(300,'7 Cottonwood Circle','UNKNOWN','UNKNOWN',15,'Abeu Scarre','7589459327',182000,2,1),(301,'0 East Court','UNKNOWN','UNKNOWN',7,'Berna Schouthede','2939692536',94000,1,1),(302,'9 Monica Parkway','UNKNOWN','UNKNOWN',20,'Mack Minot','1125776083',206000,2,1),(303,'4267 Corry Court','UNKNOWN','UNKNOWN',15,'Odessa Marlon','1019250782',117000,2,1),(304,'84610 Meadow Valley Lane','UNKNOWN','UNKNOWN',10,'Donall O\'Cooney','9555980963',210000,1,1),(305,'5 Mccormick Way','UNKNOWN','UNKNOWN',23,'Louise Huggill','1426024102',417000,2,1),(306,'330 Scofield Street','UNKNOWN','UNKNOWN',22,'Lorna Lardier','7616206545',344000,2,1),(307,'88 Village Green Parkway','UNKNOWN','UNKNOWN',10,'Ailee Bonsale','3814485704',270000,1,1),(308,'66 Di Loreto Avenue','UNKNOWN','UNKNOWN',15,'Clemmie Coverly','8349097571',198000,2,1),(309,'519 Ilene Terrace','UNKNOWN','UNKNOWN',20,'Cello Lytle','4205239632',253000,2,1),(310,'13 Eastlawn Place','UNKNOWN','UNKNOWN',23,'Chrotoem Ravelus','8445749059',450000,2,1),(311,'38432 Bashford Center','UNKNOWN','UNKNOWN',15,'Renaud Yakov','5478269648',170000,2,1),(312,'78475 Little Fleur Park','UNKNOWN','UNKNOWN',20,'Dulcie Harnwell','4365084193',218000,2,1),(313,'0 Kings Alley','UNKNOWN','UNKNOWN',15,'Meg Otteridge','7432572371',198000,2,1),(314,'22600 Haas Alley','UNKNOWN','UNKNOWN',3,'Nannie Woliter','5546935121',48000,1,1),(315,'471 Dahle Lane','UNKNOWN','UNKNOWN',20,'Norina Gittoes','2797278515',226000,2,1),(316,'47 Morning Lane','UNKNOWN','UNKNOWN',9,'Suzann Sarge','5392501219',110000,1,1),(317,'4 Portage Terrace','UNKNOWN','UNKNOWN',15,'Nicola Such','6271960032',164000,2,1),(318,'7221 Coleman Trail','UNKNOWN','UNKNOWN',9,'Fania McPartlin','4893843320',136000,1,1),(319,'55 Golf Course Alley','UNKNOWN','UNKNOWN',10,'Elijah Tolwood','3022326391',386000,1,1),(320,'688 Waxwing Hill','UNKNOWN','UNKNOWN',15,'Troy Guiot','5644338108',154000,2,1),(321,'8014 Namekagon Road','UNKNOWN','UNKNOWN',9,'Shirline Stockley','5898651757',150000,1,1),(322,'01909 Almo Way','UNKNOWN','UNKNOWN',27,'Gussie Mateu','9952955355',516000,2,1),(323,'375 Continental Pass','UNKNOWN','UNKNOWN',10,'Uta Serris','3921599378',456000,1,1),(324,'094 Lotheville Crossing','UNKNOWN','UNKNOWN',10,'Arvy Patullo','9195722129',243000,1,1),(325,'47 Hoepker Crossing','UNKNOWN','UNKNOWN',20,'Goober Allgood','1981225442',279000,2,1),(326,'6 Bayside Pass','UNKNOWN','UNKNOWN',27,'Odell Beel','5687878679',642000,2,1),(327,'4 Hollow Ridge Park','UNKNOWN','UNKNOWN',9,'Marmaduke Koenraad','6822440649',102000,1,1),(328,'321 Waywood Point','UNKNOWN','UNKNOWN',27,'Teddy Matysiak','6447892524',552000,2,1),(329,'192 Mayer Pass','UNKNOWN','UNKNOWN',14,'Nichols Loukes','8325403487',94000,2,1),(330,'083 Esker Drive','UNKNOWN','UNKNOWN',27,'Janenna Pendlington','6878637339',504000,2,1),(331,'63060 Randy Terrace','UNKNOWN','UNKNOWN',10,'Ricki Guilayn','7304702068',459000,1,1),(332,'25969 Hintze Lane','UNKNOWN','UNKNOWN',22,'Rachelle Devany','2464547341',302000,2,1),(333,'6 Clove Pass','UNKNOWN','UNKNOWN',10,'Allis Malcolm','5951605912',418000,1,1),(334,'1 Canary Circle','UNKNOWN','UNKNOWN',10,'Selby Courtin','2209458635',444000,1,1),(335,'878 Manley Center','UNKNOWN','UNKNOWN',23,'Hastie Scurry','8208418386',462000,2,1),(336,'28250 Blackbird Park','UNKNOWN','UNKNOWN',27,'Gabriello Leffek','4536133057',558000,2,1),(337,'38 Lotheville Trail','UNKNOWN','UNKNOWN',10,'Hedvige Maestrini','8081392864',242000,1,1),(338,'49 Mendota Terrace','UNKNOWN','UNKNOWN',22,'Meaghan Glascott','6985637016',363000,2,1),(339,'628 Schlimgen Terrace','UNKNOWN','UNKNOWN',10,'Catie Roseman','8412019671',480000,1,1),(340,'82 Sommers Road','UNKNOWN','UNKNOWN',10,'Lina Wardlow','8904974827',366000,1,1),(341,'217 Pearson Plaza','UNKNOWN','UNKNOWN',10,'Woodman Mayell','2083006153',344000,1,1),(342,'51 Grover Hill','UNKNOWN','UNKNOWN',7,'Joe Liptrod','8595382139',67000,1,1),(343,'5542 Karstens Plaza','UNKNOWN','UNKNOWN',10,'Thurston Bromehed','2711239643',300000,1,1),(344,'8 Homewood Avenue','UNKNOWN','UNKNOWN',20,'Romeo Chalkly','4441764514',253000,2,1),(345,'9 Parkside Center','UNKNOWN','UNKNOWN',27,'Ciel Churm','2927231073',750000,2,1),(346,'69 Shoshone Crossing','UNKNOWN','UNKNOWN',7,'Emile Forth','2636657046',99000,1,1),(347,'668 Farragut Court','UNKNOWN','UNKNOWN',15,'Tilly Tuffrey','5675785563',132000,2,1),(348,'5657 Pierstorff Street','UNKNOWN','UNKNOWN',23,'Ethyl Maro','7329315077',426000,2,1),(349,'6 Eastwood Center','UNKNOWN','UNKNOWN',23,'Liesa Buckler','2475858763',444000,2,1),(350,'81055 Mesta Place','UNKNOWN','UNKNOWN',9,'Alexio Strephan','5058349645',105000,1,1),(351,'9 Magdeline Alley','UNKNOWN','UNKNOWN',11,'Osgood Henriet','7277853002',720000,1,1),(352,'83847 Anthes Circle','UNKNOWN','UNKNOWN',22,'Ruggiero Hacon','8172280901',364000,2,1),(353,'1259 Morning Alley','UNKNOWN','UNKNOWN',10,'Priscella Sibray','6388131524',399000,1,1),(354,'70 Lakewood Gardens Park','UNKNOWN','UNKNOWN',10,'Leanna Sahnow','9174436979',273000,1,1),(355,'319 Glacier Hill Road','UNKNOWN','UNKNOWN',15,'Goran Washbrook','3489472653',189000,2,1),(356,'15 Dakota Hill','UNKNOWN','UNKNOWN',11,'Dreddy Hamments','2151551807',603000,1,1),(357,'8 Twin Pines Pass','UNKNOWN','UNKNOWN',10,'Giraldo Prugel','1367780349',233000,1,1),(358,'27 Green Plaza','UNKNOWN','UNKNOWN',22,'Rockey Atcherley','3931373214',360000,2,1),(359,'207 Meadow Ridge Lane','UNKNOWN','UNKNOWN',9,'Oliy Kull','9954734560',139000,1,1),(360,'165 Gina Place','UNKNOWN','UNKNOWN',15,'Waneta Polak','7489825084',129000,2,1),(361,'43875 Mifflin Plaza','UNKNOWN','UNKNOWN',10,'Marj Dewett','2337666322',482000,1,1),(362,'6 Caliangt Circle','UNKNOWN','UNKNOWN',27,'Mohammed Mantrip','9164288223',576000,2,1),(363,'8326 Gulseth Crossing','UNKNOWN','UNKNOWN',10,'Gusta Sperrett','7509191688',470000,1,1),(364,'50570 Mariners Cove Parkway','UNKNOWN','UNKNOWN',27,'Cathrin Dudny','3532714772',555000,2,1),(365,'8 Donald Parkway','UNKNOWN','UNKNOWN',10,'Jard Rault','8919751019',243000,1,1),(366,'91 Center Plaza','UNKNOWN','UNKNOWN',20,'Adah Boatman','2691176662',231000,2,1),(367,'0614 Arizona Point','UNKNOWN','UNKNOWN',22,'Adriane Yusupov','7813195982',309000,2,1),(368,'892 Petterle Circle','UNKNOWN','UNKNOWN',7,'Dick Sandbrook','9779196320',68000,1,1),(369,'7410 Shasta Terrace','UNKNOWN','UNKNOWN',27,'Salaidh Wasylkiewicz','9533041249',711000,2,1),(370,'2848 Summer Ridge Avenue','UNKNOWN','UNKNOWN',27,'Aube Kleinhandler','9755453023',711000,2,1),(371,'7858 Utah Road','UNKNOWN','UNKNOWN',9,'Danette Kachel','6817437088',121000,1,1),(372,'03219 Forest Run Center','UNKNOWN','UNKNOWN',14,'Bernadene Riquet','3121199829',95000,2,1),(373,'31 Mandrake Crossing','UNKNOWN','UNKNOWN',10,'Barbara-anne Pelzer','5443810389',478000,1,1),(374,'14 Lotheville Parkway','UNKNOWN','UNKNOWN',9,'Lavina McGreil','9264648869',159000,1,1),(375,'87748 Bellgrove Pass','UNKNOWN','UNKNOWN',23,'Darnell Dorward','9341523574',495000,2,1),(376,'4 Straubel Drive','UNKNOWN','UNKNOWN',9,'Dukey Lytle','8537791193',126000,1,1),(377,'796 Logan Plaza','UNKNOWN','UNKNOWN',9,'Jethro Proschke','1339587499',196000,1,1),(378,'2623 Dwight Street','UNKNOWN','UNKNOWN',15,'Alyssa Janata','8214648726',145000,2,1),(379,'44946 Darwin Road','UNKNOWN','UNKNOWN',23,'Davon Siebert','4116048244',494000,2,1),(380,'0 Westerfield Crossing','UNKNOWN','UNKNOWN',7,'Meggy Toleman','3753049535',67000,1,1),(381,'4 Schlimgen Parkway','UNKNOWN','UNKNOWN',15,'Vivie Ollerearnshaw','1634627235',145000,2,1),(382,'0589 Kenwood Park','UNKNOWN','UNKNOWN',8,'Cary Everton','7285184714',38000,2,1),(383,'855 Muir Plaza','UNKNOWN','UNKNOWN',10,'Kerry Olanda','4599051524',253000,1,1),(384,'805 Washington Plaza','UNKNOWN','UNKNOWN',23,'Christabella Hewkin','2314687852',495000,2,1),(385,'8 Division Drive','UNKNOWN','UNKNOWN',15,'Delainey Fennelow','1294836835',123000,2,1),(386,'465 Johnson Way','UNKNOWN','UNKNOWN',27,'Lamond Cavilla','2868255859',786000,2,1),(387,'12 Clyde Gallagher Avenue','UNKNOWN','UNKNOWN',15,'Roddy Dionisetto','9272842024',179000,2,1),(388,'52848 New Castle Street','UNKNOWN','UNKNOWN',11,'Casi Littlemore','6419595363',549000,1,1),(389,'4 Grim Parkway','UNKNOWN','UNKNOWN',10,'Aurea Kringe','7161943123',262000,1,1),(390,'6432 Sunfield Street','UNKNOWN','UNKNOWN',15,'Hurley Taylo','5132071579',167000,2,1),(391,'75 Melrose Street','UNKNOWN','UNKNOWN',10,'Quintina Jentle','4558967732',243000,1,1),(392,'7 Mosinee Court','UNKNOWN','UNKNOWN',14,'Milka Gard','6635319718',69000,2,1),(393,'396 Nevada Place','UNKNOWN','UNKNOWN',7,'Iain Monkeman','3365727384',78000,1,1),(394,'67517 3rd Street','UNKNOWN','UNKNOWN',23,'Hendrick Seaborn','7302603795',490000,2,1),(395,'27 School Hill','UNKNOWN','UNKNOWN',22,'Darb Wingar','6679529705',327000,2,1),(396,'9161 Fallview Hill','UNKNOWN','UNKNOWN',9,'Kata Rowbrey','9426076046',118000,1,1),(397,'4087 Bluejay Avenue','UNKNOWN','UNKNOWN',27,'Gene Pedwell','4311058412',603000,2,1),(398,'485 Arrowood Road','UNKNOWN','UNKNOWN',22,'Bud MacMickan','2305108264',382000,2,1),(399,'81 Ridgeway Trail','UNKNOWN','UNKNOWN',11,'Arabel Jiroutek','8951960553',645000,1,1),(400,'01527 Jana Road','UNKNOWN','UNKNOWN',15,'Valenka Teather','3089365773',113000,2,1),(401,'91333 Quincy Street','UNKNOWN','UNKNOWN',20,'Lorain Guitonneau','4326607555',236000,2,1),(402,'8378 Gulseth Alley','UNKNOWN','UNKNOWN',20,'Farrand Mepham','8545095943',297000,2,1),(403,'01 Upham Pass','UNKNOWN','UNKNOWN',9,'Natka Rosencrantz','7797438452',120000,1,1),(404,'1 Carey Plaza','UNKNOWN','UNKNOWN',9,'Caleb Lotwich','4684449863',158000,1,1),(405,'85038 Waxwing Street','UNKNOWN','UNKNOWN',23,'Raye Cauldfield','9599357296',466000,2,1),(406,'0731 Kedzie Street','UNKNOWN','UNKNOWN',10,'Hilliary Soulsby','4216946976',219000,1,1),(407,'596 2nd Parkway','UNKNOWN','UNKNOWN',15,'Nariko Rudsdale','4948682612',124000,2,1),(408,'0514 Sundown Trail','UNKNOWN','UNKNOWN',9,'Max Firby','7776020380',105000,1,1),(409,'20 Dexter Place','UNKNOWN','UNKNOWN',20,'Sherwin Bertelet','1926263557',292000,2,1),(410,'40 Lotheville Junction','UNKNOWN','UNKNOWN',10,'Augustine Maruszewski','3495054597',297000,1,1),(411,'81 Westerfield Trail','UNKNOWN','UNKNOWN',15,'Sigrid Bensley','5896789225',188000,2,1),(412,'289 Victoria Plaza','UNKNOWN','UNKNOWN',23,'Tymothy Maven','7933666379',432000,2,1),(413,'99 Grover Alley','UNKNOWN','UNKNOWN',22,'Kahlil Tackell','4839179409',376000,2,1),(414,'443 Spaight Trail','UNKNOWN','UNKNOWN',10,'Kitti Daniely','1691144430',236000,1,1),(415,'043 Talmadge Parkway','UNKNOWN','UNKNOWN',20,'Lidia Smitheman','6407492187',207000,2,1),(416,'09567 Dexter Point','UNKNOWN','UNKNOWN',20,'Gwenni Fulks','5469472672',226000,2,1),(417,'9 Lake View Terrace','UNKNOWN','UNKNOWN',14,'Roseline Flament','2053892203',60000,2,1),(418,'20111 Mendota Way','UNKNOWN','UNKNOWN',15,'Orsa Allett','2716704040',171000,2,1),(419,'15297 Anderson Terrace','UNKNOWN','UNKNOWN',11,'Michael Farrimond','9004322557',666000,1,1),(420,'142 Dorton Lane','UNKNOWN','UNKNOWN',15,'Jacintha Cotterrill','2724071324',105000,2,1),(421,'6 Oxford Point','UNKNOWN','UNKNOWN',10,'Kali Lazar','1708750876',489000,1,1),(422,'61 Lunder Pass','UNKNOWN','UNKNOWN',9,'Elene Bramford','3079168662',125000,1,1),(423,'51425 Graedel Avenue','UNKNOWN','UNKNOWN',20,'Melisande Ludlow','5379300224',285000,2,1),(424,'61 Walton Pass','UNKNOWN','UNKNOWN',22,'Graeme Stanesby','1584537351',354000,2,1),(425,'2 Old Gate Park','UNKNOWN','UNKNOWN',10,'Linus Stowe','5496799571',250000,1,1),(426,'7487 Manufacturers Alley','UNKNOWN','UNKNOWN',14,'Jeannette Mandal','8321509709',53000,2,1),(427,'48105 Barnett Road','UNKNOWN','UNKNOWN',9,'Bone Stolze','8142735517',117000,1,1),(428,'83 Ridge Oak Avenue','UNKNOWN','UNKNOWN',15,'Titus Soall','2372130392',133000,2,1),(429,'9523 Declaration Road','UNKNOWN','UNKNOWN',10,'Di Tofful','7941845886',309000,1,1),(430,'0 Badeau Parkway','UNKNOWN','UNKNOWN',14,'Krystalle Hirche','4354150989',60000,2,1),(431,'814 Lukken Avenue','UNKNOWN','UNKNOWN',22,'Tito Zarfai','3567890234',352000,2,1),(432,'36991 Larry Plaza','UNKNOWN','UNKNOWN',10,'Trudey Brisland','7603412018',366000,1,1),(433,'6265 Continental Street','UNKNOWN','UNKNOWN',11,'Gilbertina McKag','3013852386',771000,1,1),(434,'5881 Northridge Drive','UNKNOWN','UNKNOWN',15,'Terence Osipov','2539255715',154000,2,1),(435,'1 Di Loreto Lane','UNKNOWN','UNKNOWN',27,'Tammara Barkus','3491517332',597000,2,1),(436,'07587 Hayes Avenue','UNKNOWN','UNKNOWN',9,'Nelli Moylan','6476768652',160000,1,1),(437,'480 Killdeer Drive','UNKNOWN','UNKNOWN',15,'Madella Colborn','3893797143',178000,2,1),(438,'59370 Brickson Park Trail','UNKNOWN','UNKNOWN',23,'Demetrius MacAlaster','9047518309',452000,2,1),(439,'5055 Lyons Trail','UNKNOWN','UNKNOWN',10,'Valentia Tyrone','1265558033',444000,1,1),(440,'4493 Paget Terrace','UNKNOWN','UNKNOWN',20,'Anallise Killingworth','3827470019',204000,2,1),(441,'837 Dwight Park','UNKNOWN','UNKNOWN',10,'Fancie Cops','9959252386',480000,1,1),(442,'464 Commercial Trail','UNKNOWN','UNKNOWN',11,'Melanie Moralis','1011570347',600000,1,1),(443,'7661 Chinook Crossing','UNKNOWN','UNKNOWN',22,'Dorothee Crosskell','7697936282',354000,2,1),(444,'38408 Eggendart Hill','UNKNOWN','UNKNOWN',6,'Katalin Venton','4719206404',35000,2,1),(445,'1 Atwood Park','UNKNOWN','UNKNOWN',10,'Rowan Caghan','6075119048',462000,1,1),(446,'1038 Evergreen Circle','UNKNOWN','UNKNOWN',20,'Tammie Rosas','7191275244',250000,2,1),(447,'7180 Shoshone Street','UNKNOWN','UNKNOWN',7,'Erna Dumphry','8505902842',92000,1,1),(448,'6 Esch Terrace','UNKNOWN','UNKNOWN',14,'Donnie Ambroise','2161338245',97000,2,1),(449,'22334 Oxford Road','UNKNOWN','UNKNOWN',11,'Kimball Heyburn','4287920599',795000,1,1),(450,'41 Hallows Street','UNKNOWN','UNKNOWN',15,'Dennie Nigh','9779535147',153000,2,1),(451,'855 Arkansas Plaza','UNKNOWN','UNKNOWN',20,'Dudley Grogona','8912133517',225000,2,1),(452,'8 Forster Plaza','UNKNOWN','UNKNOWN',15,'Michal Floyde','6272196553',157000,2,1),(453,'6 Roth Circle','UNKNOWN','UNKNOWN',11,'Else Grimsditch','1049638756',507000,1,1),(454,'8839 Evergreen Center','UNKNOWN','UNKNOWN',9,'Cherise Klagge','2732740395',169000,1,1),(455,'102 Mendota Point','UNKNOWN','UNKNOWN',20,'Base MacColl','1913870814',253000,2,1),(456,'226 Dorton Drive','UNKNOWN','UNKNOWN',14,'Nada Boman','1442193202',64000,2,1),(457,'3735 Golf Course Park','UNKNOWN','UNKNOWN',15,'Peggi Masterton','5293032681',152000,2,1),(458,'1715 Mockingbird Court','UNKNOWN','UNKNOWN',10,'Willow Skarr','9146683976',243000,1,1),(459,'8796 American Hill','UNKNOWN','UNKNOWN',9,'Alysa Bell','7587894547',160000,1,1),(460,'558 Nelson Junction','UNKNOWN','UNKNOWN',10,'Tucky Terrey','6074994598',251000,1,1),(461,'7 Welch Plaza','UNKNOWN','UNKNOWN',10,'Sallie McLleese','5339085749',338000,1,1),(462,'1 Bashford Terrace','UNKNOWN','UNKNOWN',27,'Esme Boynton','1006848785',540000,2,1),(463,'01582 Village Avenue','UNKNOWN','UNKNOWN',20,'Bekki Abdon','7154876344',236000,2,1),(464,'94006 Nobel Plaza','UNKNOWN','UNKNOWN',22,'Reina Crotch','5705243747',302000,2,1),(465,'7383 Blackbird Junction','UNKNOWN','UNKNOWN',14,'Victoria Lorait','1396360106',68000,2,1),(466,'54308 Sauthoff Junction','UNKNOWN','UNKNOWN',3,'Karena Bratton','6218237565',33000,1,1),(467,'8 Superior Pass','UNKNOWN','UNKNOWN',22,'Mitzi Pickersgill','7894116247',338000,2,1),(468,'3 Utah Crossing','UNKNOWN','UNKNOWN',15,'Glyn Huddles','6405262616',198000,2,1),(469,'7610 Mariners Cove Terrace','UNKNOWN','UNKNOWN',11,'Kakalina Veck','6834700579',615000,1,1),(470,'2 Old Gate Way','UNKNOWN','UNKNOWN',10,'Wilfrid Frankowski','4342222129',378000,1,1),(471,'9 Buhler Hill','UNKNOWN','UNKNOWN',9,'Barrett Hatfull','3581866882',124000,1,1),(472,'4031 Killdeer Way','UNKNOWN','UNKNOWN',27,'Edwin Pettis','6443258268',558000,2,1),(473,'44474 Ridgeview Avenue','UNKNOWN','UNKNOWN',15,'Dennet Stansbury','1283690444',114000,2,1),(474,'07314 Fairfield Terrace','UNKNOWN','UNKNOWN',11,'Carlie Christon','8495177923',747000,1,1),(475,'4087 Pleasure Court','UNKNOWN','UNKNOWN',20,'Dar Grosier','9811887066',227000,2,1),(476,'5121 Scofield Center','UNKNOWN','UNKNOWN',20,'Mead Stevings','1945420904',212000,2,1),(477,'80 Nova Street','UNKNOWN','UNKNOWN',15,'Trueman Rosendahl','4407931851',196000,2,1),(478,'93991 Kim Center','UNKNOWN','UNKNOWN',10,'Viva Bortolotti','5828568712',327000,1,1),(479,'762 Meadow Valley Hill','UNKNOWN','UNKNOWN',9,'Mel Pabst','7736511806',184000,1,1),(480,'009 Dovetail Terrace','UNKNOWN','UNKNOWN',15,'Colan De Francesco','8025723871',183000,2,1),(481,'5910 Eastwood Pass','UNKNOWN','UNKNOWN',11,'Lorita Cortes','5283312672',514000,1,1),(482,'1581 Tony Park','UNKNOWN','UNKNOWN',15,'Verney Bilston','9669111042',104000,2,1),(483,'969 Mifflin Drive','UNKNOWN','UNKNOWN',3,'Lanny Daubeny','9605626766',30000,1,1),(484,'13 Sutteridge Drive','UNKNOWN','UNKNOWN',9,'Yuma Tonbye','4684121711',125000,1,1),(485,'34 Hoard Junction','UNKNOWN','UNKNOWN',7,'Neile Angear','7269385748',81000,1,1),(486,'4 Pierstorff Alley','UNKNOWN','UNKNOWN',9,'Jeff Powe','4958715617',132000,1,1),(487,'0195 Walton Drive','UNKNOWN','UNKNOWN',14,'Frieda Pocock','8394418183',70000,2,1),(488,'03 Clove Trail','UNKNOWN','UNKNOWN',10,'Sabina Sansum','1011814578',303000,1,1),(489,'365 Schurz Pass','UNKNOWN','UNKNOWN',23,'Keen Rosbotham','9254118252',446000,2,1),(490,'6600 Talmadge Street','UNKNOWN','UNKNOWN',15,'Aurthur Pursehouse','9311668645',118000,2,1),(491,'2 Hoepker Lane','UNKNOWN','UNKNOWN',11,'Logan Pendell','8723159142',753000,1,1),(492,'2 Schmedeman Junction','UNKNOWN','UNKNOWN',15,'Hinda Klaaassen','1759511131',169000,2,1),(493,'9689 Rieder Street','UNKNOWN','UNKNOWN',10,'Daria Domange','2225016036',226000,1,1),(494,'41593 Fremont Road','UNKNOWN','UNKNOWN',10,'Reeta Boxell','2503030814',393000,1,1),(495,'15 Eastlawn Circle','UNKNOWN','UNKNOWN',10,'Alphonse Pizey','8622442626',206000,1,1),(496,'0191 Fordem Street','UNKNOWN','UNKNOWN',20,'Angy Leonarde','1633859217',279000,2,1),(497,'5075 Glacier Hill Street','UNKNOWN','UNKNOWN',27,'Bobinette Darwin','1062269082',537000,2,1),(498,'32 Loftsgordon Street','UNKNOWN','UNKNOWN',14,'Dasie Larmor','8343947198',80000,2,1),(499,'2 David Avenue','UNKNOWN','UNKNOWN',11,'Boyce Aubrey','5425134322',741000,1,1),(500,'65 Carey Alley','UNKNOWN','UNKNOWN',7,'Bruno Narramore','6687696960',80000,1,1);
/*!40000 ALTER TABLE `customer` ENABLE KEYS */;
UNLOCK TABLES;

--
-- Table structure for table `discount`
--

DROP TABLE IF EXISTS `discount`;
/*!40101 SET @saved_cs_client     = @@character_set_client */;
/*!50503 SET character_set_client = utf8mb4 */;
CREATE TABLE `discount` (
  `discount_id` bigint NOT NULL AUTO_INCREMENT,
  `cash` double DEFAULT '0',
  `cash_limit` double DEFAULT '0',
  `created_time` datetime DEFAULT NULL,
  `description` varchar(1000) DEFAULT NULL,
  `discount_type` varchar(255) DEFAULT NULL,
  `expiry_time` datetime DEFAULT NULL,
  `name` varchar(200) DEFAULT NULL,
  `order_count` int DEFAULT '0',
  `percentage` double DEFAULT '0',
  `user_id` bigint DEFAULT NULL,
  PRIMARY KEY (`discount_id`),
  KEY `discount_user_id_index` (`user_id`)
) ENGINE=InnoDB AUTO_INCREMENT=61 DEFAULT CHARSET=utf8mb4 COLLATE=utf8mb4_0900_ai_ci;
/*!40101 SET character_set_client = @saved_cs_client */;

--
-- Dumping data for table `discount`
--

LOCK TABLES `discount` WRITE;
/*!40000 ALTER TABLE `discount` DISABLE KEYS */;
INSERT INTO `discount` VALUES (1,0,20000,'2021-06-15 00:00:00','10% Discount, Max 20000','BOTH','2021-06-20 00:00:00','First',0,10,2),(2,0,30000,'2021-06-21 00:00:00','10% Discount, Max 30000','BOTH','2021-06-23 00:00:00','Second',0,10,1),(3,0,50000,'2021-06-25 00:00:00','5% Discount, Max 50000','BOTH','2021-06-28 00:00:00','Third',0,5,2),(4,0,40000,'2021-06-29 00:00:00','10% Discount, Max 40000','BOTH','2021-07-02 00:00:00','Fourth',0,10,2),(5,0,20000,'2021-07-04 00:00:00','15% Discount, Max 20000','BOTH','2021-07-08 00:00:00','Fifth',0,15,2),(6,0,60000,'2021-07-10 00:00:00','5% Discount, Max 60000','BOTH','2021-07-14 00:00:00','Sixth',0,5,1),(7,0,30000,'2021-07-15 00:00:00','25% Discount, Max 30000','BOTH','2021-07-21 00:00:00','Seventh',0,25,2),(8,0,0,'2021-06-15 00:00:00','No discount','BOTH','9999-12-31 00:00:00','Eigth',0,0,1),(9,15000,15000,'2021-09-18 09:55:59','Discount 15000','CASH_ONLY','9999-12-31 00:00:00','Ninth',1,0,1),(10,10000,10000,'2021-09-13 08:11:21','Discount 10000','CASH_ONLY','9999-12-31 00:00:00','Tenth',0,0,1),(11,20000,20000,'2021-08-31 05:30:00','Discount 20000','CASH_ONLY','9999-12-31 00:00:00','Eleventh',0,0,1),(12,10000,10000,'2021-10-14 17:47:18','Discount 10000','CASH_ONLY','9999-12-31 00:00:00','Twelfth',0,0,1),(13,20000,20000,'2021-08-22 09:15:55','Discount 20000','CASH_ONLY','9999-12-31 00:00:00','Thirteenth',0,0,1),(14,15000,15000,'2021-11-03 03:08:36','Discount 15000','CASH_ONLY','9999-12-31 00:00:00','Fourteenth',1,0,2),(15,0,0,'2021-08-20 06:07:21','10% Discount','PERCENTAGE_ONLY','9999-12-31 00:00:00','Fifteenth',1,10,2),(16,0,0,'2021-08-03 15:29:54','5% Discount','PERCENTAGE_ONLY','9999-12-31 00:00:00','Sixteenth',0,5,1),(17,0,0,'2021-08-29 01:48:08','15% Discount','PERCENTAGE_ONLY','9999-12-31 00:00:00','Seventeenth',0,15,1),(18,0,0,'2021-08-08 16:23:35','20% Discount','PERCENTAGE_ONLY','9999-12-31 00:00:00','Eighteenth',0,20,1),(19,0,0,'2021-09-03 12:31:22','15% Discount','PERCENTAGE_ONLY','9999-12-31 00:00:00','Nineteenth',0,15,1),(20,0,0,'2021-10-23 05:03:16','10% Discount','PERCENTAGE_ONLY','9999-12-31 00:00:00','Twentyth',2,10,2),(21,25000,25000,'2021-09-21 09:20:23','Discount 25000','CASH_ONLY','9999-12-31 00:00:00','Twentyfirst',0,0,1),(22,30000,30000,'2021-08-08 05:31:33','Discount 30000','CASH_ONLY','9999-12-31 00:00:00','Twentysecond',0,0,2),(23,0,20000,'2021-09-30 02:15:46','5% Discount, Max 20000','BOTH','9999-12-31 00:00:00','Twentythird',0,5,2),(24,0,20000,'2021-08-18 09:33:20','10% Discount, Max 20000','BOTH','9999-12-31 00:00:00','Twentyfourth',0,10,1),(25,0,30000,'2021-08-26 13:31:46','10% Discount, Max 30000','BOTH','9999-12-31 00:00:00','Twentyfifth',0,10,1),(26,0,30000,'2021-09-10 12:41:54','15% Discount, Max 30000','BOTH','9999-12-31 00:00:00','Twentysixth',0,15,1),(27,0,40000,'2021-09-19 06:41:53','15% Discount, Max 40000','BOTH','9999-12-31 00:00:00','Twentyseventh',0,15,2),(28,0,40000,'2021-10-19 05:21:40','20% Discount, Max 40000','BOTH','9999-12-31 00:00:00','Twentyeighth',0,20,1),(29,0,50000,'2021-08-03 01:44:55','20% Discount, Max 50000','BOTH','9999-12-31 00:00:00','Twentynineth',0,20,1),(30,0,15000,'2021-07-30 18:16:04','5% Discount, Max 15000','BOTH','9999-12-31 00:00:00','Thirdty',0,5,2);
/*!40000 ALTER TABLE `discount` ENABLE KEYS */;
UNLOCK TABLES;

--
-- Table structure for table `fixed_cost`
--

DROP TABLE IF EXISTS `fixed_cost`;
/*!40101 SET @saved_cs_client     = @@character_set_client */;
/*!50503 SET character_set_client = utf8mb4 */;
CREATE TABLE `fixed_cost` (
  `fixed_cost_id` bigint NOT NULL AUTO_INCREMENT,
  `description` varchar(1000) DEFAULT NULL,
  `money_amount` double DEFAULT '0',
  `name` varchar(255) DEFAULT NULL,
  `period` int DEFAULT '0',
  `user_id` bigint DEFAULT NULL,
  `visible` tinyint(1) DEFAULT '1',
  PRIMARY KEY (`fixed_cost_id`),
  KEY `fixed_cost_user_id_index` (`user_id`)
) ENGINE=InnoDB AUTO_INCREMENT=501 DEFAULT CHARSET=utf8mb4 COLLATE=utf8mb4_0900_ai_ci;
/*!40101 SET character_set_client = @saved_cs_client */;

--
-- Dumping data for table `fixed_cost`
--

LOCK TABLES `fixed_cost` WRITE;
/*!40000 ALTER TABLE `fixed_cost` DISABLE KEYS */;
INSERT INTO `fixed_cost` VALUES (1,'Open prostatic biopsy',200000,'Alpha',30,1,1),(2,'Pros rep ventric def-opn',300000,'Beta',30,1,1),(3,'Arterial implant revasc',350000,'Gamma',30,1,1),(4,'Repair ob lac corp uteri',600000,'Theta',30,2,1),(5,'Insert rectal tube',485000,'Zaam-Dox',30,1,1),(6,'Resp tract intubat NEC',401000,'Vagram',30,2,1),(7,'Isolation',483000,'Alphazap',30,2,1),(8,'Excise cord/epid les NEC',281000,'Ventosanzap',30,1,1),(9,'Ankle fusion',317000,'Keylex',30,1,1),(10,'Heart countershock NEC',243000,'Fix San',30,1,1),(11,'Remove tracheostomy tube',191000,'Keylex',30,2,1),(12,'Vag repair invers uterus',160000,'Bigtax',30,1,1),(13,'Lap total abdominal hyst',154000,'Fix San',30,2,1),(14,'Excise lg intestine les',224000,'Duobam',30,1,1),(15,'Diagnostic amniocentesis',156000,'Subin',30,1,1),(16,'Remove ureteral ligature',472000,'Sub-Ex',30,1,1),(17,'Vein inject-scleros agnt',95000,'Tres-Zap',30,1,1),(18,'Inject tranquilizer',283000,'Veribet',30,1,1),(19,'Local gastr destruct NEC',198000,'Otcom',30,1,1),(20,'Destruc-ankle lesion NEC',72000,'Stringtough',30,1,1),(21,'Form cutan ileoureterost',128000,'Prodder',30,1,1),(22,'Exc spermatic varicocele',355000,'Alpha',30,1,1),(23,'Orthovoltage radiation',459000,'Andalax',30,1,1),(24,'Cls red-radius/ul epiphy',299000,'Redhold',30,1,1),(25,'Remov ren dialysis shunt',477000,'Matsoft',30,1,1),(26,'Obstetric operation NEC',127000,'Alphazap',30,2,1),(27,'Orthovoltage radiation',427000,'Opela',30,1,1),(28,'Remov vas deferens valve',394000,'Aerified',30,2,1),(29,'Myotomy',185000,'Quo Lux',30,2,1),(30,'Pleural biopsy NEC',106000,'Matsoft',30,2,1),(31,'Rad pancreaticoduodenect',336000,'Flexidy',30,1,1),(32,'Culture-upper GI',430000,'Andalax',30,2,1),(33,'Destruc-hand jt les NEC',211000,'Lotstring',30,2,1),(34,'Open thyroid gland bx',128000,'Zontrax',30,2,1),(35,'Repair of intestine NEC',369000,'Bamity',30,1,1),(36,'Assisted pool exercise',96000,'Keylex',30,1,1),(37,'Open reduc-tibia/fib fx',165000,'Prodder',30,1,1),(38,'Ins part disc pros lumb',468000,'Opela',30,2,1),(39,'Injec air-periton cavity',484000,'Tresom',30,1,1),(40,'Breast pedicle graft',83000,'Kanlam',30,1,1),(41,'Culture-musculoskeletal',187000,'Prodder',30,1,1),(42,'Excision of hip NEC',186000,'Zoolab',30,2,1),(43,'Replace bladder stimulat',298000,'Fintone',30,2,1),(44,'Open fx reduction NEC',433000,'Lotlux',30,1,1),(45,'Oth remove both ovaries',341000,'Voltsillam',30,1,1),(46,'Pancreatotomy NEC',334000,'Overhold',30,2,1),(47,'Total pancreatectomy',149000,'Ventosanzap',30,1,1),(48,'Pericardiotomy',104000,'Matsoft',30,2,1),(49,'Gastric lavage',435000,'Matsoft',30,2,1),(50,'Bilat part salpingec NOS',70000,'Zathin',30,1,1),(51,'Close red-humerus epiphy',268000,'Alpha',30,2,1),(52,'Insertion of laminaria',199000,'Transcof',30,2,1),(53,'Excision of wrist NEC',121000,'Overhold',30,2,1),(54,'Pelvic gas contrast xray',368000,'Bamity',30,1,1),(55,'Partial pancreatect NEC',115000,'Latlux',30,2,1),(56,'Cell blk/pap-lower GI',264000,'Veribet',30,2,1),(57,'Endovas repl aortc valve',473000,'Overhold',30,2,1),(58,'Skel xray-ankle & foot',212000,'Temp',30,1,1),(59,'Control bladd hemorrhage',434000,'Hatity',30,1,1),(60,'Thorac var v lig-strip',170000,'Ronstring',30,2,1),(61,'Lung vol reduction surg',342000,'Tresom',30,2,1),(62,'Pancreat sphincteroplas',266000,'Asoka',30,2,1),(63,'Pharyngeal operation NEC',237000,'Cardify',30,2,1),(64,'Int drain pancreat cyst',317000,'Lotstring',30,1,1),(65,'Other chordotomy',371000,'Regrant',30,2,1),(66,'Immobiliz/wound attn NEC',406000,'Tin',30,2,1),(67,'Lap gastroenterostomy',417000,'Holdlamis',30,2,1),(68,'Non-coronary IFVA',364000,'Mat Lam Tam',30,1,1),(69,'Enterostomy NEC',499000,'Andalax',30,1,1),(70,'Vertebral fx repair',473000,'It',30,2,1),(71,'Close red-int fix finger',368000,'Duobam',30,2,1),(72,'Anal incision NEC',351000,'Biodex',30,2,1),(73,'Myringotomy NEC',149000,'Sonsing',30,1,1),(74,'Excision lingual tonsil',487000,'Tin',30,1,1),(75,'Revision rhinoplasty',194000,'Lotlux',30,2,1),(76,'Other speech therapy',300000,'Kanlam',30,2,1),(77,'Replace vag diaphragm',417000,'Cookley',30,1,1),(78,'Remov urethral stent',255000,'Stim',30,2,1),(79,'Int insert dual-cham dev',385000,'Voyatouch',30,1,1),(80,'Imp/rep CRT defib genat',228000,'Ronstring',30,1,1),(81,'Lap left hemicolectomy',349000,'Y-find',30,1,1),(82,'Incision of testes',127000,'Holdlamis',30,2,1),(83,'Hemorrhoidectomy',383000,'Voyatouch',30,1,1),(84,'Magnet remov post seg FB',168000,'Aerified',30,1,1),(85,'Cil body diminution NOS',486000,'Sub-Ex',30,1,1),(86,'Bone graft to chest cage',132000,'Andalax',30,1,1),(87,'Arthroscopy NEC',425000,'Trippledex',30,1,1),(88,'Cholangiogram NEC',368000,'Ronstring',30,2,1),(89,'Oth cardiac mon output',496000,'Y-find',30,1,1),(90,'Contrast phlebogram NEC',442000,'Matsoft',30,1,1),(91,'Type 5 tympanoplasty',225000,'Job',30,1,1),(92,'Open reduc-wrist disloc',157000,'Keylex',30,1,1),(93,'Partial sialoadenectomy',475000,'Overhold',30,2,1),(94,'Kidney transplant NEC',107000,'Latlux',30,1,1),(95,'Hysterectomy NEC/NOS',335000,'Duobam',30,2,1),(96,'After-cataract excision',424000,'Daltfresh',30,2,1),(97,'Opn/oth repl pul valve',182000,'Ventosanzap',30,1,1),(98,'Retinal tear laser coag',430000,'Fix San',30,2,1),(99,'Inner ear fenestration',243000,'Zamit',30,1,1),(100,'Oth bunionect w sft corr',286000,'Domainer',30,2,1),(101,'Exc max sinus lesion NEC',222000,'LISINOPRIL AND HYDROCHLOROTHIAZIDE',30,1,1),(102,'Tendon trnsfr/transplant',177000,'Nevanac',30,1,1),(103,'Fetal blood sample/bx',172000,'Mineral Oil',30,2,1),(104,'Aspir curett uterus NEC',279000,'Lisinopril and Hydrochlorothiazide',30,1,1),(105,'C & s-upper GI',128000,'DE LA CRUZ GENTIAN VIOLET',30,2,1),(106,'Lap abltn liver les/tiss',102000,'Paroxetine',30,2,1),(107,'Angiocardiography NOS',78000,'Lisinopril',30,2,1),(108,'Remov ant segmnt les NOS',384000,'Treatment Set TS346964',30,2,1),(109,'Suture esophageal lacer',232000,'Glipizide and Metformin HCl',30,1,1),(110,'D & C post delivery',310000,'Imipramine Hydrochloride',30,1,1),(111,'Cervical canal dilation',101000,'ANTIBACTERIAL AMBER FLORAL',30,1,1),(112,'Retrobulbar injection',228000,'WATERMELON FROST SORE THROAT',30,2,1),(113,'Cell blk/pap NEC',86000,'ALTERNARIA TENUIS',30,1,1),(114,'Implt/repl carddefib tot',400000,'Irbesartan',30,1,1),(115,'Suture capsul/lig ank/ft',288000,'Cold Sore HP',30,2,1),(116,'Open robotic assist proc',192000,'Tretinoin',30,1,1),(117,'Liver scan/isotope funct',395000,'Menstrual Complete',30,2,1),(118,'Transplant hand musc NEC',298000,'American Cockroach',30,1,1),(119,'Retinal tear xenon coag',255000,'Oxygen',30,1,1),(120,'Neck support application',331000,'Wart Control',30,2,1),(121,'Contrast x-ray of sinus',139000,'Cefaclor',30,2,1),(122,'Thymectomy NOS',352000,'DELFLEX',30,1,1),(123,'Digital exam of uterus',244000,'EXCHANGE SELECT NICOTINE TRANSDERMAL SYSTEM',30,1,1),(124,'Bil fem hern repair-grft',113000,'MEDI-PAK',30,2,1),(125,'Part ostectomy-femur',133000,'Hot spot',30,2,1),(126,'Lid reconstruction NOS',280000,'Wegmans Ultra Dishwashing Orange Scent',30,1,1),(127,'Splenic cyst marsupial',246000,'Chlorpromazine Hydrochloride',30,2,1),(128,'Contrast aortogram',341000,'Ondansetron',30,1,1),(129,'Thorac interposition NEC',216000,'Advanced Jellyfish Sting Kit',30,2,1),(130,'Remov ureteral drain',358000,'Hydrogen Peroxide',30,2,1),(131,'Remov trunk device NEC',393000,'CULTIVATED BARLEY POLLEN',30,2,1),(132,'Total removal sm bowel',137000,'Purminerals 4 in 1 Makeup SPF 15 Porcelain',30,2,1),(133,'Conjunctival biopsy',160000,'Pure Oral hCG',30,1,1),(134,'Insert uterine device',339000,'Ibuprofen',30,2,1),(135,'Partial ostectomy NEC',113000,'Cat Hair',30,2,1),(136,'Hemorrhoidectomy',202000,'Colds Dry Cough',30,1,1),(137,'Remov pros mat post seg',270000,'ceftriaxone',30,2,1),(138,'Excision of hip NEC',344000,'Ultra-TechneKow',30,2,1),(139,'Small bowel fixation NEC',158000,'Cooling Acute Pain Relief',30,2,1),(140,'Excision tunica les NEC',58000,'Sheer Genius Liquid Foundation - Medium Dark Look',30,1,1),(141,'Oth bone repa/plast NEC',116000,'Bobbi Brown CC BROAD SPECTRUM SPF 25',30,1,1),(142,'Abd rep-diaphr hern NOS',360000,'Nabumetone',30,1,1),(143,'Implt cardiodefib leads',346000,'Pollens - Weeds and Garden Plants, Ragweed. Western Ambrosia psilostachya',30,1,1),(144,'Osteoclasis-patella',253000,'Antibacterial Wet Wipes With Aloe',30,2,1),(145,'Evac ob inc hemat perin',174000,'Minocycline Hydrochloride',30,2,1),(146,'Esophagomyotomy',65000,'Mountain Cedar',30,1,1),(147,'Incise cerebral meninges',103000,'Phenobarbital',30,2,1),(148,'Radioisot teleradiother',270000,'Modafinil',30,1,1),(149,'Impl CRT defibrillat sys',289000,'Lamotrigine',30,2,1),(150,'Full-thick grft to mouth',237000,'Mucinex',30,1,1),(151,'Interview & evaluat NEC',268000,'Seromycin',30,2,1),(152,'Open spleen biopsy',229000,'Common Sagebrush',30,2,1),(153,'Urterost/urete cth irrig',291000,'Exelon',30,1,1),(154,'Clo endosc bx bile duct',366000,'Olanzapine',30,1,1),(155,'Limb shorten-radius/ulna',205000,'Oxygen',30,2,1),(156,'Pulmon art press monitor',228000,'ARTEMISIA VULGARIS POLLEN',30,2,1),(157,'Incision of chest wall',124000,'Trimethoprim',30,1,1),(158,'Excise middle ear lesion',239000,'Lucky Antibacterial Hand Soap',30,2,1),(159,'Hemorr contrl post T & A',72000,'oxygen',30,2,1),(160,'Breast tissu destruc NOS',294000,'RIXUBIS',30,2,1),(161,'Parasitology NEC',152000,'Thuja',30,1,1),(162,'Foot & toe arthroscopy',182000,'Papaya',30,1,1),(163,'Hip surface, metal/poly',50000,'Methenamine Hippurate',30,2,1),(164,'Implant chemothera agent',356000,'FIBRICOR',30,1,1),(165,'Destruction lid lesion',180000,'Xyntha',30,1,1),(166,'Allergy immunization',130000,'Softlips Pure Lip Gloss',30,2,1),(167,'Uterine repair NEC',63000,'Halls',30,1,1),(168,'Percutaneous hysterogram',227000,'Skin So Soft Firm and Restore',30,2,1),(169,'Lower limb artery incis',193000,'Bloxiverz',30,1,1),(170,'Upper arm reattachment',236000,'Fluconazole',30,1,1),(171,'Colonoscopy',199000,'Fentanyl',30,1,1),(172,'Obstetric operation NEC',240000,'H-Acne Formula',30,2,1),(173,'Parasitlolgy-lower urin',200000,'Lithium',30,2,1),(174,'Residual root removal',230000,'EOVIST',30,1,1),(175,'Other tenodesis of hand',152000,'Promethazine Hydrochloride',30,1,1),(176,'Arthroplasty carpal w/o',371000,'FLUTICASONE PROPIONATE',30,1,1),(177,'Cervical les cryotherapy',297000,'Flecainide Acetate',30,1,1),(178,'C & s-ent/larynx',322000,'Albuterol Sulfate',30,2,1),(179,'Pneumoperit-lung collaps',319000,'Simvastatin',30,2,1),(180,'Pancreatic operation NEC',228000,'WARFARIN SODIUM',30,2,1),(181,'Appl ext fix-tib/fibula',134000,'alfentanil hydrochloride',30,1,1),(182,'Remov cystostomy tube',287000,'Fosinopril Sodium',30,2,1),(183,'Contrast laryngogram',280000,'Isopropyl Rubbing Alcohol',30,1,1),(184,'Revis exenter cavity NEC',141000,'Alendronate Sodium',30,2,1),(185,'Opn bx larynx or trachea',167000,'Gold Bond Medicated Foot',30,1,1),(186,'Remove dental prosthesis',361000,'Metoprolol Tartrate and Hydrochlorothiazide',30,2,1),(187,'Femoral biopsy',202000,'Oxygen',30,1,1),(188,'Explor verbal psychother',228000,'ASPERGILLUS FUMIGATUS',30,1,1),(189,'Uterine art emb w coils',133000,'ISOSORBIDE MONONITRATE',30,1,1),(190,'Incise/remov conjunct FB',285000,'EXTENDED PHENYTOIN SODIUM',30,1,1),(191,'Pertussis vaccination',272000,'Tinted Moisturizer',30,1,1),(192,'Plaster jacket applicat',104000,'QUERCUS AGRIFOLIA POLLEN',30,2,1),(193,'Insert intestinal tube',359000,'Stool Softener',30,2,1),(194,'Lung operation NEC',379000,'Tranexamic Acid',30,2,1),(195,'Repair retina detach NEC',65000,'Health',30,2,1),(196,'Sympathetic nerve op NEC',193000,'LBEL EFFET PARFAIT MINERAL NATURAL SKIN EFFECT MOUSSE FOUNDATION SPF 16',30,2,1),(197,'Gastroenterostomy NEC',371000,'Mucor plumbeus',30,1,1),(198,'Liver transplant NEC',172000,'QUETIAPINE FUMARATE',30,1,1),(199,'Int inser lead in atrium',51000,'Antacid',30,2,1),(200,'Routine chest x-ray',388000,'Cauliflower',30,1,1),(201,'Replace vag diaphragm',337000,'Miconazole 1',30,2,1),(202,'Abd artery resec w repla',118000,'Tall Ragweed',30,1,1),(203,'Perf keratopl w autogrft',231000,'equaline eye itch relief',30,1,1),(204,'Clos uterine ligament bx',399000,'Mickey Sun Smacker SPF 24 Classic Vanilla',30,2,1),(205,'Other brain incision',203000,'Ketoconazole',30,1,1),(206,'Braille or moon training',119000,'Chlorpromazine Hydrochloride',30,1,1),(207,'Intestinal biopsy NOS',285000,'Atomoxetine Hydrochloride',30,1,1),(208,'Extracran-intracr bypass',317000,'Bio-Z-Cough',30,1,1),(209,'Toxicology-endocrine',330000,'Chlorhexidine Gluconate',30,2,1),(210,'Posterior rect resection',299000,'Neutrogena Healthy Skin Compact Makeup',30,1,1),(211,'Lap left hemicolectomy',103000,'Scrub',30,1,1),(212,'Drsl/dslmb fus post/post',272000,'By Nature Hydrating',30,2,1),(213,'Periph nerve inject NOS',297000,'L OCCITANE SUBLIME BEAUTY BB LIGHT SPF 30 Broad Spectrum Sunscreen',30,1,1),(214,'Suture scleral lacer',272000,'Antibacterial Hand',30,2,1),(215,'Nasal dx proc NEC',67000,'levofloxacin',30,1,1),(216,'Shorten 1 extraoc musc',170000,'Donepezil Hydrochloride',30,2,1),(217,'Hyperbaric oxygenation',247000,'CAPTOPRIL',30,1,1),(218,'Scrotal fistula repair',328000,'REPASKIN BODY LOTION, BROAD SPECTRUM SPF 30',30,2,1),(219,'Head/neck ves resec-anas',148000,'Chlordiazepoxide Hydrochloride',30,1,1),(220,'Opn tricus valvuloplasty',57000,'bareMinerals Advanced Protection SPF 20 Moisturizer',30,1,1),(221,'Remov thorax sutures',143000,'PANTOPRAZOLE SODIUM',30,2,1),(222,'Skin & subq dx proc NEC',143000,'Rhodotorula mucilaginosa',30,2,1),(223,'Rep scler staphyloma NEC',234000,'NUCYNTA',30,2,1),(224,'Open reduc-tibia/fib fx',344000,'Relax-Tone',30,2,1),(225,'Extended ophthal work-up',266000,'QUIXIN',30,2,1),(226,'Bile duct repair NEC',246000,'PrismaSol',30,1,1),(227,'Unilat reduct mammoplast',384000,'Obao Men Active',30,2,1),(228,'Cath base invasv ep test',78000,'Infants Gas Relief Drops',30,1,1),(229,'Gastropexy',240000,'ARTEMISIA ANNUA POLLEN',30,1,1),(230,'Closed aortic valvotomy',218000,'Lidocaine',30,2,1),(231,'Clos large bowel biopsy',320000,'Morning Sickness Relief',30,2,1),(232,'Impl cardiac support dev',194000,'Chicken Meat',30,2,1),(233,'Cls red-radius/ul epiphy',312000,'Aspirin',30,2,1),(234,'Remov peritoneal drain',225000,'SENSAI CONCEALER (BRUSH TYPE)',30,1,1),(235,'Oth arthrotomy-hip',142000,'askinDr MOIST MOISTURE',30,2,1),(236,'Limited eye examination',336000,'Shagbark Hickory',30,2,1),(237,'Injection into marrow',150000,'Finasteride',30,1,1),(238,'Neck support application',394000,'Equate Antacid',30,1,1),(239,'Other brain incision',66000,'DawnMist Antiperspirant and Deodorant',30,2,1),(240,'Oth lap dx proc ovaries',154000,'Midazolam Hydrochloride',30,1,1),(241,'Tracheoscopy thru stoma',170000,'Acetaminophen and Codeine Phosphate',30,2,1),(242,'Brain temp monitoring',338000,'Actos',30,1,1),(243,'Bile duct anastomos NEC',80000,'Bio Gorse',30,1,1),(244,'Allergy immunization',389000,'Proparacaine Hydrochloride',30,2,1),(245,'Oth arthrotomy-wrist',251000,'Doxazosin',30,2,1),(246,'Lap marsup ovarian cyst',387000,'Respiratory Complex',30,1,1),(247,'Local excis penile les',83000,'Sensodyne',30,2,1),(248,'Blood vessel thermograph',255000,'Telmisartan',30,1,1),(249,'Detach retina-cryotherap',274000,'PAPER MULBERRY POLLEN',30,2,1),(250,'Hemorrhoid ligation',207000,'sunmark antacid',30,2,1),(251,'Ovarian wedge resection',163000,'Senna S',30,1,1),(252,'Sm bowel segment isolat',143000,'STUDIO SKIN',30,1,1),(253,'Other orthodontic operat',178000,'AMBROSIA ACANTHICARPA POLLEN',30,1,1),(254,'Perianal excision NEC',62000,'TOPROL',30,1,1),(255,'Pharyngotomy',74000,'Loratadine',30,1,1),(256,'Lac canaliculi incision',136000,'Pollens - Weeds and Garden Plants, Sagebrush, Mugwort Artemisia vulgaris',30,2,1),(257,'Blepharorrhaphy',58000,'Sertraline Hydrochloride',30,1,1),(258,'Close ureth fistula NEC',184000,'Multi-Vitamin',30,1,1),(259,'Tot face bone ostect NEC',344000,'Male Stimulant',30,1,1),(260,'Other fusion of foot',65000,'pain and fever',30,1,1),(261,'Total gastrectomy NEC',299000,'babies r us gas relief',30,2,1),(262,'Loc exc bone lesion NEC',196000,'Nandrolone Decanoate',30,1,1),(263,'Pteryg exc w cornea grft',384000,'Cipro',30,1,1),(264,'Dyslexia training',230000,'DIFFERIN',30,2,1),(265,'Facial bone biopsy',301000,'Senna/Docusate Sodium',30,1,1),(266,'Other bone incision NOS',63000,'Chlorhexidine Gluconate',30,1,1),(267,'Epistaxis control NEC',64000,'Ethyl Rubbing Alcohol',30,2,1),(268,'Prosthetic evaluation',81000,'Ferric Subsulfate',30,2,1),(269,'Reopen recent lap site',163000,'Naratriptan',30,2,1),(270,'Thorac lg bowel interpos',172000,'Homeopathic Bronchitis Formula',30,2,1),(271,'Plastic rep ext ear NEC',321000,'Loxapine',30,1,1),(272,'Transjugular liver bx',338000,'welby health ibuprofen',30,1,1),(273,'Remov epithel downgrowth',325000,'Pollens - Trees, Boxelder/Maple Mix',30,1,1),(274,'Mid & inner ear biopsy',211000,'Vivierskin Sunscreen',30,2,1),(275,'Thoracoscopic pleural bx',380000,'Ulta Sparkling Lemon Anti-Bacterial Gentle Foaming',30,2,1),(276,'Mastoid incision',165000,'Deb Med Antimicrobial Foaming Hand Wash Fragrance Free Dye Free',30,2,1),(277,'Fat graft to breast',337000,'Testopel',30,2,1),(278,'Blood expander transfus',90000,'venlafaxine',30,2,1),(279,'Insert/replac skull tong',90000,'NEXIUM',30,1,1),(280,'Repair ob lac blad/ureth',129000,'ENGERIX-B',30,2,1),(281,'Rad node dissection NEC',325000,'By Pharmicell Lab Luxury Cell Performance',30,2,1),(282,'Intralum vag adhesiolys',138000,'Arnica Montana Nartex',30,2,1),(283,'Drain appendiceal absc',367000,'Vax',30,1,1),(284,'Radical abd hyst NEC/NOS',317000,'Preferred Plus Hemorrhoid',30,1,1),(285,'Excise inguinal node',85000,'Meropenem',30,1,1),(286,'Skin chemosurgery',125000,'Regular Strength QPAP',30,1,1),(287,'Implant arm prosthesis',320000,'Scotch Pine',30,1,1),(288,'Clos biliary fistul NEC',125000,'Clarithromycin',30,1,1),(289,'Partial esophagectomy',314000,'Alprazolam',30,1,1),(290,'Venous cutdown',95000,'OLANZAPINE',30,1,1),(291,'Unil subq mammect-implnt',185000,'up and up naproxen sodium',30,2,1),(292,'Pressure dressing applic',241000,'BENZTROPINE MESYLATE',30,1,1),(293,'Abdominal x-ray NEC',248000,'Arnica e pl. tota 6',30,1,1),(294,'Thumb reattachment',118000,'Metoclopramide Hydrochloride',30,2,1),(295,'Arthroplasty carpal w/o',145000,'Birth-Heal',30,2,1),(296,'Closed nasal sinus bx',324000,'Hydromorphone Hydrochloride',30,2,1),(297,'Manual reduc rect prolap',83000,'Trauma Free',30,2,1),(298,'Oth totl shouldr replace',94000,'ANTI AGE STRESS',30,1,1),(299,'Reduction facial fx NOS',172000,'Erythromycin',30,1,1),(300,'After catar fragmntation',177000,'Heparin Sodium',30,1,1),(301,'Repl pacem w 1-cham, non',320000,'Bupropion Hydrochloride',30,2,1),(302,'Surg tooth extract NEC',318000,'Soybean',30,2,1),(303,'Repair conjunct lacerat',230000,'FUCOIDAN HAIR TONIC',30,1,1),(304,'Other brain excision',147000,'Klor-Con',30,2,1),(305,'Rev jt repl upper extrem',346000,'Strattera',30,1,1),(306,'Replace pyelostomy tube',187000,'Cold Spot',30,2,1),(307,'Closed lung biopsy',199000,'DERMACLAIR SKIN LIGHTENING',30,2,1),(308,'Ventricl shunt-abdomen',383000,'topcare childrens pain and fever',30,1,1),(309,'C & s-blood',214000,'ESIKA',30,2,1),(310,'Nasal sinus dx proc NEC',224000,'Kids Crest',30,2,1),(311,'Suprapubic sling op',78000,'Easily Angered',30,2,1),(312,'Insert endotracheal tube',370000,'Cyclosporine',30,2,1),(313,'Bilat endos occ tube NEC',161000,'Paroxetine',30,2,1),(314,'Pass musculosk exer NEC',347000,'Morphine sulfate',30,2,1),(315,'Endomet synechiae divis',150000,'Gabapentin',30,1,1),(316,'Impl CRT defibrillat sys',361000,'WINRHO',30,1,1),(317,'Nasolac duct intubat',255000,'Levetiracetam',30,2,1),(318,'Replace wound catheter',140000,'Fentanyl Citrate',30,1,1),(319,'Cde for obstruction NEC',235000,'Leader Adult Tussin',30,2,1),(320,'Remov trunk device NEC',357000,'BANANA BOAT',30,1,1),(321,'Suture duoden ulcer site',329000,'Metoprolol Tartrate',30,2,1),(322,'Excision of shoulder NEC',171000,'topcare antacid calcium',30,1,1),(323,'Nephrocystanastomosi NOS',172000,'Day Time Cold/Flu Relief',30,2,1),(324,'Neurologic func test NEC',298000,'Leader Loperamide Hydrochloride',30,1,1),(325,'Epilation of skin',223000,'PrednisoLONE',30,1,1),(326,'Suture of saliv glnd lac',172000,'LBEL LEDERM 55plus Jour',30,1,1),(327,'Wound catheter irrigat',141000,'CLONIDINE HYDROCHLORIDE',30,1,1),(328,'Post synechiae lysis',140000,'Coconut',30,2,1),(329,'Solitary kidney nephrect',228000,'Bumetanide',30,1,1),(330,'Abdomen artery incision',321000,'dextroamphetamine sulfate',30,2,1),(331,'Partial mandibulectomy',167000,'Technetium Tc99m Generator',30,1,1),(332,'Salivary duct probing',175000,'Scrub Care Povidone Iodine Cleansing Scrub',30,1,1),(333,'Opn/oth rep aortic valve',325000,'Losartan Potassium',30,1,1),(334,'Dx ultrasound-heart',346000,'CC SPF 18',30,1,1),(335,'Lymph structure op NEC',357000,'CARBIDOPA AND LEVODOPA',30,1,1),(336,'Endovas impln grft aorta',345000,'OXYGEN',30,1,1),(337,'Sperm collection',254000,'Ibuprofen',30,2,1),(338,'Hand & finger arthroscop',185000,'CVS daily moisturizing',30,2,1),(339,'Tibia/fibul wedg osteot',112000,'DiorSnow Light Veil 020 Light Beige SPF 20',30,2,1),(340,'Bronchoscopy thru stoma',308000,'Chlo Tuss',30,2,1),(341,'Pancreat transplant NOS',102000,'Prazosin Hydrochloride',30,2,1),(342,'Bact smear-peritoneum',240000,'Naproxen Sodium',30,1,1),(343,'Pass musculosk exer NEC',141000,'ephrine nose',30,1,1),(344,'Reattachment NEC',285000,'Ery',30,2,1),(345,'Destruct duoden les NEC',253000,'Levofloxacin',30,1,1),(346,'Replace trac/laryn stent',360000,'Fluconazole',30,1,1),(347,'Ins/repl facet replc dev',290000,'Lusti Therapeutic Ice Analgesic Rub',30,2,1),(348,'Yellow fever vaccination',319000,'carbidopa, levodopa and entacapone',30,1,1),(349,'Knee synovectomy',327000,'Lovenox',30,2,1),(350,'Cleft palate correction',276000,'LISINOPRIL',30,2,1),(351,'Vasc proc revision NEC',351000,'Secret Scent Expressions',30,1,1),(352,'Cl reduct maxillary fx',173000,'Dial Gold Bar',30,2,1),(353,'Carotid sinus stiumlat',113000,'Borrelia Babesia Remedy',30,2,1),(354,'Other spinal dx proc',350000,'Simply Firm - Body',30,2,1),(355,'Thigh reattachment',308000,'Burrobrush',30,2,1),(356,'Reconstruction of penis',88000,'Phenylephrine Hydrochloride',30,1,1),(357,'Other speech therapy',170000,'Simcor',30,1,1),(358,'Appl ext fix-metatar/tar',187000,'Desipramine Hydrochloride',30,2,1),(359,'Amputation through hand',374000,'Simethicone',30,1,1),(360,'Local destr ova les NEC',207000,'Levetiracetam',30,2,1),(361,'Opn bx larynx or trachea',216000,'Ultra-TechneKow',30,1,1),(362,'Replantation of scalp',57000,'Dynashield',30,1,1),(363,'Oth vagin pessary insert',288000,'Nuvel Softy Antiperspirant Deodorant Stick',30,1,1),(364,'Arm vessel resect/anast',168000,'ATORVASTATIN CALCIUM',30,1,1),(365,'Open gastric biopsy',279000,'Gabapentin',30,2,1),(366,'Micro exam-lower GI NEC',138000,'Arnica Calendula Essence',30,2,1),(367,'Oth lap loc exc dest ova',154000,'Daytrana',30,2,1),(368,'Uterine les destruct NEC',307000,'Warfarin Sodium',30,1,1),(369,'Suprapubic prostatectomy',320000,'Diphenhist',30,1,1),(370,'Prenatal training',278000,'Supersmile',30,2,1),(371,'Abdominal endarterectomy',383000,'Polvos de Sulpha',30,2,1),(372,'Perforat keratoplast NEC',329000,'wal itin d',30,2,1),(373,'Dyslexia training',94000,'VERAPAMIL HYDROCHLORIDE',30,2,1),(374,'Metacarpophalangeal fus',138000,'Palmers Amaranth',30,1,1),(375,'Salivary repair NEC',357000,'Alprazolam',30,1,1),(376,'Urinary manometry',269000,'MELOXICAM',30,2,1),(377,'Other hydrotherapy',226000,'LANOXIN',30,2,1),(378,'Endosc destr stomach les',271000,'Rexall Feminine',30,1,1),(379,'Open bx saliv gland/duct',276000,'Pravastatin Sodium',30,2,1),(380,'Applic ext fix dev NOS',167000,'Thyropar',30,2,1),(381,'Metacarp/carp sequestrec',310000,'Superdent',30,2,1),(382,'Coronary bld flow monit',296000,'Doxycycline',30,2,1),(383,'Detach retina xenon coag',151000,'Childrens Plus Multi-Symptom Cold Grape',30,1,1),(384,'Total pinealectomy',169000,'Endopure Testos For Women',30,1,1),(385,'Transplant spermat cord',343000,'LOreal Paris',30,1,1),(386,'Sm bowel endoscopy NEC',106000,'Childrens Plus Cough and Runny Nose',30,1,1),(387,'Skin defect tattooing',153000,'Quiet Calm',30,2,1),(388,'Control prostate hemorr',395000,'BICILLIN CR',30,2,1),(389,'Remove tracheostomy tube',65000,'migraine relief',30,1,1),(390,'C.A.T. scan of kidney',143000,'GUNA-IL 11',30,2,1),(391,'Other skull dx procedure',119000,'Sodium Citrate and Citric Acid',30,1,1),(392,'Hyperbaric oxygenation',115000,'FOAMING HAND SANITIZER',30,1,1),(393,'Anal sphinct repair NEC',169000,'simply right night time',30,2,1),(394,'Interphalangeal fusion',102000,'Nitrogen',30,2,1),(395,'Rev jt repl upper extrem',302000,'Metformin Hydrochloride',30,1,1),(396,'Other resp procedures',102000,'Colgate Max Fresh Clean Mint',30,1,1),(397,'Perc transmyo revascular',255000,'Furosemide',30,1,1),(398,'Man replac invert uterus',218000,'oxygen',30,1,1),(399,'Oth extraoc mus-tend op',274000,'Ibuprofen and Pseudoephedrine Hydrochloride',30,1,1),(400,'Esophag speech training',316000,'QCare Rx Oral Cleansing and Suctioning System, Q4',30,1,1),(401,'App ext fix dev-ring sys',360000,'Ibuprofen and Pseudoephedrine Hydrochloride',30,1,1),(402,'Percut prostatic aspirat',99000,'Carbidopa and Levodopa',30,1,1),(403,'Osteoclasis-humerus',67000,'Milrinone Lactate',30,2,1),(404,'Insert nasopharyn airway',341000,'Equate Cool and Heat',30,2,1),(405,'Int fixation-metacar/car',399000,'Risperidone',30,1,1),(406,'Therapeu plateltpheresis',223000,'Lorazepam',30,2,1),(407,'Loc exc bone lesion NOS',218000,'OptiClear',30,1,1),(408,'Adrenal nerve division',373000,'Glipizide and Metformin Hydrochloride',30,2,1),(409,'Triple arthrodesis',108000,'CARMEX moisture Plus Ultra Hydrating Lip Balm Broad Spectrum SPF 15 Sunscreen',30,2,1),(410,'Inser bone stim-meta/tar',75000,'ZYNCOF',30,2,1),(411,'Orchiopexy',350000,'Prostate',30,2,1),(412,'Lid marg recons ful thic',72000,'Glimepiride',30,2,1),(413,'Culture NEC',312000,'Moist SURE',30,2,1),(414,'Excise axillary node',242000,'Soothe and Cool Free Skin Paste',30,2,1),(415,'Skull plate removal',226000,'',30,1,1),(416,'Reduction facial fx NOS',354000,'1014 Foaming Antimicrobial',30,2,1),(417,'Shoulder arthroplast NEC',341000,'Sulwhasoo EVENFAIR SMOOTHING FOUNDATION',30,1,1),(418,'Laryngeal nerv division',242000,'DELFLEX',30,2,1),(419,'Int insert pacemak lead',138000,'ACYCLOVIR',30,1,1),(420,'Freeing of vessel',266000,'Amoxicillin',30,1,1),(421,'Comprehensive eye exam',165000,'Naphazoline Hydrochloride and Pheniramine Maleate',30,2,1),(422,'Chest cage wedg osteotom',326000,'Diarrhea Vomiting',30,2,1),(423,'Closed renal biopsy',387000,'Quillivant',30,1,1),(424,'Permanent ileostomy NEC',203000,'California Mugwort',30,2,1),(425,'Hepatic duct-gi anastom',157000,'Cilostazol',30,2,1),(426,'Bone biopsy NEC',126000,'Humco Gentian Violet 1%',30,1,1),(427,'Eye enuc w implant NEC',110000,'Pseudoephedrine hydrochloride',30,1,1),(428,'P32 & eye tracer NEC',123000,'Sulfamethoxazole and Trimethoprim',30,1,1),(429,'Suture of artery',234000,'Drosy 40 (Number 43)',30,2,1),(430,'Skin chemosurgery',50000,'Sleep Aid',30,2,1),(431,'Culture-lower urinary',200000,'Epi-Clenz Plus Instant Hand Sanitizer',30,1,1),(432,'Iridencleisis/iridotasis',100000,'TRICHOPHYTON MENTAGROPHYTES',30,1,1),(433,'Hand tenonectomy NEC',201000,'Losartan Potassium',30,2,1),(434,'Other tenoplasty of hand',305000,'Ibuprofen',30,2,1),(435,'Exc of accessory spleen',172000,'Antimicrobial Hand Sanitizer',30,2,1),(436,'Transab sm bowel endosc',244000,'Thyreoidea Ferrum',30,1,1),(437,'Pelvimetry',302000,'STERILUBE OINTMENT',30,1,1),(438,'Magnet remov post seg FB',381000,'Loperamide Hydrochloride',30,2,1),(439,'Salpingo-uterostomy',247000,'leader pain reliever',30,1,1),(440,'Arthrodesis of shoulder',394000,'Milk of Magnesia Original',30,2,1),(441,'Lamellar keratoplast NEC',125000,'Isocaine',30,1,1),(442,'Keratoprosthesis',96000,'Myorisan',30,1,1),(443,'Unspec op-bone inj NEC',53000,'AMOREPACIFIC',30,1,1),(444,'Ankle joint biopsy',282000,'Furosemide',30,1,1),(445,'Upper limb vessel incis',148000,'Maximum Strength Multi-Symptom Cold Flu and Sore Throat',30,2,1),(446,'Destruc lg bowel les NEC',193000,'Glipizide',30,1,1),(447,'Prenatal training',123000,'ZINACEF',30,1,1),(448,'Electromyography',337000,'Triamcinolone Acetonide',30,2,1),(449,'Remove eye prosthesis',213000,'Lamotrigine',30,2,1),(450,'Bilat endosc crush tube',356000,'Allergy',30,2,1),(451,'Unilateral vulvectomy',388000,'Hydrochlorothiazide',30,1,1),(452,'Insert testicular prosth',120000,'PRAMIPEXOLE DIHYDROCHLORIDE',30,2,1),(453,'Endo imp grft thor aorta',90000,'CLINIMIX E',30,1,1),(454,'Remov vaginal diaphragm',389000,'Marinol',30,1,1),(455,'Ins or rep cement spacer',224000,'Sleep Tabs',30,1,1),(456,'Incision of cervix',255000,'Darkleaves Mugwort',30,1,1),(457,'Unilat thyroid lobectomy',201000,'Up and Up Naproxen Sodium',30,2,1),(458,'Scrotum/tunic repair NEC',191000,'pain relief',30,1,1),(459,'Male genital x-ray NEC',300000,'Lovenox',30,2,1),(460,'Endosc dil pancreat duct',179000,'Prostate Symptom Relief',30,1,1),(461,'Hepatic lobectomy',294000,'Acetic Acid',30,1,1),(462,'Opn lft hemicolectmy NEC',183000,'ACYCLOVIR',30,2,1),(463,'LITT les hd/nck,guidance',333000,'Candesartan Cilexetil',30,2,1),(464,'Adrenal vessel ligation',365000,'Glyburide',30,2,1),(465,'Excision intervert disc',73000,'Smart Sense',30,2,1),(466,'Periph ganglionect NEC',274000,'Meloxicam',30,2,1),(467,'Sphinct of oddi op NEC',400000,'Donepezil Hydrochloride',30,2,1),(468,'Rad dissec axillary node',73000,'Salicylic Acid',30,1,1),(469,'Biliary tube irrigation',172000,'KIDS PAIN RELIEF',30,1,1),(470,'After-catar discission',239000,'Tolnaftate',30,2,1),(471,'Stretching of fascia',278000,'Stridex',30,1,1),(472,'Int inser lead atri-vent',275000,'Oxygen',30,1,1),(473,'Carporadial fusion',139000,'Levothyroxine sodium',30,2,1),(474,'Opn rep dir ing hern NEC',170000,'Amitriptyline Hydrochloride',30,1,1),(475,'Delay sut flex tend hand',386000,'MECLIZINE HYDROCHLORIDE',30,2,1),(476,'Cystostomy closure',318000,'Medrox',30,2,1),(477,'Plethysmogram',380000,'Se-Natal One',30,2,1),(478,'Common duct exploration',194000,'waterless anti bacterial hand sanitizer',30,1,1),(479,'Dilate pylorus, incision',131000,'Renapath',30,1,1),(480,'Fetal pulse oximetry',373000,'ARTISTRY YOUTH XTEND Lifting Smoothing Foundation Broad Spectrum SPF 20 Sunscreen',30,1,1),(481,'Epiglottidectomy',373000,'Bactestat',30,1,1),(482,'Head & neck endarter NEC',346000,'Chelidonium Curcuma',30,2,1),(483,'Op tot intr-abd colectmy',210000,'Laura Mercier Tinted Moisturizer SPF 20 TAN',30,2,1),(484,'Micro exam NEC',313000,'Lithium Carbonate',30,1,1),(485,'Urethral biopsy',185000,'Carbidopa, Levodopa and Entacapone',30,2,1),(486,'Opn pull-thru res rectum',286000,'ABROTANUM',30,2,1),(487,'Pass musculosk exer NEC',126000,'PPH',30,2,1),(488,'Open lung biopsy',70000,'Baby Orajel Naturals',30,1,1),(489,'Incision of heart NOS',275000,'IOPE AIR CUSHION XP',30,1,1),(490,'Insert bone stimul NOS',64000,'Neutrogena Ultimate Sport Sunblock',30,2,1),(491,'Uterine art emb w coils',148000,'Pacific',30,2,1),(492,'Lap total abdominal hyst',147000,'LEVOXYL',30,1,1),(493,'Open bladder biopsy',241000,'Eye Drops SY',30,1,1),(494,'Insert synth graft/prost',363000,'Trichloroacetic Acid 30%',30,2,1),(495,'Perirectal incision',339000,'Didanosine',30,2,1),(496,'Arterial puncture NEC',208000,'Dog Fennel',30,1,1),(497,'Suture of vein',323000,'Meloxicam',30,2,1),(498,'Vag repair invers uterus',242000,'Fexofenadine Hydrochloride',30,2,1),(499,'Oth sleep dis funct test',190000,'Extra Strength Headache Relief',30,1,1),(500,'Gallbladder anastom NEC',176000,'Strattera',30,2,1);
/*!40000 ALTER TABLE `fixed_cost` ENABLE KEYS */;
UNLOCK TABLES;

--
-- Table structure for table `fixed_cost_bill`
--

DROP TABLE IF EXISTS `fixed_cost_bill`;
/*!40101 SET @saved_cs_client     = @@character_set_client */;
/*!50503 SET character_set_client = utf8mb4 */;
CREATE TABLE `fixed_cost_bill` (
  `fixed_cost_bill_id` bigint NOT NULL AUTO_INCREMENT,
  `creation_time` datetime DEFAULT NULL,
  `due_time` datetime DEFAULT NULL,
  `message` varchar(1000) DEFAULT NULL,
  `status` varchar(255) DEFAULT NULL,
  `total_spend` double DEFAULT NULL,
  `user_id` bigint DEFAULT NULL,
  `fixed_cost_id` bigint DEFAULT NULL,
  PRIMARY KEY (`fixed_cost_bill_id`),
  KEY `fixed_cost_bill_user_id_index` (`user_id`),
  KEY `fixed_cost_bill_fixed_cost_id_index` (`fixed_cost_id`),
  CONSTRAINT `FKgesv2ed8fj3upqupcq0jrg8gp` FOREIGN KEY (`fixed_cost_id`) REFERENCES `fixed_cost` (`fixed_cost_id`)
) ENGINE=InnoDB AUTO_INCREMENT=501 DEFAULT CHARSET=utf8mb4 COLLATE=utf8mb4_0900_ai_ci;
/*!40101 SET character_set_client = @saved_cs_client */;

--
-- Dumping data for table `fixed_cost_bill`
--

LOCK TABLES `fixed_cost_bill` WRITE;
/*!40000 ALTER TABLE `fixed_cost_bill` DISABLE KEYS */;
INSERT INTO `fixed_cost_bill` VALUES (1,'2021-06-15 00:00:00','2021-07-15 00:00:00','New bill','FINISHED',350000,1,3),(2,'2021-06-15 00:00:00','2021-07-15 00:00:00','New bill','FINISHED',600000,2,4),(3,'2021-06-15 00:00:00','2021-07-15 00:00:00','New bill','FINISHED',200000,1,1),(4,'2021-06-20 00:00:00','2021-07-20 00:00:00','New bill','FINISHED',300000,1,2),(5,'2020-10-31 21:51:09','2021-08-22 18:22:26','New bill','FINISHED',485000,1,5),(6,'2021-09-13 18:24:45','2021-09-14 22:41:25','New bill','FINISHED',401000,2,6),(7,'2021-07-21 22:46:03','2021-08-01 17:11:49','New bill','FINISHED',483000,2,7),(8,'2021-08-05 15:17:50','2021-08-22 05:49:39','New bill','FINISHED',281000,1,8),(9,'2021-07-20 04:15:55','2021-09-13 02:31:51','New bill','FINISHED',317000,1,9),(10,'2021-10-16 12:06:21','2021-10-18 03:34:52','New bill','FINISHED',243000,1,10),(11,'2021-10-14 05:30:58','2021-10-14 15:43:25','New bill','FINISHED',191000,2,11),(12,'2021-07-30 17:47:00','2021-08-01 00:04:23','New bill','FINISHED',160000,1,12),(13,'2021-09-04 13:53:17','2021-10-06 17:58:32','New bill','FINISHED',154000,2,13),(14,'2021-10-09 15:56:37','2021-10-18 07:17:22','New bill','FINISHED',224000,1,14),(15,'2021-07-24 08:05:56','2021-08-08 20:38:42','New bill','FINISHED',156000,1,15),(16,'2021-09-15 08:35:32','2021-09-17 19:17:09','New bill','FINISHED',472000,1,16),(17,'2021-09-02 19:42:29','2021-10-11 23:39:16','New bill','FINISHED',95000,1,17),(18,'2021-08-16 21:25:08','2021-10-29 04:15:47','New bill','FINISHED',283000,1,18),(19,'2021-09-05 08:02:25','2021-10-13 23:08:32','New bill','FINISHED',198000,1,19),(20,'2021-08-01 01:15:04','2021-08-25 18:15:44','New bill','FINISHED',72000,1,20),(21,'2021-08-01 10:18:11','2021-08-18 23:14:25','New bill','FINISHED',128000,1,21),(22,'2021-10-12 22:22:29','2021-10-17 17:41:35','New bill','FINISHED',355000,1,22),(23,'2021-10-26 03:53:00','2021-10-28 13:11:17','New bill','FINISHED',459000,1,23),(24,'2021-09-09 02:02:31','2021-09-30 02:42:04','New bill','FINISHED',299000,1,24),(25,'2021-08-04 06:06:30','2021-09-08 14:10:59','New bill','FINISHED',477000,1,25),(26,'2021-07-29 13:31:53','2021-10-05 04:21:58','New bill','FINISHED',127000,2,26),(27,'2021-10-21 09:43:35','2021-10-22 15:20:23','New bill','FINISHED',427000,1,27),(28,'2021-09-03 23:05:08','2021-09-24 19:07:39','New bill','FINISHED',394000,2,28),(29,'2021-08-04 00:04:54','2021-08-17 20:14:35','New bill','FINISHED',185000,2,29),(30,'2021-09-24 17:17:25','2021-10-28 01:35:34','New bill','FINISHED',106000,2,30),(31,'2021-08-27 21:15:28','2021-09-29 23:28:40','New bill','FINISHED',336000,1,31),(32,'2021-09-23 22:51:35','2021-09-26 20:47:43','New bill','FINISHED',430000,2,32),(33,'2021-08-21 01:54:37','2021-08-22 20:01:23','New bill','FINISHED',211000,2,33),(34,'2021-10-23 17:50:25','2021-10-28 23:22:11','New bill','FINISHED',128000,2,34),(35,'2021-09-22 21:20:25','2021-10-04 23:15:22','New bill','FINISHED',369000,1,35),(36,'2021-10-14 13:39:58','2021-10-27 17:49:33','New bill','FINISHED',96000,1,36),(37,'2021-10-19 14:34:23','2021-10-24 07:50:38','New bill','FINISHED',165000,1,37),(38,'2021-09-25 06:44:43','2021-10-01 07:11:28','New bill','FINISHED',468000,2,38),(39,'2021-08-10 13:36:04','2021-10-12 11:34:41','New bill','FINISHED',484000,1,39),(40,'2021-07-26 00:26:35','2021-08-14 17:41:11','New bill','FINISHED',83000,1,40),(41,'2021-08-22 13:27:45','2021-08-25 00:34:24','New bill','FINISHED',187000,1,41),(42,'2021-10-11 16:29:41','2021-10-12 10:39:45','New bill','FINISHED',186000,2,42),(43,'2021-08-22 22:55:47','2021-10-24 17:18:43','New bill','FINISHED',298000,2,43),(44,'2021-08-21 16:34:53','2021-08-23 20:39:43','New bill','FINISHED',433000,1,44),(45,'2021-08-26 13:47:53','2021-08-27 04:14:59','New bill','FINISHED',341000,1,45),(46,'2021-09-25 20:00:31','2021-09-29 08:40:58','New bill','FINISHED',334000,2,46),(47,'2021-09-07 02:52:27','2021-09-07 10:48:21','New bill','FINISHED',149000,1,47),(48,'2021-07-28 09:41:39','2021-09-21 17:20:50','New bill','FINISHED',104000,2,48),(49,'2021-08-15 01:08:49','2021-09-01 03:17:19','New bill','FINISHED',435000,2,49),(50,'2021-09-04 01:01:55','2021-10-30 03:52:59','New bill','FINISHED',70000,1,50),(51,'2021-08-28 21:12:54','2021-10-12 07:24:58','More bills','FINISHED',268000,2,51),(52,'2021-09-26 14:57:42','2021-10-28 15:10:43','More bills','FINISHED',199000,2,52),(53,'2021-10-07 10:35:01','2021-10-30 16:39:22','More bills','FINISHED',121000,2,53),(54,'2021-08-07 07:25:08','2021-10-17 16:02:22','More bills','FINISHED',368000,1,54),(55,'2021-08-21 00:56:19','2021-09-09 03:51:04','More bills','FINISHED',115000,2,55),(56,'2021-08-14 17:22:21','2021-09-08 19:35:32','More bills','FINISHED',264000,2,56),(57,'2021-09-25 15:59:10','2021-09-08 08:45:32','More bills','FINISHED',473000,2,57),(58,'2021-09-17 19:35:57','2021-09-22 20:44:58','More bills','FINISHED',212000,1,58),(59,'2021-07-11 18:58:17','2021-07-31 11:47:44','More bills','FINISHED',434000,1,59),(60,'2021-08-31 12:08:31','2021-09-22 20:06:17','More bills','FINISHED',170000,2,60),(61,'2021-08-19 02:46:21','2021-09-11 17:55:34','More bills','FINISHED',342000,2,61),(62,'2021-09-04 01:11:46','2021-09-22 07:36:12','More bills','FINISHED',266000,2,62),(63,'2021-10-19 06:48:43','2021-10-25 11:31:04','More bills','FINISHED',237000,2,63),(64,'2021-09-27 12:51:42','2021-10-23 00:40:54','More bills','FINISHED',317000,1,64),(65,'2021-08-02 14:33:39','2021-10-06 02:10:31','More bills','FINISHED',371000,2,65),(66,'2021-08-02 23:55:08','2021-08-09 01:20:53','More bills','FINISHED',406000,2,66),(67,'2021-07-26 10:13:21','2021-09-30 15:41:28','More bills','FINISHED',417000,2,67),(68,'2021-08-16 21:35:11','2021-08-27 19:58:32','More bills','FINISHED',364000,1,68),(69,'2021-09-21 09:06:20','2021-10-19 15:28:22','More bills','FINISHED',499000,1,69),(70,'2021-09-09 08:13:44','2021-09-18 10:15:12','More bills','FINISHED',473000,2,70),(71,'2021-08-19 16:49:21','2021-08-27 15:24:24','More bills','FINISHED',368000,2,71),(72,'2021-09-16 05:36:54','2021-09-18 16:22:18','More bills','FINISHED',351000,2,72),(73,'2021-09-01 01:10:03','2021-09-13 17:25:45','More bills','FINISHED',149000,1,73),(74,'2021-08-09 21:26:56','2021-08-19 22:37:12','More bills','FINISHED',487000,1,74),(75,'2021-09-07 06:48:45','2021-09-29 20:19:37','More bills','FINISHED',194000,2,75),(76,'2021-09-07 14:35:00','2021-09-13 21:11:29','More bills','FINISHED',300000,2,76),(77,'2021-07-28 12:20:12','2021-08-01 06:02:24','More bills','FINISHED',417000,1,77),(78,'2021-07-26 04:09:17','2021-08-26 00:46:22','More bills','FINISHED',255000,2,78),(79,'2021-07-29 04:21:56','2021-08-25 18:29:07','More bills','FINISHED',385000,1,79),(80,'2021-08-01 11:53:20','2021-09-01 00:11:54','More bills','FINISHED',228000,1,80),(81,'2021-10-02 09:19:45','2021-10-04 12:33:29','More bills','FINISHED',349000,1,81),(82,'2021-10-13 03:16:57','2021-10-17 00:38:34','More bills','FINISHED',127000,2,82),(83,'2021-08-17 03:27:03','2021-08-26 01:07:41','More bills','FINISHED',383000,1,83),(84,'2021-08-17 16:50:40','2021-09-23 16:30:42','More bills','FINISHED',168000,1,84),(85,'2021-08-05 13:44:29','2021-08-17 19:04:47','More bills','FINISHED',486000,1,85),(86,'2021-07-28 20:12:12','2021-08-17 09:25:36','More bills','FINISHED',132000,1,86),(87,'2021-09-04 08:26:13','2021-09-30 16:01:07','More bills','FINISHED',425000,1,87),(88,'2021-07-21 23:23:17','2021-09-24 10:51:59','More bills','FINISHED',368000,2,88),(89,'2021-10-14 17:49:07','2021-10-24 18:02:25','More bills','FINISHED',496000,1,89),(90,'2021-09-23 01:32:31','2021-10-04 17:17:58','More bills','FINISHED',442000,1,90),(91,'2021-10-18 07:53:33','2021-09-29 14:33:36','More bills','FINISHED',225000,1,91),(92,'2021-08-13 16:31:54','2021-09-12 15:15:45','More bills','FINISHED',157000,1,92),(93,'2021-10-17 15:51:44','2021-10-23 02:34:38','More bills','FINISHED',475000,2,93),(94,'2021-07-31 03:27:16','2021-08-31 22:01:04','More bills','FINISHED',107000,1,94),(95,'2021-09-16 18:49:28','2021-09-14 06:01:12','More bills','FINISHED',335000,2,95),(96,'2021-10-12 23:39:21','2021-10-14 02:13:04','More bills','FINISHED',424000,2,96),(97,'2021-10-24 07:18:39','2021-10-26 21:59:30','More bills','FINISHED',182000,1,97),(98,'2021-09-14 17:16:45','2021-10-10 13:52:36','More bills','FINISHED',430000,2,98),(99,'2021-09-30 05:48:36','2021-10-19 12:01:14','More bills','FINISHED',243000,1,99),(100,'2021-07-20 14:18:13','2021-09-04 12:08:10','More bills','FINISHED',286000,2,100),(101,'2021-11-18 04:22:03','2021-12-18 04:22:03','new fixed cost bills','FINISHED',222000,1,101),(102,'2021-10-16 09:33:31','2021-11-16 09:33:31','new fixed cost bills','FINISHED',177000,2,102),(103,'2021-10-05 12:14:27','2021-11-05 12:14:27','new fixed cost bills','FINISHED',172000,2,103),(104,'2021-11-16 07:23:44','2021-12-16 07:23:44','new fixed cost bills','FINISHED',279000,1,104),(105,'2021-07-25 15:54:30','2021-08-25 15:54:30','new fixed cost bills','FINISHED',128000,2,105),(106,'2021-09-21 03:00:48','2021-10-21 03:00:48','new fixed cost bills','FINISHED',102000,2,106),(107,'2021-09-02 11:57:19','2021-10-02 11:57:19','new fixed cost bills','FINISHED',78000,2,107),(108,'2021-09-13 05:20:28','2021-10-13 05:20:28','new fixed cost bills','FINISHED',384000,2,108),(109,'2021-10-29 00:04:23','2021-11-29 00:04:23','new fixed cost bills','FINISHED',232000,1,109),(110,'2021-10-11 06:31:55','2021-11-11 06:31:55','new fixed cost bills','FINISHED',310000,1,110),(111,'2021-10-08 01:01:29','2021-11-08 01:01:29','new fixed cost bills','FINISHED',101000,1,111),(112,'2021-09-09 04:52:58','2021-10-09 04:52:58','new fixed cost bills','FINISHED',228000,2,112),(113,'2021-11-12 07:39:24','2021-12-12 07:39:24','new fixed cost bills','FINISHED',86000,1,113),(114,'2021-10-18 21:48:07','2021-11-18 21:48:07','new fixed cost bills','FINISHED',400000,1,114),(115,'2021-07-15 04:47:47','2021-08-15 04:47:47','new fixed cost bills','FINISHED',288000,2,115),(116,'2021-10-29 14:43:32','2021-11-29 14:43:32','new fixed cost bills','FINISHED',192000,1,116),(117,'2021-08-23 13:14:31','2021-09-23 13:14:31','new fixed cost bills','FINISHED',395000,2,117),(118,'2021-08-28 09:49:49','2021-09-28 09:49:49','new fixed cost bills','FINISHED',298000,1,118),(119,'2021-11-13 05:57:43','2021-12-13 05:57:43','new fixed cost bills','FINISHED',255000,1,119),(120,'2021-10-31 17:14:40','2021-11-30 17:14:40','new fixed cost bills','FINISHED',331000,2,120),(121,'2021-08-12 06:42:28','2021-09-12 06:42:28','new fixed cost bills','FINISHED',139000,2,121),(122,'2021-10-02 13:52:28','2021-11-02 13:52:28','new fixed cost bills','FINISHED',352000,1,122),(123,'2021-07-24 15:52:42','2021-08-24 15:52:42','new fixed cost bills','FINISHED',244000,1,123),(124,'2021-09-27 18:27:30','2021-10-27 18:27:30','new fixed cost bills','FINISHED',113000,2,124),(125,'2021-10-13 08:11:16','2021-11-13 08:11:16','new fixed cost bills','FINISHED',133000,2,125),(126,'2021-11-13 09:51:37','2021-12-13 09:51:37','new fixed cost bills','FINISHED',280000,1,126),(127,'2021-11-19 23:42:13','2021-12-19 23:42:13','new fixed cost bills','FINISHED',246000,2,127),(128,'2021-08-10 22:04:00','2021-09-10 22:04:00','new fixed cost bills','FINISHED',341000,1,128),(129,'2021-11-05 20:02:29','2021-12-05 20:02:29','new fixed cost bills','FINISHED',216000,2,129),(130,'2021-11-14 09:27:43','2021-12-14 09:27:43','new fixed cost bills','FINISHED',358000,2,130),(131,'2021-08-09 16:00:34','2021-09-09 16:00:34','new fixed cost bills','FINISHED',393000,2,131),(132,'2021-08-08 03:01:29','2021-09-08 03:01:29','new fixed cost bills','FINISHED',137000,2,132),(133,'2021-10-11 08:21:47','2021-11-11 08:21:47','new fixed cost bills','FINISHED',160000,1,133),(134,'2021-08-09 06:49:52','2021-09-09 06:49:52','new fixed cost bills','FINISHED',339000,2,134),(135,'2021-08-19 21:56:21','2021-09-19 21:56:21','new fixed cost bills','FINISHED',113000,2,135),(136,'2021-09-14 21:24:58','2021-10-14 21:24:58','new fixed cost bills','FINISHED',202000,1,136),(137,'2021-09-14 07:06:56','2021-10-14 07:06:56','new fixed cost bills','FINISHED',270000,2,137),(138,'2021-08-28 14:09:06','2021-09-28 14:09:06','new fixed cost bills','FINISHED',344000,2,138),(139,'2021-09-18 04:23:18','2021-10-18 04:23:18','new fixed cost bills','FINISHED',158000,2,139),(140,'2021-10-13 20:07:04','2021-11-13 20:07:04','new fixed cost bills','FINISHED',58000,1,140),(141,'2021-10-07 15:30:03','2021-11-07 15:30:03','new fixed cost bills','FINISHED',116000,1,141),(142,'2021-09-24 03:54:17','2021-10-24 03:54:17','new fixed cost bills','FINISHED',360000,1,142),(143,'2021-10-03 22:05:09','2021-11-03 22:05:09','new fixed cost bills','FINISHED',346000,1,143),(144,'2021-11-13 17:46:37','2021-12-13 17:46:37','new fixed cost bills','FINISHED',253000,2,144),(145,'2021-11-01 05:06:19','2021-12-01 05:06:19','new fixed cost bills','FINISHED',174000,2,145),(146,'2021-10-03 15:29:10','2021-11-03 15:29:10','new fixed cost bills','FINISHED',65000,1,146),(147,'2021-08-08 09:22:09','2021-09-08 09:22:09','new fixed cost bills','FINISHED',103000,2,147),(148,'2021-08-08 22:07:44','2021-09-08 22:07:44','new fixed cost bills','FINISHED',270000,1,148),(149,'2021-10-09 10:14:08','2021-11-09 10:14:08','new fixed cost bills','FINISHED',289000,2,149),(150,'2021-08-10 23:43:26','2021-09-10 23:43:26','new fixed cost bills','FINISHED',237000,1,150),(151,'2021-08-16 19:06:06','2021-09-16 19:06:06','new fixed cost bills','FINISHED',268000,2,151),(152,'2021-10-22 14:56:55','2021-11-22 14:56:55','new fixed cost bills','FINISHED',229000,2,152),(153,'2021-09-18 01:02:51','2021-10-18 01:02:51','new fixed cost bills','FINISHED',291000,1,153),(154,'2021-08-25 14:38:03','2021-09-25 14:38:03','new fixed cost bills','FINISHED',366000,1,154),(155,'2021-10-16 04:41:48','2021-11-16 04:41:48','new fixed cost bills','FINISHED',205000,2,155),(156,'2021-10-05 20:20:01','2021-11-05 20:20:01','new fixed cost bills','FINISHED',228000,2,156),(157,'2021-11-18 17:23:46','2021-12-18 17:23:46','new fixed cost bills','FINISHED',124000,1,157),(158,'2021-08-10 12:22:06','2021-09-10 12:22:06','new fixed cost bills','FINISHED',239000,2,158),(159,'2021-08-23 14:11:41','2021-09-23 14:11:41','new fixed cost bills','FINISHED',72000,2,159),(160,'2021-08-22 20:44:42','2021-09-22 20:44:42','new fixed cost bills','FINISHED',294000,2,160),(161,'2021-10-13 07:12:43','2021-11-13 07:12:43','new fixed cost bills','FINISHED',152000,1,161),(162,'2021-10-02 02:16:30','2021-11-02 02:16:30','new fixed cost bills','FINISHED',182000,1,162),(163,'2021-09-10 04:32:30','2021-10-10 04:32:30','new fixed cost bills','FINISHED',50000,2,163),(164,'2021-07-23 07:22:32','2021-08-23 07:22:32','new fixed cost bills','FINISHED',356000,1,164),(165,'2021-10-10 23:46:27','2021-11-10 23:46:27','new fixed cost bills','FINISHED',180000,1,165),(166,'2021-09-25 00:34:46','2021-10-25 00:34:46','new fixed cost bills','FINISHED',130000,2,166),(167,'2021-11-16 13:52:30','2021-12-16 13:52:30','new fixed cost bills','FINISHED',63000,1,167),(168,'2021-10-17 21:41:03','2021-11-17 21:41:03','new fixed cost bills','FINISHED',227000,2,168),(169,'2021-10-28 23:44:15','2021-11-28 23:44:15','new fixed cost bills','FINISHED',193000,1,169),(170,'2021-08-22 22:53:28','2021-09-22 22:53:28','new fixed cost bills','FINISHED',236000,1,170),(171,'2021-10-11 05:37:44','2021-11-11 05:37:44','new fixed cost bills','FINISHED',199000,1,171),(172,'2021-08-08 09:55:07','2021-09-08 09:55:07','new fixed cost bills','FINISHED',240000,2,172),(173,'2021-09-16 22:14:12','2021-10-16 22:14:12','new fixed cost bills','FINISHED',200000,2,173),(174,'2021-10-17 11:30:17','2021-11-17 11:30:17','new fixed cost bills','FINISHED',230000,1,174),(175,'2021-10-28 14:44:37','2021-11-28 14:44:37','new fixed cost bills','FINISHED',152000,1,175),(176,'2021-08-08 14:23:09','2021-09-08 14:23:09','new fixed cost bills','FINISHED',371000,1,176),(177,'2021-10-22 20:54:14','2021-11-22 20:54:14','new fixed cost bills','FINISHED',297000,1,177),(178,'2021-08-06 22:04:02','2021-09-06 22:04:02','new fixed cost bills','FINISHED',322000,2,178),(179,'2021-10-03 06:29:14','2021-11-03 06:29:14','new fixed cost bills','FINISHED',319000,2,179),(180,'2021-09-18 07:49:03','2021-10-18 07:49:03','new fixed cost bills','FINISHED',228000,2,180),(181,'2021-09-15 16:51:28','2021-10-15 16:51:28','new fixed cost bills','FINISHED',134000,1,181),(182,'2021-08-21 11:43:04','2021-09-21 11:43:04','new fixed cost bills','FINISHED',287000,2,182),(183,'2021-08-26 16:06:39','2021-09-26 16:06:39','new fixed cost bills','FINISHED',280000,1,183),(184,'2021-09-10 09:59:18','2021-10-10 09:59:18','new fixed cost bills','FINISHED',141000,2,184),(185,'2021-09-15 05:59:08','2021-10-15 05:59:08','new fixed cost bills','FINISHED',167000,1,185),(186,'2021-08-12 19:55:18','2021-09-12 19:55:18','new fixed cost bills','FINISHED',361000,2,186),(187,'2021-08-17 09:22:22','2021-09-17 09:22:22','new fixed cost bills','FINISHED',202000,1,187),(188,'2021-09-09 00:21:08','2021-10-09 00:21:08','new fixed cost bills','FINISHED',228000,1,188),(189,'2021-08-15 09:06:49','2021-09-15 09:06:49','new fixed cost bills','FINISHED',133000,1,189),(190,'2021-07-29 16:14:52','2021-08-29 16:14:52','new fixed cost bills','FINISHED',285000,1,190),(191,'2021-07-25 17:04:08','2021-08-25 17:04:08','new fixed cost bills','FINISHED',272000,1,191),(192,'2021-10-27 00:41:40','2021-11-27 00:41:40','new fixed cost bills','FINISHED',104000,2,192),(193,'2021-08-01 17:16:15','2021-09-01 17:16:15','new fixed cost bills','FINISHED',359000,2,193),(194,'2021-07-22 12:17:34','2021-08-22 12:17:34','new fixed cost bills','FINISHED',379000,2,194),(195,'2021-09-01 18:30:25','2021-10-01 18:30:25','new fixed cost bills','FINISHED',65000,2,195),(196,'2021-08-12 00:51:20','2021-09-12 00:51:20','new fixed cost bills','FINISHED',193000,2,196),(197,'2021-07-30 10:05:02','2021-08-30 10:05:02','new fixed cost bills','FINISHED',371000,1,197),(198,'2021-10-10 03:44:28','2021-11-10 03:44:28','new fixed cost bills','FINISHED',172000,1,198),(199,'2021-07-30 14:05:44','2021-08-30 14:05:44','new fixed cost bills','FINISHED',51000,2,199),(200,'2021-07-19 21:38:44','2021-08-19 21:38:44','new fixed cost bills','FINISHED',388000,1,200),(201,'2021-08-06 22:47:54','2021-09-06 22:47:54','new fixed cost bills','FINISHED',337000,2,201),(202,'2021-09-13 09:32:28','2021-10-13 09:32:28','new fixed cost bills','FINISHED',118000,1,202),(203,'2021-09-15 20:32:08','2021-10-15 20:32:08','new fixed cost bills','FINISHED',231000,1,203),(204,'2021-11-16 02:35:25','2021-12-16 02:35:25','new fixed cost bills','FINISHED',399000,2,204),(205,'2021-09-05 07:49:50','2021-10-05 07:49:50','new fixed cost bills','FINISHED',203000,1,205),(206,'2021-08-10 21:54:40','2021-09-10 21:54:40','new fixed cost bills','FINISHED',119000,1,206),(207,'2021-10-24 15:33:48','2021-11-24 15:33:48','new fixed cost bills','FINISHED',285000,1,207),(208,'2021-07-16 19:42:31','2021-08-16 19:42:31','new fixed cost bills','FINISHED',317000,1,208),(209,'2021-11-22 00:08:36','2021-12-22 00:08:36','new fixed cost bills','FINISHED',330000,2,209),(210,'2021-11-03 21:48:05','2021-12-03 21:48:05','new fixed cost bills','FINISHED',299000,1,210),(211,'2021-10-19 22:56:35','2021-11-19 22:56:35','new fixed cost bills','FINISHED',103000,1,211),(212,'2021-07-16 06:05:05','2021-08-16 06:05:05','new fixed cost bills','FINISHED',272000,2,212),(213,'2021-08-22 19:05:54','2021-09-22 19:05:54','new fixed cost bills','FINISHED',297000,1,213),(214,'2021-08-12 22:25:07','2021-09-12 22:25:07','new fixed cost bills','FINISHED',272000,2,214),(215,'2021-11-18 22:01:35','2021-12-18 22:01:35','new fixed cost bills','FINISHED',67000,1,215),(216,'2021-09-26 18:02:55','2021-10-26 18:02:55','new fixed cost bills','FINISHED',170000,2,216),(217,'2021-11-04 13:56:56','2021-12-04 13:56:56','new fixed cost bills','FINISHED',247000,1,217),(218,'2021-11-03 07:55:20','2021-12-03 07:55:20','new fixed cost bills','FINISHED',328000,2,218),(219,'2021-08-19 21:05:21','2021-09-19 21:05:21','new fixed cost bills','FINISHED',148000,1,219),(220,'2021-10-16 10:11:37','2021-11-16 10:11:37','new fixed cost bills','FINISHED',57000,1,220),(221,'2021-08-05 01:06:44','2021-09-05 01:06:44','new fixed cost bills','FINISHED',143000,2,221),(222,'2021-07-29 14:12:01','2021-08-29 14:12:01','new fixed cost bills','FINISHED',143000,2,222),(223,'2021-10-24 13:02:08','2021-11-24 13:02:08','new fixed cost bills','FINISHED',234000,2,223),(224,'2021-08-27 00:18:22','2021-09-27 00:18:22','new fixed cost bills','FINISHED',344000,2,224),(225,'2021-08-08 23:27:21','2021-09-08 23:27:21','new fixed cost bills','FINISHED',266000,2,225),(226,'2021-09-01 17:34:38','2021-10-01 17:34:38','new fixed cost bills','FINISHED',246000,1,226),(227,'2021-08-24 20:28:20','2021-09-24 20:28:20','new fixed cost bills','FINISHED',384000,2,227),(228,'2021-10-29 19:37:39','2021-11-29 19:37:39','new fixed cost bills','FINISHED',78000,1,228),(229,'2021-08-16 11:20:14','2021-09-16 11:20:14','new fixed cost bills','FINISHED',240000,1,229),(230,'2021-08-01 10:13:54','2021-09-01 10:13:54','new fixed cost bills','FINISHED',218000,2,230),(231,'2021-08-25 13:42:51','2021-09-25 13:42:51','new fixed cost bills','FINISHED',320000,2,231),(232,'2021-11-03 08:48:12','2021-12-03 08:48:12','new fixed cost bills','FINISHED',194000,2,232),(233,'2021-10-29 14:55:27','2021-11-29 14:55:27','new fixed cost bills','FINISHED',312000,2,233),(234,'2021-09-10 11:50:52','2021-10-10 11:50:52','new fixed cost bills','FINISHED',225000,1,234),(235,'2021-09-20 03:41:50','2021-10-20 03:41:50','new fixed cost bills','FINISHED',142000,2,235),(236,'2021-08-19 06:36:10','2021-09-19 06:36:10','new fixed cost bills','FINISHED',336000,2,236),(237,'2021-08-06 23:19:23','2021-09-06 23:19:23','new fixed cost bills','FINISHED',150000,1,237),(238,'2021-09-01 14:54:02','2021-10-01 14:54:02','new fixed cost bills','FINISHED',394000,1,238),(239,'2021-09-06 20:27:47','2021-10-06 20:27:47','new fixed cost bills','FINISHED',66000,2,239),(240,'2021-08-02 14:23:04','2021-09-02 14:23:04','new fixed cost bills','FINISHED',154000,1,240),(241,'2021-07-27 18:57:33','2021-08-27 18:57:33','new fixed cost bills','FINISHED',170000,2,241),(242,'2021-10-24 06:15:44','2021-11-24 06:15:44','new fixed cost bills','FINISHED',338000,1,242),(243,'2021-09-23 01:51:19','2021-10-23 01:51:19','new fixed cost bills','FINISHED',80000,1,243),(244,'2021-09-10 14:17:02','2021-10-10 14:17:02','new fixed cost bills','FINISHED',389000,2,244),(245,'2021-09-16 01:18:18','2021-10-16 01:18:18','new fixed cost bills','FINISHED',251000,2,245),(246,'2021-08-27 14:13:05','2021-09-27 14:13:05','new fixed cost bills','FINISHED',387000,1,246),(247,'2021-08-24 01:14:05','2021-09-24 01:14:05','new fixed cost bills','FINISHED',83000,2,247),(248,'2021-09-18 09:46:50','2021-10-18 09:46:50','new fixed cost bills','FINISHED',255000,1,248),(249,'2021-08-31 03:57:44','2021-09-30 03:57:44','new fixed cost bills','FINISHED',274000,2,249),(250,'2021-10-05 17:34:08','2021-11-05 17:34:08','new fixed cost bills','FINISHED',207000,2,250),(251,'2021-11-23 08:40:45','2021-12-23 08:40:45','new fixed cost bills','FINISHED',163000,1,251),(252,'2021-07-19 11:36:14','2021-08-19 11:36:14','new fixed cost bills','FINISHED',143000,1,252),(253,'2021-09-01 06:33:15','2021-10-01 06:33:15','new fixed cost bills','FINISHED',178000,1,253),(254,'2021-08-13 02:55:34','2021-09-13 02:55:34','new fixed cost bills','FINISHED',62000,1,254),(255,'2021-11-16 16:13:15','2021-12-16 16:13:15','new fixed cost bills','FINISHED',74000,1,255),(256,'2021-08-28 23:58:34','2021-09-28 23:58:34','new fixed cost bills','FINISHED',136000,2,256),(257,'2021-10-21 19:21:47','2021-11-21 19:21:47','new fixed cost bills','FINISHED',58000,1,257),(258,'2021-10-23 22:46:14','2021-11-23 22:46:14','new fixed cost bills','FINISHED',184000,1,258),(259,'2021-08-05 19:54:37','2021-09-05 19:54:37','new fixed cost bills','FINISHED',344000,1,259),(260,'2021-08-14 01:35:50','2021-09-14 01:35:50','new fixed cost bills','FINISHED',65000,1,260),(261,'2021-11-21 08:59:18','2021-12-21 08:59:18','new fixed cost bills','FINISHED',299000,2,261),(262,'2021-09-05 17:48:07','2021-10-05 17:48:07','new fixed cost bills','FINISHED',196000,1,262),(263,'2021-07-16 11:36:17','2021-08-16 11:36:17','new fixed cost bills','FINISHED',384000,1,263),(264,'2021-07-15 00:35:19','2021-08-15 00:35:19','new fixed cost bills','FINISHED',230000,2,264),(265,'2021-10-03 04:05:30','2021-11-03 04:05:30','new fixed cost bills','FINISHED',301000,1,265),(266,'2021-08-03 12:12:55','2021-09-03 12:12:55','new fixed cost bills','FINISHED',63000,1,266),(267,'2021-07-28 01:44:07','2021-08-28 01:44:07','new fixed cost bills','FINISHED',64000,2,267),(268,'2021-10-12 15:26:45','2021-11-12 15:26:45','new fixed cost bills','FINISHED',81000,2,268),(269,'2021-10-20 07:32:15','2021-11-20 07:32:15','new fixed cost bills','FINISHED',163000,2,269),(270,'2021-10-23 11:30:53','2021-11-23 11:30:53','new fixed cost bills','FINISHED',172000,2,270),(271,'2021-10-28 04:58:48','2021-11-28 04:58:48','new fixed cost bills','FINISHED',321000,1,271),(272,'2021-08-06 22:36:08','2021-09-06 22:36:08','new fixed cost bills','FINISHED',338000,1,272),(273,'2021-07-22 08:28:32','2021-08-22 08:28:32','new fixed cost bills','FINISHED',325000,1,273),(274,'2021-08-18 09:26:57','2021-09-18 09:26:57','new fixed cost bills','FINISHED',211000,2,274),(275,'2021-11-21 08:39:08','2021-12-21 08:39:08','new fixed cost bills','FINISHED',380000,2,275),(276,'2021-08-28 14:36:09','2021-09-28 14:36:09','new fixed cost bills','FINISHED',165000,2,276),(277,'2021-10-14 11:05:33','2021-11-14 11:05:33','new fixed cost bills','FINISHED',337000,2,277),(278,'2021-09-28 19:53:35','2021-10-28 19:53:35','new fixed cost bills','FINISHED',90000,2,278),(279,'2021-08-07 23:34:00','2021-09-07 23:34:00','new fixed cost bills','FINISHED',90000,1,279),(280,'2021-09-24 19:37:27','2021-10-24 19:37:27','new fixed cost bills','FINISHED',129000,2,280),(281,'2021-09-16 02:05:33','2021-10-16 02:05:33','new fixed cost bills','FINISHED',325000,2,281),(282,'2021-11-12 21:50:00','2021-12-12 21:50:00','new fixed cost bills','FINISHED',138000,2,282),(283,'2021-09-17 23:02:29','2021-10-17 23:02:29','new fixed cost bills','FINISHED',367000,1,283),(284,'2021-11-05 18:43:32','2021-12-05 18:43:32','new fixed cost bills','FINISHED',317000,1,284),(285,'2021-08-01 15:01:19','2021-09-01 15:01:19','new fixed cost bills','FINISHED',85000,1,285),(286,'2021-11-06 00:59:18','2021-12-06 00:59:18','new fixed cost bills','FINISHED',125000,1,286),(287,'2021-09-20 11:20:17','2021-10-20 11:20:17','new fixed cost bills','FINISHED',320000,1,287),(288,'2021-08-15 12:51:14','2021-09-15 12:51:14','new fixed cost bills','FINISHED',125000,1,288),(289,'2021-08-03 11:52:51','2021-09-03 11:52:51','new fixed cost bills','FINISHED',314000,1,289),(290,'2021-08-08 07:14:38','2021-09-08 07:14:38','new fixed cost bills','FINISHED',95000,1,290),(291,'2021-07-24 16:40:06','2021-08-24 16:40:06','new fixed cost bills','FINISHED',185000,2,291),(292,'2021-09-01 09:49:35','2021-10-01 09:49:35','new fixed cost bills','FINISHED',241000,1,292),(293,'2021-10-09 18:24:11','2021-11-09 18:24:11','new fixed cost bills','FINISHED',248000,1,293),(294,'2021-08-18 11:37:29','2021-09-18 11:37:29','new fixed cost bills','FINISHED',118000,2,294),(295,'2021-10-04 10:11:06','2021-11-04 10:11:06','new fixed cost bills','FINISHED',145000,2,295),(296,'2021-08-20 16:25:37','2021-09-20 16:25:37','new fixed cost bills','FINISHED',324000,2,296),(297,'2021-11-09 14:21:31','2021-12-09 14:21:31','new fixed cost bills','FINISHED',83000,2,297),(298,'2021-07-29 00:29:47','2021-08-29 00:29:47','new fixed cost bills','FINISHED',94000,1,298),(299,'2021-09-11 23:33:06','2021-10-11 23:33:06','new fixed cost bills','FINISHED',172000,1,299),(300,'2021-11-10 03:47:59','2021-12-10 03:47:59','new fixed cost bills','FINISHED',177000,1,300),(301,'2021-10-24 09:14:27','2021-11-24 09:14:27','new fixed cost bills','FINISHED',320000,2,301),(302,'2021-09-17 16:04:47','2021-10-17 16:04:47','new fixed cost bills','FINISHED',318000,2,302),(303,'2021-09-19 09:02:44','2021-10-19 09:02:44','new fixed cost bills','FINISHED',230000,1,303),(304,'2021-07-19 13:27:17','2021-08-19 13:27:17','new fixed cost bills','FINISHED',147000,2,304),(305,'2021-07-20 16:04:47','2021-08-20 16:04:47','new fixed cost bills','FINISHED',346000,1,305),(306,'2021-09-02 02:04:29','2021-10-02 02:04:29','new fixed cost bills','FINISHED',187000,2,306),(307,'2021-10-19 23:04:18','2021-11-19 23:04:18','new fixed cost bills','FINISHED',199000,2,307),(308,'2021-09-16 18:26:41','2021-10-16 18:26:41','new fixed cost bills','FINISHED',383000,1,308),(309,'2021-10-22 05:29:43','2021-11-22 05:29:43','new fixed cost bills','FINISHED',214000,2,309),(310,'2021-09-18 12:44:33','2021-10-18 12:44:33','new fixed cost bills','FINISHED',224000,2,310),(311,'2021-07-26 20:24:53','2021-08-26 20:24:53','new fixed cost bills','FINISHED',78000,2,311),(312,'2021-07-27 03:31:37','2021-08-27 03:31:37','new fixed cost bills','FINISHED',370000,2,312),(313,'2021-09-29 14:17:02','2021-10-29 14:17:02','new fixed cost bills','FINISHED',161000,2,313),(314,'2021-08-06 19:03:28','2021-09-06 19:03:28','new fixed cost bills','FINISHED',347000,2,314),(315,'2021-08-22 06:16:11','2021-09-22 06:16:11','new fixed cost bills','FINISHED',150000,1,315),(316,'2021-10-01 21:06:59','2021-11-01 21:06:59','new fixed cost bills','FINISHED',361000,1,316),(317,'2021-07-23 06:25:29','2021-08-23 06:25:29','new fixed cost bills','FINISHED',255000,2,317),(318,'2021-09-30 14:11:47','2021-10-30 14:11:47','new fixed cost bills','FINISHED',140000,1,318),(319,'2021-09-15 15:03:46','2021-10-15 15:03:46','new fixed cost bills','FINISHED',235000,2,319),(320,'2021-10-31 09:39:56','2021-11-30 09:39:56','new fixed cost bills','FINISHED',357000,1,320),(321,'2021-11-17 00:17:21','2021-12-17 00:17:21','new fixed cost bills','FINISHED',329000,2,321),(322,'2021-10-22 08:49:02','2021-11-22 08:49:02','new fixed cost bills','FINISHED',171000,1,322),(323,'2021-08-12 15:12:51','2021-09-12 15:12:51','new fixed cost bills','FINISHED',172000,2,323),(324,'2021-10-11 13:45:34','2021-11-11 13:45:34','new fixed cost bills','FINISHED',298000,1,324),(325,'2021-08-21 06:50:47','2021-09-21 06:50:47','new fixed cost bills','FINISHED',223000,1,325),(326,'2021-09-16 00:23:45','2021-10-16 00:23:45','new fixed cost bills','FINISHED',172000,1,326),(327,'2021-10-11 08:38:32','2021-11-11 08:38:32','new fixed cost bills','FINISHED',141000,1,327),(328,'2021-07-26 01:57:36','2021-08-26 01:57:36','new fixed cost bills','FINISHED',140000,2,328),(329,'2021-11-17 00:12:01','2021-12-17 00:12:01','new fixed cost bills','FINISHED',228000,1,329),(330,'2021-11-02 14:58:56','2021-12-02 14:58:56','new fixed cost bills','FINISHED',321000,2,330),(331,'2021-09-26 02:53:34','2021-10-26 02:53:34','new fixed cost bills','FINISHED',167000,1,331),(332,'2021-10-12 13:08:27','2021-11-12 13:08:27','new fixed cost bills','FINISHED',175000,1,332),(333,'2021-08-05 17:09:35','2021-09-05 17:09:35','new fixed cost bills','FINISHED',325000,1,333),(334,'2021-11-15 11:20:04','2021-12-15 11:20:04','new fixed cost bills','FINISHED',346000,1,334),(335,'2021-10-04 01:06:07','2021-11-04 01:06:07','new fixed cost bills','FINISHED',357000,1,335),(336,'2021-09-19 17:08:04','2021-10-19 17:08:04','new fixed cost bills','FINISHED',345000,1,336),(337,'2021-10-14 20:45:46','2021-11-14 20:45:46','new fixed cost bills','FINISHED',254000,2,337),(338,'2021-10-07 14:28:34','2021-11-07 14:28:34','new fixed cost bills','FINISHED',185000,2,338),(339,'2021-08-03 03:23:55','2021-09-03 03:23:55','new fixed cost bills','FINISHED',112000,2,339),(340,'2021-07-19 04:55:34','2021-08-19 04:55:34','new fixed cost bills','FINISHED',308000,2,340),(341,'2021-10-03 10:40:38','2021-11-03 10:40:38','new fixed cost bills','FINISHED',102000,2,341),(342,'2021-08-04 14:00:52','2021-09-04 14:00:52','new fixed cost bills','FINISHED',240000,1,342),(343,'2021-09-14 16:44:21','2021-10-14 16:44:21','new fixed cost bills','FINISHED',141000,1,343),(344,'2021-10-04 17:09:59','2021-11-04 17:09:59','new fixed cost bills','FINISHED',285000,2,344),(345,'2021-11-13 12:16:53','2021-12-13 12:16:53','new fixed cost bills','FINISHED',253000,1,345),(346,'2021-11-03 07:43:57','2021-12-03 07:43:57','new fixed cost bills','FINISHED',360000,1,346),(347,'2021-11-03 22:22:52','2021-12-03 22:22:52','new fixed cost bills','FINISHED',290000,2,347),(348,'2021-11-01 05:24:32','2021-12-01 05:24:32','new fixed cost bills','FINISHED',319000,1,348),(349,'2021-10-26 01:21:08','2021-11-26 01:21:08','new fixed cost bills','FINISHED',327000,2,349),(350,'2021-11-10 15:39:36','2021-12-10 15:39:36','new fixed cost bills','FINISHED',276000,2,350),(351,'2021-07-15 12:56:43','2021-08-15 12:56:43','new fixed cost bills','FINISHED',351000,1,351),(352,'2021-08-13 18:15:16','2021-09-13 18:15:16','new fixed cost bills','FINISHED',173000,2,352),(353,'2021-08-19 11:45:46','2021-09-19 11:45:46','new fixed cost bills','FINISHED',113000,2,353),(354,'2021-11-02 19:24:23','2021-12-02 19:24:23','new fixed cost bills','FINISHED',350000,2,354),(355,'2021-09-15 03:36:57','2021-10-15 03:36:57','new fixed cost bills','FINISHED',308000,2,355),(356,'2021-11-04 16:06:05','2021-12-04 16:06:05','new fixed cost bills','FINISHED',88000,1,356),(357,'2021-10-23 23:57:48','2021-11-23 23:57:48','new fixed cost bills','FINISHED',170000,1,357),(358,'2021-10-19 01:23:15','2021-11-19 01:23:15','new fixed cost bills','FINISHED',187000,2,358),(359,'2021-10-08 11:48:25','2021-11-08 11:48:25','new fixed cost bills','FINISHED',374000,1,359),(360,'2021-09-14 05:21:10','2021-10-14 05:21:10','new fixed cost bills','FINISHED',207000,2,360),(361,'2021-09-19 12:02:19','2021-10-19 12:02:19','new fixed cost bills','FINISHED',216000,1,361),(362,'2021-10-04 05:28:36','2021-11-04 05:28:36','new fixed cost bills','FINISHED',57000,1,362),(363,'2021-09-23 23:30:48','2021-10-23 23:30:48','new fixed cost bills','FINISHED',288000,1,363),(364,'2021-11-13 11:22:58','2021-12-13 11:22:58','new fixed cost bills','FINISHED',168000,1,364),(365,'2021-11-04 20:21:10','2021-12-04 20:21:10','new fixed cost bills','FINISHED',279000,2,365),(366,'2021-11-23 05:24:36','2021-12-23 05:24:36','new fixed cost bills','FINISHED',138000,2,366),(367,'2021-07-22 04:19:32','2021-08-22 04:19:32','new fixed cost bills','FINISHED',154000,2,367),(368,'2021-10-11 11:57:10','2021-11-11 11:57:10','new fixed cost bills','FINISHED',307000,1,368),(369,'2021-10-04 06:05:43','2021-11-04 06:05:43','new fixed cost bills','FINISHED',320000,1,369),(370,'2021-09-12 01:23:24','2021-10-12 01:23:24','new fixed cost bills','FINISHED',278000,2,370),(371,'2021-09-12 01:15:03','2021-10-12 01:15:03','new fixed cost bills','FINISHED',383000,2,371),(372,'2021-09-20 02:16:14','2021-10-20 02:16:14','new fixed cost bills','FINISHED',329000,2,372),(373,'2021-07-29 07:49:41','2021-08-29 07:49:41','new fixed cost bills','FINISHED',94000,2,373),(374,'2021-08-11 14:10:34','2021-09-11 14:10:34','new fixed cost bills','FINISHED',138000,1,374),(375,'2021-08-14 20:55:50','2021-09-14 20:55:50','new fixed cost bills','FINISHED',357000,1,375),(376,'2021-07-27 21:14:49','2021-08-27 21:14:49','new fixed cost bills','FINISHED',269000,2,376),(377,'2021-07-28 21:21:29','2021-08-28 21:21:29','new fixed cost bills','FINISHED',226000,2,377),(378,'2021-09-12 08:13:46','2021-10-12 08:13:46','new fixed cost bills','FINISHED',271000,1,378),(379,'2021-08-10 03:36:15','2021-09-10 03:36:15','new fixed cost bills','FINISHED',276000,2,379),(380,'2021-08-20 17:22:47','2021-09-20 17:22:47','new fixed cost bills','FINISHED',167000,2,380),(381,'2021-10-27 04:26:46','2021-11-27 04:26:46','new fixed cost bills','FINISHED',310000,2,381),(382,'2021-08-24 13:45:13','2021-09-24 13:45:13','new fixed cost bills','FINISHED',296000,2,382),(383,'2021-11-04 16:28:16','2021-12-04 16:28:16','new fixed cost bills','FINISHED',151000,1,383),(384,'2021-10-11 01:34:00','2021-11-11 01:34:00','new fixed cost bills','FINISHED',169000,1,384),(385,'2021-09-15 11:59:54','2021-10-15 11:59:54','new fixed cost bills','FINISHED',343000,1,385),(386,'2021-08-28 15:06:33','2021-09-28 15:06:33','new fixed cost bills','FINISHED',106000,1,386),(387,'2021-09-19 00:54:43','2021-10-19 00:54:43','new fixed cost bills','FINISHED',153000,2,387),(388,'2021-08-14 15:50:26','2021-09-14 15:50:26','new fixed cost bills','FINISHED',395000,2,388),(389,'2021-09-07 02:53:00','2021-10-07 02:53:00','new fixed cost bills','FINISHED',65000,1,389),(390,'2021-09-28 20:06:59','2021-10-28 20:06:59','new fixed cost bills','FINISHED',143000,2,390),(391,'2021-09-14 11:23:50','2021-10-14 11:23:50','new fixed cost bills','FINISHED',119000,1,391),(392,'2021-11-15 08:04:07','2021-12-15 08:04:07','new fixed cost bills','FINISHED',115000,1,392),(393,'2021-08-02 14:31:23','2021-09-02 14:31:23','new fixed cost bills','FINISHED',169000,2,393),(394,'2021-10-08 07:59:56','2021-11-08 07:59:56','new fixed cost bills','FINISHED',102000,2,394),(395,'2021-09-07 14:47:36','2021-10-07 14:47:36','new fixed cost bills','FINISHED',302000,1,395),(396,'2021-09-17 04:20:09','2021-10-17 04:20:09','new fixed cost bills','FINISHED',102000,1,396),(397,'2021-11-06 19:00:10','2021-12-06 19:00:10','new fixed cost bills','FINISHED',255000,1,397),(398,'2021-08-09 22:37:22','2021-09-09 22:37:22','new fixed cost bills','FINISHED',218000,1,398),(399,'2021-07-29 21:55:47','2021-08-29 21:55:47','new fixed cost bills','FINISHED',274000,1,399),(400,'2021-10-06 14:31:27','2021-11-06 14:31:27','new fixed cost bills','FINISHED',316000,1,400),(401,'2021-08-27 22:31:54','2021-09-27 22:31:54','new fixed cost bills','FINISHED',360000,1,401),(402,'2021-08-26 20:59:40','2021-09-26 20:59:40','new fixed cost bills','FINISHED',99000,1,402),(403,'2021-09-03 13:38:58','2021-10-03 13:38:58','new fixed cost bills','FINISHED',67000,2,403),(404,'2021-10-30 13:47:56','2021-11-30 13:47:56','new fixed cost bills','FINISHED',341000,2,404),(405,'2021-09-26 22:45:44','2021-10-26 22:45:44','new fixed cost bills','FINISHED',399000,1,405),(406,'2021-08-23 06:59:40','2021-09-23 06:59:40','new fixed cost bills','FINISHED',223000,2,406),(407,'2021-09-22 03:44:55','2021-10-22 03:44:55','new fixed cost bills','FINISHED',218000,1,407),(408,'2021-11-05 12:11:25','2021-12-05 12:11:25','new fixed cost bills','FINISHED',373000,2,408),(409,'2021-09-02 06:53:21','2021-10-02 06:53:21','new fixed cost bills','FINISHED',108000,2,409),(410,'2021-09-05 16:56:00','2021-10-05 16:56:00','new fixed cost bills','FINISHED',75000,2,410),(411,'2021-08-30 03:18:58','2021-09-30 03:18:58','new fixed cost bills','FINISHED',350000,2,411),(412,'2021-11-21 00:09:21','2021-12-21 00:09:21','new fixed cost bills','FINISHED',72000,2,412),(413,'2021-08-03 21:03:17','2021-09-03 21:03:17','new fixed cost bills','FINISHED',312000,2,413),(414,'2021-10-21 20:23:50','2021-11-21 20:23:50','new fixed cost bills','FINISHED',242000,2,414),(415,'2021-09-23 05:41:45','2021-10-23 05:41:45','new fixed cost bills','FINISHED',226000,1,415),(416,'2021-09-18 21:12:35','2021-10-18 21:12:35','new fixed cost bills','FINISHED',354000,2,416),(417,'2021-10-07 23:54:08','2021-11-07 23:54:08','new fixed cost bills','FINISHED',341000,1,417),(418,'2021-09-24 10:27:32','2021-10-24 10:27:32','new fixed cost bills','FINISHED',242000,2,418),(419,'2021-10-12 07:15:09','2021-11-12 07:15:09','new fixed cost bills','FINISHED',138000,1,419),(420,'2021-09-09 21:22:14','2021-10-09 21:22:14','new fixed cost bills','FINISHED',266000,1,420),(421,'2021-07-16 16:17:46','2021-08-16 16:17:46','new fixed cost bills','FINISHED',165000,2,421),(422,'2021-10-25 12:41:52','2021-11-25 12:41:52','new fixed cost bills','FINISHED',326000,2,422),(423,'2021-08-09 08:51:46','2021-09-09 08:51:46','new fixed cost bills','FINISHED',387000,1,423),(424,'2021-10-09 22:42:00','2021-11-09 22:42:00','new fixed cost bills','FINISHED',203000,2,424),(425,'2021-10-07 22:44:20','2021-11-07 22:44:20','new fixed cost bills','FINISHED',157000,2,425),(426,'2021-07-26 22:30:55','2021-08-26 22:30:55','new fixed cost bills','FINISHED',126000,1,426),(427,'2021-11-13 07:56:56','2021-12-13 07:56:56','new fixed cost bills','FINISHED',110000,1,427),(428,'2021-08-09 23:31:47','2021-09-09 23:31:47','new fixed cost bills','FINISHED',123000,1,428),(429,'2021-08-06 12:18:18','2021-09-06 12:18:18','new fixed cost bills','FINISHED',234000,2,429),(430,'2021-09-24 15:16:25','2021-10-24 15:16:25','new fixed cost bills','FINISHED',50000,2,430),(431,'2021-09-09 12:33:47','2021-10-09 12:33:47','new fixed cost bills','FINISHED',200000,1,431),(432,'2021-08-22 04:49:24','2021-09-22 04:49:24','new fixed cost bills','FINISHED',100000,1,432),(433,'2021-10-24 02:22:34','2021-11-24 02:22:34','new fixed cost bills','FINISHED',201000,2,433),(434,'2021-10-10 00:59:32','2021-11-10 00:59:32','new fixed cost bills','FINISHED',305000,2,434),(435,'2021-09-06 00:07:54','2021-10-06 00:07:54','new fixed cost bills','FINISHED',172000,2,435),(436,'2021-09-01 12:40:41','2021-10-01 12:40:41','new fixed cost bills','FINISHED',244000,1,436),(437,'2021-10-01 06:45:42','2021-11-01 06:45:42','new fixed cost bills','FINISHED',302000,1,437),(438,'2021-08-17 22:02:11','2021-09-17 22:02:11','new fixed cost bills','FINISHED',381000,2,438),(439,'2021-11-08 17:21:00','2021-12-08 17:21:00','new fixed cost bills','FINISHED',247000,1,439),(440,'2021-08-06 16:33:16','2021-09-06 16:33:16','new fixed cost bills','FINISHED',394000,2,440),(441,'2021-09-18 02:46:01','2021-10-18 02:46:01','new fixed cost bills','FINISHED',125000,1,441),(442,'2021-10-02 19:13:58','2021-11-02 19:13:58','new fixed cost bills','FINISHED',96000,1,442),(443,'2021-09-09 21:01:52','2021-10-09 21:01:52','new fixed cost bills','FINISHED',53000,1,443),(444,'2021-09-17 20:09:52','2021-10-17 20:09:52','new fixed cost bills','FINISHED',282000,1,444),(445,'2021-09-18 06:38:02','2021-10-18 06:38:02','new fixed cost bills','FINISHED',148000,2,445),(446,'2021-11-17 21:44:51','2021-12-17 21:44:51','new fixed cost bills','FINISHED',193000,1,446),(447,'2021-10-04 22:09:10','2021-11-04 22:09:10','new fixed cost bills','FINISHED',123000,1,447),(448,'2021-09-07 00:37:46','2021-10-07 00:37:46','new fixed cost bills','FINISHED',337000,2,448),(449,'2021-10-24 02:47:18','2021-11-24 02:47:18','new fixed cost bills','FINISHED',213000,2,449),(450,'2021-07-23 21:34:25','2021-08-23 21:34:25','new fixed cost bills',NULL,356000,2,450),(451,'2021-10-05 04:33:21','2021-11-05 04:33:21','new fixed cost bills','DELAYING',388000,1,451),(452,'2021-11-18 11:20:27','2021-12-18 11:20:27','new fixed cost bills','DELAYING',120000,2,452),(453,'2021-08-03 00:24:50','2021-09-03 00:24:50','new fixed cost bills','DELAYING',90000,1,453),(454,'2021-09-04 12:14:37','2021-10-04 12:14:37','new fixed cost bills','DELAYING',389000,1,454),(455,'2021-09-26 00:49:18','2021-10-26 00:49:18','new fixed cost bills','DELAYING',224000,1,455),(456,'2021-10-20 02:58:52','2021-11-20 02:58:52','new fixed cost bills','DELAYING',255000,1,456),(457,'2021-10-15 13:03:20','2021-11-15 13:03:20','new fixed cost bills','DELAYING',201000,2,457),(458,'2021-10-17 12:09:02','2021-11-17 12:09:02','new fixed cost bills','DELAYING',191000,1,458),(459,'2021-11-13 15:05:40','2021-12-13 15:05:40','new fixed cost bills','DELAYING',300000,2,459),(460,'2021-10-05 07:14:38','2021-11-05 07:14:38','new fixed cost bills','DELAYING',179000,1,460),(461,'2021-11-17 01:14:54','2021-12-17 01:14:54','new fixed cost bills','DELAYING',294000,1,461),(462,'2021-11-20 05:47:22','2021-12-20 05:47:22','new fixed cost bills','DELAYING',183000,2,462),(463,'2021-08-30 22:30:10','2021-09-30 22:30:10','new fixed cost bills','DELAYING',333000,2,463),(464,'2021-11-17 17:25:05','2021-12-17 17:25:05','new fixed cost bills','DELAYING',365000,2,464),(465,'2021-07-18 00:19:11','2021-08-18 00:19:11','new fixed cost bills','DELAYING',73000,2,465),(466,'2021-10-01 20:25:59','2021-11-01 20:25:59','new fixed cost bills','DELAYING',274000,2,466),(467,'2021-08-17 02:55:56','2021-09-17 02:55:56','new fixed cost bills','DELAYING',400000,2,467),(468,'2021-11-04 08:40:08','2021-12-04 08:40:08','new fixed cost bills','DELAYING',73000,1,468),(469,'2021-09-17 10:36:15','2021-10-17 10:36:15','new fixed cost bills','DELAYING',172000,1,469),(470,'2021-08-27 02:48:27','2021-09-27 02:48:27','new fixed cost bills','DELAYING',239000,2,470),(471,'2021-10-08 08:41:35','2021-11-08 08:41:35','new fixed cost bills','DELAYING',278000,1,471),(472,'2021-09-24 08:43:29','2021-10-24 08:43:29','new fixed cost bills','DELAYING',275000,1,472),(473,'2021-08-25 16:40:30','2021-09-25 16:40:30','new fixed cost bills','DELAYING',139000,2,473),(474,'2021-07-19 02:07:10','2021-08-19 02:07:10','new fixed cost bills','DELAYING',170000,1,474),(475,'2021-09-21 04:54:41','2021-10-21 04:54:41','new fixed cost bills','DELAYING',386000,2,475),(476,'2021-10-10 17:28:01','2021-11-10 17:28:01','new fixed cost bills','DELAYING',318000,2,476),(477,'2021-10-21 03:26:40','2021-11-21 03:26:40','new fixed cost bills','DELAYING',380000,2,477),(478,'2021-08-14 20:01:16','2021-09-14 20:01:16','new fixed cost bills','DELAYING',194000,1,478),(479,'2021-10-27 16:11:32','2021-11-27 16:11:32','new fixed cost bills','DELAYING',131000,1,479),(480,'2021-09-10 04:13:09','2021-10-10 04:13:09','new fixed cost bills','DELAYING',373000,1,480),(481,'2021-08-27 02:35:47','2021-09-27 02:35:47','new fixed cost bills','DELAYING',373000,1,481),(482,'2021-07-16 10:33:54','2021-08-16 10:33:54','new fixed cost bills','DELAYING',346000,2,482),(483,'2021-11-08 16:48:11','2021-12-08 16:48:11','new fixed cost bills','DELAYING',210000,2,483),(484,'2021-10-19 06:45:39','2021-11-19 06:45:39','new fixed cost bills','DELAYING',313000,1,484),(485,'2021-08-18 06:42:53','2021-09-18 06:42:53','new fixed cost bills','DELAYING',185000,2,485),(486,'2021-11-08 20:12:40','2021-12-08 20:12:40','new fixed cost bills','DELAYING',286000,2,486),(487,'2021-10-27 23:48:24','2021-11-27 23:48:24','new fixed cost bills','DELAYING',126000,2,487),(488,'2021-11-01 11:48:44','2021-12-01 11:48:44','new fixed cost bills','DELAYING',70000,1,488),(489,'2021-11-08 05:57:41','2021-12-08 05:57:41','new fixed cost bills','DELAYING',275000,1,489),(490,'2021-10-05 16:39:05','2021-11-05 16:39:05','new fixed cost bills','DELAYING',64000,2,490),(491,'2021-08-05 06:49:29','2021-09-05 06:49:29','new fixed cost bills','DELAYING',148000,2,491),(492,'2021-09-24 19:09:23','2021-10-24 19:09:23','new fixed cost bills','DELAYING',147000,1,492),(493,'2021-10-19 11:47:04','2021-11-19 11:47:04','new fixed cost bills','DELAYING',241000,1,493),(494,'2021-08-02 19:28:25','2021-09-02 19:28:25','new fixed cost bills','DELAYING',363000,2,494),(495,'2021-09-18 10:21:14','2021-10-18 10:21:14','new fixed cost bills','DELAYING',339000,2,495),(496,'2021-11-18 00:38:12','2021-12-18 00:38:12','new fixed cost bills','DELAYING',208000,1,496),(497,'2021-10-16 07:42:07','2021-11-16 07:42:07','new fixed cost bills','DELAYING',323000,2,497),(498,'2021-07-17 03:08:58','2021-08-17 03:08:58','new fixed cost bills','DELAYING',242000,2,498),(499,'2021-07-20 11:14:34','2021-08-20 11:14:34','new fixed cost bills','DELAYING',190000,1,499),(500,'2021-08-27 02:39:03','2021-09-27 02:39:03','new fixed cost bills','DELAYING',176000,2,500);
/*!40000 ALTER TABLE `fixed_cost_bill` ENABLE KEYS */;
UNLOCK TABLES;

--
-- Table structure for table `ingredient`
--

DROP TABLE IF EXISTS `ingredient`;
/*!40101 SET @saved_cs_client     = @@character_set_client */;
/*!50503 SET character_set_client = utf8mb4 */;
CREATE TABLE `ingredient` (
  `ingredient_id` bigint NOT NULL AUTO_INCREMENT,
  `alert_amount_left` int DEFAULT '0',
  `amount_left` int DEFAULT '0',
  `description` varchar(1000) DEFAULT NULL,
  `name` varchar(100) DEFAULT NULL,
  `picture_id` bigint DEFAULT NULL,
  `price` double DEFAULT '0',
  `user_id` bigint DEFAULT NULL,
  `visible` tinyint(1) NOT NULL DEFAULT '1',
  PRIMARY KEY (`ingredient_id`),
  KEY `ingredient_user_id_index` (`user_id`)
) ENGINE=InnoDB AUTO_INCREMENT=501 DEFAULT CHARSET=utf8mb4 COLLATE=utf8mb4_0900_ai_ci;
/*!40101 SET character_set_client = @saved_cs_client */;

--
-- Dumping data for table `ingredient`
--

LOCK TABLES `ingredient` WRITE;
/*!40000 ALTER TABLE `ingredient` DISABLE KEYS */;
INSERT INTO `ingredient` VALUES (1,0,40,'Meat','Beef',11,62000,2,1),(2,0,87,'Meat','Chicken',12,30000,2,1),(3,0,60,'Seafood','Oyster',13,41000,1,1),(4,0,63,'Condiment','Mayonnaise',14,22000,1,1),(5,0,41,'Meat','Pork',15,51000,2,1),(6,0,63,'Condiment','Fish Sauce',16,15000,2,1),(7,0,65,'Spice','Pepper',17,12000,1,1),(8,0,44,'Spice','Salt',18,7000,1,1),(9,0,41,'Condiment','Vinegar',19,15000,2,1),(10,0,50,'Vegetable','Onion',20,23000,2,1),(11,0,61,'Bread','Bread',21,31000,1,1),(12,0,63,'Fruit','Orange',22,29000,1,1),(13,0,94,'Seafood','Shrimp',23,44000,2,1),(14,0,70,'Fruit','Kiwi',24,40000,1,1),(15,0,54,'Seafood','Salmon',25,60000,1,1),(16,0,40,'Spice','Jalapeno',246,25000,2,1),(17,0,24,'Cheese - Augre Des Champs','Cheese - Augre Des Champs',247,110000,2,1),(18,0,16,'Sprouts - Peppercress','Sprouts - Peppercress',248,114000,1,1),(19,0,59,'Towel - Roll White','Towel - Roll White',249,119000,1,1),(20,0,55,'Chocolate - Milk','Chocolate - Milk',250,77000,2,1),(21,0,26,'Snapple Raspberry Tea','Snapple Raspberry Tea',251,73000,2,1),(22,0,16,'Milk - Buttermilk','Milk - Buttermilk',252,73000,1,1),(23,0,54,'Scotch - Queen Anne','Scotch - Queen Anne',253,79000,1,1),(24,0,31,'Sauce - Thousand Island','Sauce - Thousand Island',254,111000,1,1),(25,0,42,'Mix - Cappucino Cocktail','Mix - Cappucino Cocktail',255,89000,2,1),(26,0,48,'Cookie Trail Mix','Cookie Trail Mix',256,100000,2,1),(27,0,45,'Macaroons - Homestyle Two Bit','Macaroons - Homestyle Two Bit',257,112000,2,1),(28,0,11,'Muffin Mix - Raisin Bran','Muffin Mix - Raisin Bran',258,84000,2,1),(29,0,31,'Bread Bowl Plain','Bread Bowl Plain',259,76000,2,1),(30,0,53,'Wine - Tribal Sauvignon','Wine - Tribal Sauvignon',260,120000,1,1),(31,0,40,'Sardines','Sardines',261,84000,1,1),(32,0,33,'Trueblue - Blueberry 12x473ml','Trueblue - Blueberry 12x473ml',262,106000,2,1),(33,0,33,'Beef - Striploin','Beef - Striploin',263,101000,1,1),(34,0,59,'Wine - Toasted Head','Wine - Toasted Head',264,68000,1,1),(35,0,63,'Radish','Radish',265,84000,1,1),(36,0,68,'Cactus Pads','Cactus Pads',266,97000,2,1),(37,0,19,'Lid Coffeecup 12oz D9542b','Lid Coffeecup 12oz D9542b',267,113000,1,1),(38,0,63,'Appetizer - Cheese Bites','Appetizer - Cheese Bites',268,97000,1,1),(39,0,66,'Wine - Sogrape Mateus Rose','Wine - Sogrape Mateus Rose',269,82000,1,1),(40,0,11,'Pop Shoppe Cream Soda','Pop Shoppe Cream Soda',270,111000,1,1),(41,0,29,'Pastry - Banana Muffin - Mini','Pastry - Banana Muffin - Mini',271,75000,2,1),(42,0,42,'Turkey - Ground. Lean','Turkey - Ground. Lean',272,88000,2,1),(43,0,51,'Scrubbie - Scotchbrite Hand Pad','Scrubbie - Scotchbrite Hand Pad',273,96000,2,1),(44,0,61,'Flax Seed','Flax Seed',274,97000,2,1),(45,0,21,'Garam Marsala','Garam Marsala',275,77000,2,1),(46,0,35,'Soup - Campbells Chili','Soup - Campbells Chili',276,84000,2,1),(47,0,41,'English Muffin','English Muffin',277,68000,1,1),(48,0,31,'Cocoa Powder - Natural','Cocoa Powder - Natural',278,81000,1,1),(49,0,21,'Wine - Stoneliegh Sauvignon','Wine - Stoneliegh Sauvignon',279,78000,1,1),(50,0,66,'Tequila Rose Cream Liquor','Tequila Rose Cream Liquor',280,83000,1,1),(51,0,11,'Soup Campbells Turkey Veg.','Soup Campbells Turkey Veg.',281,116000,1,1),(52,0,30,'Seedlings - Mix, Organic','Seedlings - Mix, Organic',282,101000,1,1),(53,0,48,'Lemon Pepper','Lemon Pepper',283,90000,2,1),(54,0,17,'Soup - Campbells Beef Strogonoff','Soup - Campbells Beef Strogonoff',284,84000,1,1),(55,0,53,'Salt - Table','Salt - Table',285,84000,1,1),(56,0,23,'Squash - Sunburst','Squash - Sunburst',286,104000,2,1),(57,0,66,'Muffin - Blueberry Individual','Muffin - Blueberry Individual',287,92000,2,1),(58,0,10,'Raspberries - Frozen','Raspberries - Frozen',288,82000,1,1),(59,0,26,'Beets - Candy Cane, Organic','Beets - Candy Cane, Organic',289,72000,2,1),(60,0,29,'Pasta - Gnocchi, Potato','Pasta - Gnocchi, Potato',290,103000,2,1),(61,0,57,'Veal - Inside','Veal - Inside',291,69000,1,1),(62,0,67,'Mushroom - Lg - Cello','Mushroom - Lg - Cello',292,82000,2,1),(63,0,32,'Dooleys Toffee','Dooleys Toffee',293,83000,2,1),(64,0,11,'Wakami Seaweed','Wakami Seaweed',294,103000,1,1),(65,0,70,'Chinese Lemon Pork','Chinese Lemon Pork',295,91000,1,1),(66,0,64,'Chocolate - Pistoles, Lactee, Milk','Chocolate - Pistoles, Lactee, Milk',296,80000,1,1),(67,0,39,'Cheese - Goat With Herbs','Cheese - Goat With Herbs',297,119000,2,1),(68,0,54,'Ice Cream Bar - Hageen Daz To','Ice Cream Bar - Hageen Daz To',298,69000,1,1),(69,0,20,'Wine - Cava Aria Estate Brut','Wine - Cava Aria Estate Brut',299,89000,1,1),(70,0,54,'Table Cloth 72x144 White','Table Cloth 72x144 White',300,118000,2,1),(71,0,17,'Cheese - Brie, Triple Creme','Cheese - Brie, Triple Creme',301,92000,1,1),(72,0,33,'Nectarines','Nectarines',302,98000,1,1),(73,0,45,'Gatorade - Orange','Gatorade - Orange',303,90000,1,1),(74,0,54,'Pasta - Rotini, Colour, Dry','Pasta - Rotini, Colour, Dry',304,95000,1,1),(75,0,65,'Turkey - Ground. Lean','Turkey - Ground. Lean',305,85000,2,1),(76,0,33,'Plastic Arrow Stir Stick','Plastic Arrow Stir Stick',306,72000,2,1),(77,0,21,'Sparkling Wine - Rose, Freixenet','Sparkling Wine - Rose, Freixenet',307,99000,1,1),(78,0,59,'Crackers - Trio','Crackers - Trio',308,102000,2,1),(79,0,40,'Sole - Fillet','Sole - Fillet',309,91000,1,1),(80,0,12,'Chips - Potato Jalapeno','Chips - Potato Jalapeno',310,84000,1,1),(81,0,53,'Coffee - Ristretto Coffee Capsule','Coffee - Ristretto Coffee Capsule',311,83000,2,1),(82,0,34,'Prunes - Pitted','Prunes - Pitted',312,98000,1,1),(83,0,65,'Cheese - Cheddar, Mild','Cheese - Cheddar, Mild',313,65000,1,1),(84,0,30,'Vinegar - Tarragon','Vinegar - Tarragon',314,80000,2,1),(85,0,68,'Capers - Ox Eye Daisy','Capers - Ox Eye Daisy',315,84000,2,1),(86,0,58,'Lamb Rack - Ontario','Lamb Rack - Ontario',316,115000,2,1),(87,0,16,'Salt - Kosher','Salt - Kosher',317,92000,1,1),(88,0,19,'Muffin Mix - Banana Nut','Muffin Mix - Banana Nut',318,106000,2,1),(89,0,36,'Shrimp - 31/40','Shrimp - 31/40',319,76000,2,1),(90,0,54,'Salt - Rock, Course','Salt - Rock, Course',320,110000,2,1),(91,0,28,'Cookies - Englishbay Oatmeal','Cookies - Englishbay Oatmeal',321,89000,1,1),(92,0,32,'Tomatoes - Heirloom','Tomatoes - Heirloom',322,106000,2,1),(93,0,66,'Rum - White, Gg White','Rum - White, Gg White',323,88000,2,1),(94,0,42,'Mousse - Banana Chocolate','Mousse - Banana Chocolate',324,113000,2,1),(95,0,63,'Mushroom - Morels, Dry','Mushroom - Morels, Dry',325,70000,2,1),(96,0,57,'Ice Cream - Chocolate','Ice Cream - Chocolate',326,115000,1,1),(97,0,27,'Pineapple - Golden','Pineapple - Golden',327,75000,1,1),(98,0,16,'Wine - Pinot Grigio Collavini','Wine - Pinot Grigio Collavini',328,76000,2,1),(99,0,51,'Fib N9 - Prague Powder','Fib N9 - Prague Powder',329,93000,2,1),(100,0,16,'French Pastry - Mini Chocolate','French Pastry - Mini Chocolate',330,116000,2,1),(101,0,33,'Shrimp - 16/20, Peeled Deviened','Shrimp - 16/20, Peeled Deviened',670,92000,1,1),(102,0,31,'Cabbage Roll','Cabbage Roll',671,53000,2,1),(103,0,48,'Sugar - Individual Portions','Sugar - Individual Portions',672,82000,2,1),(104,0,47,'Nut - Chestnuts, Whole','Nut - Chestnuts, Whole',673,23000,2,1),(105,0,81,'Salmon - Smoked, Sliced','Salmon - Smoked, Sliced',674,68000,1,1),(106,0,70,'Sorrel - Fresh','Sorrel - Fresh',675,46000,1,1),(107,0,100,'Cocoa Powder - Dutched','Cocoa Powder - Dutched',676,115000,2,1),(108,0,98,'Snapple Lemon Tea','Snapple Lemon Tea',677,106000,1,1),(109,0,90,'Kellogs Cereal In A Cup','Kellogs Cereal In A Cup',678,62000,2,1),(110,0,57,'Bagel - Whole White Sesame','Bagel - Whole White Sesame',679,87000,1,1),(111,0,96,'Fennel','Fennel',680,19000,1,1),(112,0,26,'Carrots - Jumbo','Carrots - Jumbo',681,34000,1,1),(113,0,13,'Chicken - Bones','Chicken - Bones',682,96000,2,1),(114,0,69,'Sobe - Orange Carrot','Sobe - Orange Carrot',683,47000,2,1),(115,0,24,'Lighter - Bbq','Lighter - Bbq',684,38000,1,1),(116,0,83,'Longos - Lasagna Beef','Longos - Lasagna Beef',685,34000,1,1),(117,0,64,'Bread - Dark Rye','Bread - Dark Rye',686,42000,1,1),(118,0,59,'Apple - Granny Smith','Apple - Granny Smith',687,93000,2,1),(119,0,93,'Swiss Chard','Swiss Chard',688,114000,2,1),(120,0,97,'Sage Ground Wiberg','Sage Ground Wiberg',689,62000,1,1),(121,0,16,'Snapple - Mango Maddness','Snapple - Mango Maddness',690,62000,1,1),(122,0,52,'Cup - 4oz Translucent','Cup - 4oz Translucent',691,110000,2,1),(123,0,22,'Pasta - Penne, Lisce, Dry','Pasta - Penne, Lisce, Dry',692,31000,1,1),(124,0,34,'Basil - Seedlings Cookstown','Basil - Seedlings Cookstown',693,21000,2,1),(125,0,93,'Cake Sheet Combo Party Pack','Cake Sheet Combo Party Pack',694,105000,1,1),(126,0,84,'Cake - Box Window 10x10x2.5','Cake - Box Window 10x10x2.5',695,25000,2,1),(127,0,37,'Bread - Hot Dog Buns','Bread - Hot Dog Buns',696,111000,2,1),(128,0,16,'Milk - 2% 250 Ml','Milk - 2% 250 Ml',697,43000,1,1),(129,0,48,'Wine - Red, Gamay Noir','Wine - Red, Gamay Noir',698,81000,1,1),(130,0,95,'Soup - Knorr, Chicken Gumbo','Soup - Knorr, Chicken Gumbo',699,47000,1,1),(131,0,48,'Chestnuts - Whole,canned','Chestnuts - Whole,canned',700,83000,1,1),(132,0,37,'Juice - Tomato, 48 Oz','Juice - Tomato, 48 Oz',701,49000,2,1),(133,0,32,'Chocolate - Milk','Chocolate - Milk',702,87000,2,1),(134,0,37,'Pork - Backfat','Pork - Backfat',703,60000,1,1),(135,0,79,'Cookies - Fortune','Cookies - Fortune',704,27000,1,1),(136,0,95,'Pork - Ground','Pork - Ground',705,47000,1,1),(137,0,48,'Doilies - 12, Paper','Doilies - 12, Paper',706,33000,2,1),(138,0,33,'Butter - Pod','Butter - Pod',707,116000,2,1),(139,0,13,'Juice - V8 Splash','Juice - V8 Splash',708,40000,2,1),(140,0,47,'Wine - Gewurztraminer Pierre','Wine - Gewurztraminer Pierre',709,53000,1,1),(141,0,98,'Bag Stand','Bag Stand',710,23000,1,1),(142,0,64,'Coconut - Shredded, Sweet','Coconut - Shredded, Sweet',711,46000,1,1),(143,0,18,'Apples - Spartan','Apples - Spartan',712,40000,1,1),(144,0,69,'Beef - Tenderloin Tails','Beef - Tenderloin Tails',713,47000,2,1),(145,0,10,'Turkey Leg With Drum And Thigh','Turkey Leg With Drum And Thigh',714,103000,2,1),(146,0,16,'Beef - Top Butt Aaa','Beef - Top Butt Aaa',715,39000,1,1),(147,0,41,'Paste - Black Olive','Paste - Black Olive',716,84000,2,1),(148,0,55,'Pate - Liver','Pate - Liver',717,76000,2,1),(149,0,50,'Macaroons - Homestyle Two Bit','Macaroons - Homestyle Two Bit',718,116000,1,1),(150,0,78,'Taro Root','Taro Root',719,17000,2,1),(151,0,49,'Tomatoes - Yellow Hot House','Tomatoes - Yellow Hot House',720,41000,1,1),(152,0,93,'Pan Grease','Pan Grease',721,32000,2,1),(153,0,34,'Trout - Rainbow, Fresh','Trout - Rainbow, Fresh',722,23000,1,1),(154,0,66,'Jolt Cola','Jolt Cola',723,110000,2,1),(155,0,34,'Ecolab Silver Fusion','Ecolab Silver Fusion',724,41000,2,1),(156,0,55,'Apples - Spartan','Apples - Spartan',725,75000,2,1),(157,0,71,'Bread - Italian Roll With Herbs','Bread - Italian Roll With Herbs',726,24000,2,1),(158,0,88,'Fond - Neutral','Fond - Neutral',727,92000,2,1),(159,0,39,'Syrup - Monin - Granny Smith','Syrup - Monin - Granny Smith',728,55000,2,1),(160,0,11,'Veal - Inside Round / Top, Lean','Veal - Inside Round / Top, Lean',729,90000,2,1),(161,0,18,'Longos - Chicken Caeser Salad','Longos - Chicken Caeser Salad',730,58000,2,1),(162,0,49,'Wine - Red, Lurton Merlot De','Wine - Red, Lurton Merlot De',731,111000,2,1),(163,0,90,'Ice Cream - Fudge Bars','Ice Cream - Fudge Bars',732,49000,2,1),(164,0,23,'English Muffin','English Muffin',733,110000,2,1),(165,0,15,'Pasta - Rotini, Dry','Pasta - Rotini, Dry',734,72000,1,1),(166,0,86,'Tomato - Plum With Basil','Tomato - Plum With Basil',735,16000,2,1),(167,0,13,'Tea - Lemon Green Tea','Tea - Lemon Green Tea',736,60000,1,1),(168,0,70,'Wine - Two Oceans Cabernet','Wine - Two Oceans Cabernet',737,27000,1,1),(169,0,28,'Bread - Sticks, Thin, Plain','Bread - Sticks, Thin, Plain',738,45000,2,1),(170,0,12,'Glass - Wine, Plastic, Clear 5 Oz','Glass - Wine, Plastic, Clear 5 Oz',739,24000,2,1),(171,0,56,'Onion - Dried','Onion - Dried',740,77000,1,1),(172,0,52,'Bread - Sour Sticks With Onion','Bread - Sour Sticks With Onion',741,86000,1,1),(173,0,83,'Artichokes - Jerusalem','Artichokes - Jerusalem',742,78000,2,1),(174,0,69,'Pork - Inside','Pork - Inside',743,120000,1,1),(175,0,84,'Chip - Potato Dill Pickle','Chip - Potato Dill Pickle',744,31000,2,1),(176,0,23,'Lemonade - Island Tea, 591 Ml','Lemonade - Island Tea, 591 Ml',745,101000,2,1),(177,0,37,'Beef - Rib Roast, Capless','Beef - Rib Roast, Capless',746,79000,2,1),(178,0,16,'Doilies - 10, Paper','Doilies - 10, Paper',747,76000,1,1),(179,0,50,'Madeira','Madeira',748,24000,1,1),(180,0,11,'Cake - Box Window 10x10x2.5','Cake - Box Window 10x10x2.5',749,87000,2,1),(181,0,78,'Bread - Roll, Soft White Round','Bread - Roll, Soft White Round',750,33000,1,1),(182,0,73,'Sage - Ground','Sage - Ground',751,102000,1,1),(183,0,30,'Kumquat','Kumquat',752,79000,1,1),(184,0,11,'Pepper - Scotch Bonnet','Pepper - Scotch Bonnet',753,73000,2,1),(185,0,49,'Coffee - Decafenated','Coffee - Decafenated',754,112000,1,1),(186,0,18,'Bar - Granola Trail Mix Fruit Nut','Bar - Granola Trail Mix Fruit Nut',755,116000,2,1),(187,0,25,'Grapes - Red','Grapes - Red',756,15000,1,1),(188,0,62,'Gelatine Powder','Gelatine Powder',757,33000,1,1),(189,0,43,'Sprouts - Corn','Sprouts - Corn',758,107000,1,1),(190,0,22,'Pastry - Banana Tea Loaf','Pastry - Banana Tea Loaf',759,102000,2,1),(191,0,60,'Wine - Duboeuf Beaujolais','Wine - Duboeuf Beaujolais',760,70000,2,1),(192,0,43,'Molasses - Fancy','Molasses - Fancy',761,27000,2,1),(193,0,27,'Chicken - Tenderloin','Chicken - Tenderloin',762,16000,2,1),(194,0,87,'Wine - Shiraz South Eastern','Wine - Shiraz South Eastern',763,90000,1,1),(195,0,73,'Split Peas - Yellow, Dry','Split Peas - Yellow, Dry',764,71000,1,1),(196,0,91,'Beef - Ox Tail, Frozen','Beef - Ox Tail, Frozen',765,70000,2,1),(197,0,47,'Broccoli - Fresh','Broccoli - Fresh',766,17000,2,1),(198,0,41,'Bread - Rosemary Focaccia','Bread - Rosemary Focaccia',767,74000,1,1),(199,0,55,'Soup - Cream Of Broccoli','Soup - Cream Of Broccoli',768,92000,1,1),(200,0,54,'Bread - Granary Small Pull','Bread - Granary Small Pull',769,117000,1,1),(201,0,92,'Soup - Campbells, Spinach Crm','Soup - Campbells, Spinach Crm',770,83000,1,1),(202,0,18,'Muffins - Assorted','Muffins - Assorted',771,51000,1,1),(203,0,78,'Pork - Sausage Casing','Pork - Sausage Casing',772,95000,1,1),(204,0,53,'Table Cloth - 53x69 Colour','Table Cloth - 53x69 Colour',773,98000,2,1),(205,0,20,'Raspberries - Frozen','Raspberries - Frozen',774,85000,1,1),(206,0,23,'Crab - Meat Combo','Crab - Meat Combo',775,115000,1,1),(207,0,46,'Wine - Red Oakridge Merlot','Wine - Red Oakridge Merlot',776,93000,1,1),(208,0,61,'Pasta - Orecchiette','Pasta - Orecchiette',777,105000,1,1),(209,0,67,'Huck White Towels','Huck White Towels',778,19000,2,1),(210,0,50,'Bag Stand','Bag Stand',779,83000,1,1),(211,0,40,'Pear - Asian','Pear - Asian',780,25000,1,1),(212,0,42,'Longos - Grilled Salmon With Bbq','Longos - Grilled Salmon With Bbq',781,77000,2,1),(213,0,81,'Hummus - Spread','Hummus - Spread',782,80000,2,1),(214,0,86,'Wine - White, Pinot Grigio','Wine - White, Pinot Grigio',783,49000,1,1),(215,0,86,'Cake - Dulce De Leche','Cake - Dulce De Leche',784,98000,1,1),(216,0,74,'Bacardi Limon','Bacardi Limon',785,115000,2,1),(217,0,11,'Calaloo','Calaloo',786,55000,2,1),(218,0,95,'Nantucket - Orange Mango Cktl','Nantucket - Orange Mango Cktl',787,21000,1,1),(219,0,67,'Spinach - Baby','Spinach - Baby',788,31000,1,1),(220,0,43,'Crab - Soft Shell','Crab - Soft Shell',789,79000,1,1),(221,0,95,'Dill Weed - Dry','Dill Weed - Dry',790,75000,2,1),(222,0,64,'Beer - Maudite','Beer - Maudite',791,19000,1,1),(223,0,25,'Octopus - Baby, Cleaned','Octopus - Baby, Cleaned',792,65000,2,1),(224,0,13,'Broom Handle','Broom Handle',793,42000,2,1),(225,0,71,'Beer - Sleeman Fine Porter','Beer - Sleeman Fine Porter',794,105000,2,1),(226,0,35,'Wine - Charddonnay Errazuriz','Wine - Charddonnay Errazuriz',795,69000,1,1),(227,0,43,'Beef - Prime Rib Aaa','Beef - Prime Rib Aaa',796,119000,1,1),(228,0,11,'Sambuca - Opal Nera','Sambuca - Opal Nera',797,58000,1,1),(229,0,96,'Wine - White, Chardonnay','Wine - White, Chardonnay',798,23000,1,1),(230,0,75,'Wine - Carmenere Casillero Del','Wine - Carmenere Casillero Del',799,32000,1,1),(231,0,76,'Appetizer - Spring Roll, Veg','Appetizer - Spring Roll, Veg',800,78000,1,1),(232,0,54,'Pheasants - Whole','Pheasants - Whole',801,67000,1,1),(233,0,32,'Beef - Top Butt','Beef - Top Butt',802,85000,2,1),(234,0,80,'Wine - Casillero Deldiablo','Wine - Casillero Deldiablo',803,102000,1,1),(235,0,23,'Crab - Back Fin Meat, Canned','Crab - Back Fin Meat, Canned',804,32000,2,1),(236,0,46,'Jam - Apricot','Jam - Apricot',805,51000,2,1),(237,0,60,'Shrimp - 31/40','Shrimp - 31/40',806,37000,1,1),(238,0,62,'Cookies Oatmeal Raisin','Cookies Oatmeal Raisin',807,19000,1,1),(239,0,30,'Chocolate Bar - Oh Henry','Chocolate Bar - Oh Henry',808,73000,2,1),(240,0,47,'Monkfish - Fresh','Monkfish - Fresh',809,85000,2,1),(241,0,41,'Paper - Brown Paper Mini Cups','Paper - Brown Paper Mini Cups',810,83000,1,1),(242,0,57,'Pepper Squash','Pepper Squash',811,41000,2,1),(243,0,61,'Water - Aquafina Vitamin','Water - Aquafina Vitamin',812,47000,2,1),(244,0,33,'Tomato - Plum With Basil','Tomato - Plum With Basil',813,96000,2,1),(245,0,62,'Wine - Guy Sage Touraine','Wine - Guy Sage Touraine',814,115000,2,1),(246,0,23,'Shrimp - Black Tiger 6 - 8','Shrimp - Black Tiger 6 - 8',815,60000,2,1),(247,0,99,'Chocolate Bar - Coffee Crisp','Chocolate Bar - Coffee Crisp',816,44000,2,1),(248,0,54,'Cornstarch','Cornstarch',817,27000,2,1),(249,0,56,'Bread - Italian Roll With Herbs','Bread - Italian Roll With Herbs',818,94000,1,1),(250,0,15,'Coconut - Shredded, Sweet','Coconut - Shredded, Sweet',819,58000,1,1),(251,0,79,'Tea - Decaf 1 Cup','Tea - Decaf 1 Cup',820,98000,2,1),(252,0,68,'Peppercorns - Pink','Peppercorns - Pink',821,88000,2,1),(253,0,94,'Tea - Herbal Sweet Dreams','Tea - Herbal Sweet Dreams',822,28000,1,1),(254,0,76,'Beef Flat Iron Steak','Beef Flat Iron Steak',823,72000,2,1),(255,0,86,'Cleaner - Bleach','Cleaner - Bleach',824,52000,2,1),(256,0,13,'Jam - Marmalade, Orange','Jam - Marmalade, Orange',825,26000,2,1),(257,0,67,'Wine - Crozes Hermitage E.','Wine - Crozes Hermitage E.',826,68000,2,1),(258,0,17,'Pie Pecan','Pie Pecan',827,36000,2,1),(259,0,55,'Chicken - Livers','Chicken - Livers',828,67000,1,1),(260,0,33,'Cornish Hen','Cornish Hen',829,107000,2,1),(261,0,81,'Pail - 15l White, With Handle','Pail - 15l White, With Handle',830,106000,1,1),(262,0,26,'Oysters - Smoked','Oysters - Smoked',831,91000,2,1),(263,0,56,'Oven Mitts 17 Inch','Oven Mitts 17 Inch',832,16000,1,1),(264,0,12,'Gatorade - Orange','Gatorade - Orange',833,112000,1,1),(265,0,63,'Parasol Pick Stir Stick','Parasol Pick Stir Stick',834,72000,2,1),(266,0,87,'Soup Campbells Split Pea And Ham','Soup Campbells Split Pea And Ham',835,114000,2,1),(267,0,54,'Instant Coffee','Instant Coffee',836,22000,2,1),(268,0,92,'Grapefruit - Pink','Grapefruit - Pink',837,70000,1,1),(269,0,17,'Garlic - Peeled','Garlic - Peeled',838,60000,1,1),(270,0,70,'Flower - Potmums','Flower - Potmums',839,74000,1,1),(271,0,16,'Greens Mustard','Greens Mustard',840,69000,2,1),(272,0,43,'Wine - Piper Heidsieck Brut','Wine - Piper Heidsieck Brut',841,110000,1,1),(273,0,69,'Beef - Top Butt','Beef - Top Butt',842,117000,2,1),(274,0,22,'Sea Bass - Fillets','Sea Bass - Fillets',843,28000,1,1),(275,0,75,'Juice - Orangina','Juice - Orangina',844,93000,2,1),(276,0,27,'Lettuce - Mini Greens, Whole','Lettuce - Mini Greens, Whole',845,47000,2,1),(277,0,84,'Mustard - Dry, Powder','Mustard - Dry, Powder',846,47000,2,1),(278,0,53,'Tea - Decaf Lipton','Tea - Decaf Lipton',847,81000,2,1),(279,0,98,'Celery Root','Celery Root',848,37000,1,1),(280,0,49,'Parasol Pick Stir Stick','Parasol Pick Stir Stick',849,34000,1,1),(281,0,30,'Milk - Skim','Milk - Skim',850,46000,2,1),(282,0,85,'Creamers - 10%','Creamers - 10%',851,112000,1,1),(283,0,52,'Glaze - Apricot','Glaze - Apricot',852,89000,2,1),(284,0,87,'Wine - Wyndham Estate Bin 777','Wine - Wyndham Estate Bin 777',853,94000,1,1),(285,0,88,'Soup - Campbells, Butternut','Soup - Campbells, Butternut',854,82000,2,1),(286,0,78,'Bagel - Ched Chs Presliced','Bagel - Ched Chs Presliced',855,116000,2,1),(287,0,24,'Cake - Mini Potato Pancake','Cake - Mini Potato Pancake',856,107000,2,1),(288,0,61,'Bols Melon Liqueur','Bols Melon Liqueur',857,66000,1,1),(289,0,40,'Sole - Dover, Whole, Fresh','Sole - Dover, Whole, Fresh',858,102000,2,1),(290,0,99,'Jam - Blackberry, 20 Ml Jar','Jam - Blackberry, 20 Ml Jar',859,84000,2,1),(291,0,91,'Beer - True North Strong Ale','Beer - True North Strong Ale',860,98000,1,1),(292,0,59,'Pork - Ham Hocks - Smoked','Pork - Ham Hocks - Smoked',861,119000,2,1),(293,0,14,'Wine - Crozes Hermitage E.','Wine - Crozes Hermitage E.',862,73000,2,1),(294,0,63,'Juice - Apple, 341 Ml','Juice - Apple, 341 Ml',863,100000,2,1),(295,0,82,'Wine - Magnotta, White','Wine - Magnotta, White',864,53000,2,1),(296,0,29,'Pesto - Primerba, Paste','Pesto - Primerba, Paste',865,59000,2,1),(297,0,72,'Melon - Cantaloupe','Melon - Cantaloupe',866,17000,2,1),(298,0,81,'Tomatoes - Diced, Canned','Tomatoes - Diced, Canned',867,102000,2,1),(299,0,88,'Basil - Seedlings Cookstown','Basil - Seedlings Cookstown',868,22000,2,1),(300,0,99,'Wine - White, Pinot Grigio','Wine - White, Pinot Grigio',869,109000,2,1),(301,0,36,'Mcgillicuddy Vanilla Schnap','Mcgillicuddy Vanilla Schnap',870,38000,2,1),(302,0,58,'Bandage - Finger Cots','Bandage - Finger Cots',871,60000,2,1),(303,0,80,'Lentils - Green Le Puy','Lentils - Green Le Puy',872,69000,2,1),(304,0,33,'Cheese Cloth No 60','Cheese Cloth No 60',873,41000,2,1),(305,0,10,'Bacardi Breezer - Tropical','Bacardi Breezer - Tropical',874,92000,1,1),(306,0,30,'Red Pepper Paste','Red Pepper Paste',875,109000,2,1),(307,0,22,'Salt - Celery','Salt - Celery',876,42000,1,1),(308,0,99,'Nantucket Orange Juice','Nantucket Orange Juice',877,83000,2,1),(309,0,57,'Oyster - In Shell','Oyster - In Shell',878,62000,1,1),(310,0,67,'Wine - Shiraz South Eastern','Wine - Shiraz South Eastern',879,47000,2,1),(311,0,65,'Dried Cherries','Dried Cherries',880,32000,2,1),(312,0,24,'Cheese - Wine','Cheese - Wine',881,110000,2,1),(313,0,98,'Pasta - Rotini, Colour, Dry','Pasta - Rotini, Colour, Dry',882,17000,1,1),(314,0,45,'Ice Cream - Turtles Stick Bar','Ice Cream - Turtles Stick Bar',883,60000,1,1),(315,0,11,'Pasta - Bauletti, Chicken White','Pasta - Bauletti, Chicken White',884,23000,2,1),(316,0,92,'Syrup - Kahlua Chocolate','Syrup - Kahlua Chocolate',885,24000,2,1),(317,0,56,'Food Colouring - Pink','Food Colouring - Pink',886,35000,2,1),(318,0,84,'Mace','Mace',887,92000,2,1),(319,0,61,'Rum - Dark, Bacardi, Black','Rum - Dark, Bacardi, Black',888,22000,1,1),(320,0,44,'Wine - Magnotta, Merlot Sr Vqa','Wine - Magnotta, Merlot Sr Vqa',889,32000,1,1),(321,0,28,'Cheese - Blue','Cheese - Blue',890,79000,2,1),(322,0,91,'Gherkin - Sour','Gherkin - Sour',891,71000,1,1),(323,0,87,'Glass Clear 7 Oz Xl','Glass Clear 7 Oz Xl',892,104000,2,1),(324,0,60,'Soup - Tomato Mush. Florentine','Soup - Tomato Mush. Florentine',893,80000,1,1),(325,0,32,'Sauce Tomato Pouch','Sauce Tomato Pouch',894,73000,1,1),(326,0,59,'Veal - Leg','Veal - Leg',895,112000,2,1),(327,0,10,'Sauce - Mint','Sauce - Mint',896,115000,1,1),(328,0,44,'Squid - Breaded','Squid - Breaded',897,117000,1,1),(329,0,90,'Napkin - Beverge, White 2 - Ply','Napkin - Beverge, White 2 - Ply',898,119000,2,1),(330,0,34,'Wine - Champagne Brut Veuve','Wine - Champagne Brut Veuve',899,20000,1,1),(331,0,74,'Wine - White Cab Sauv.on','Wine - White Cab Sauv.on',900,43000,2,1),(332,0,74,'Scallops - Live In Shell','Scallops - Live In Shell',901,38000,2,1),(333,0,50,'Pail - 4l White, With Handle','Pail - 4l White, With Handle',902,44000,2,1),(334,0,19,'Pasta - Rotini, Dry','Pasta - Rotini, Dry',903,93000,1,1),(335,0,26,'Arizona - Plum Green Tea','Arizona - Plum Green Tea',904,104000,1,1),(336,0,64,'Wine - Chianti Classico Riserva','Wine - Chianti Classico Riserva',905,16000,2,1),(337,0,52,'Wine - Ice Wine','Wine - Ice Wine',906,70000,2,1),(338,0,55,'Soup - Campbells - Chicken Noodle','Soup - Campbells - Chicken Noodle',907,76000,1,1),(339,0,21,'Asparagus - White, Fresh','Asparagus - White, Fresh',908,49000,1,1),(340,0,21,'Lamb Rack Frenched Australian','Lamb Rack Frenched Australian',909,107000,1,1),(341,0,32,'Wine - Red, Harrow Estates, Cab','Wine - Red, Harrow Estates, Cab',910,58000,2,1),(342,0,88,'Shrimp - 16 - 20 Cooked, Peeled','Shrimp - 16 - 20 Cooked, Peeled',911,60000,2,1),(343,0,63,'Nantucket Orange Juice','Nantucket Orange Juice',912,113000,2,1),(344,0,40,'Mushroom - Trumpet, Dry','Mushroom - Trumpet, Dry',913,53000,2,1),(345,0,95,'Beef - Rib Roast, Capless','Beef - Rib Roast, Capless',914,17000,1,1),(346,0,69,'Muffin - Mix - Bran And Maple 15l','Muffin - Mix - Bran And Maple 15l',915,18000,2,1),(347,0,52,'Glaze - Apricot','Glaze - Apricot',916,25000,1,1),(348,0,43,'Wine - Mas Chicet Rose, Vintage','Wine - Mas Chicet Rose, Vintage',917,54000,2,1),(349,0,52,'Cheese - Havarti, Roasted Garlic','Cheese - Havarti, Roasted Garlic',918,78000,2,1),(350,0,28,'Beans - Kidney White','Beans - Kidney White',919,105000,1,1),(351,0,68,'Wine - Chablis 2003 Champs','Wine - Chablis 2003 Champs',920,63000,1,1),(352,0,62,'Bread - Kimel Stick Poly','Bread - Kimel Stick Poly',921,94000,2,1),(353,0,99,'Jolt Cola - Electric Blue','Jolt Cola - Electric Blue',922,53000,1,1),(354,0,27,'Onion - Dried','Onion - Dried',923,75000,1,1),(355,0,11,'Horseradish Root','Horseradish Root',924,94000,1,1),(356,0,54,'Rice - Sushi','Rice - Sushi',925,20000,2,1),(357,0,48,'Scallops - In Shell','Scallops - In Shell',926,15000,1,1),(358,0,65,'Rabbit - Saddles','Rabbit - Saddles',927,107000,2,1),(359,0,83,'Soup - Campbells, Spinach Crm','Soup - Campbells, Spinach Crm',928,52000,2,1),(360,0,29,'Cornstarch','Cornstarch',929,29000,2,1),(361,0,70,'Fib N9 - Prague Powder','Fib N9 - Prague Powder',930,80000,1,1),(362,0,68,'Soup Campbells Mexicali Tortilla','Soup Campbells Mexicali Tortilla',931,88000,1,1),(363,0,30,'Wine - Chablis J Moreau Et Fils','Wine - Chablis J Moreau Et Fils',932,79000,2,1),(364,0,29,'Rice - Brown','Rice - Brown',933,117000,1,1),(365,0,47,'Wine - White, Concha Y Toro','Wine - White, Concha Y Toro',934,15000,1,1),(366,0,45,'Corn Shoots','Corn Shoots',935,29000,1,1),(367,0,75,'Fish - Base, Bouillion','Fish - Base, Bouillion',936,85000,2,1),(368,0,49,'Tart - Lemon','Tart - Lemon',937,113000,1,1),(369,0,10,'Beef - Baby, Liver','Beef - Baby, Liver',938,83000,1,1),(370,0,78,'Longos - Chicken Wings','Longos - Chicken Wings',939,61000,2,1),(371,0,75,'Wine - Sawmill Creek Autumn','Wine - Sawmill Creek Autumn',940,40000,2,1),(372,0,41,'Bag Clear 10 Lb','Bag Clear 10 Lb',941,111000,2,1),(373,0,62,'Longos - Chicken Cordon Bleu','Longos - Chicken Cordon Bleu',942,101000,1,1),(374,0,84,'Lamb - Leg, Boneless','Lamb - Leg, Boneless',943,54000,2,1),(375,0,45,'Tuna - Fresh','Tuna - Fresh',944,57000,2,1),(376,0,53,'Longos - Assorted Sandwich','Longos - Assorted Sandwich',945,107000,2,1),(377,0,30,'Spaghetti Squash','Spaghetti Squash',946,33000,1,1),(378,0,72,'Pork - Backfat','Pork - Backfat',947,42000,1,1),(379,0,77,'Venison - Ground','Venison - Ground',948,96000,2,1),(380,0,70,'Quail - Whole, Boneless','Quail - Whole, Boneless',949,21000,2,1),(381,0,20,'Beer - Original Organic Lager','Beer - Original Organic Lager',950,120000,2,1),(382,0,62,'Cheese - Brie Roitelet','Cheese - Brie Roitelet',951,99000,1,1),(383,0,59,'Cheese - Manchego, Spanish','Cheese - Manchego, Spanish',952,120000,1,1),(384,0,99,'Bread - White, Unsliced','Bread - White, Unsliced',953,76000,2,1),(385,0,33,'Tart Shells - Savory, 2','Tart Shells - Savory, 2',954,112000,1,1),(386,0,44,'Vanilla Beans','Vanilla Beans',955,106000,2,1),(387,0,18,'Flour - Teff','Flour - Teff',956,75000,1,1),(388,0,40,'Cheese - Goat','Cheese - Goat',957,40000,2,1),(389,0,46,'Rum - Coconut, Malibu','Rum - Coconut, Malibu',958,69000,2,1),(390,0,10,'Hot Chocolate - Individual','Hot Chocolate - Individual',959,103000,1,1),(391,0,85,'Beer - True North Lager','Beer - True North Lager',960,80000,2,1),(392,0,21,'Cheese - Valancey','Cheese - Valancey',961,77000,2,1),(393,0,22,'Pepper - Green, Chili','Pepper - Green, Chili',962,26000,2,1),(394,0,39,'Pork - Tenderloin, Fresh','Pork - Tenderloin, Fresh',963,96000,1,1),(395,0,29,'Pork Casing','Pork Casing',964,70000,2,1),(396,0,18,'Smoked Paprika','Smoked Paprika',965,49000,1,1),(397,0,85,'Chervil - Fresh','Chervil - Fresh',966,18000,1,1),(398,0,90,'Ocean Spray - Kiwi Strawberry','Ocean Spray - Kiwi Strawberry',967,37000,1,1),(399,0,93,'Kiwi','Kiwi',968,116000,2,1),(400,0,96,'Pasta - Cheese / Spinach Bauletti','Pasta - Cheese / Spinach Bauletti',969,30000,1,1),(401,0,100,'Oil - Canola','Oil - Canola',970,106000,2,1),(402,0,22,'Cheese Cheddar Processed','Cheese Cheddar Processed',971,106000,1,1),(403,0,73,'Chips - Miss Vickies','Chips - Miss Vickies',972,92000,2,1),(404,0,18,'Tart - Pecan Butter Squares','Tart - Pecan Butter Squares',973,24000,2,1),(405,0,41,'Nantucket - Kiwi Berry Cktl.','Nantucket - Kiwi Berry Cktl.',974,39000,2,1),(406,0,53,'Munchies Honey Sweet Trail Mix','Munchies Honey Sweet Trail Mix',975,109000,2,1),(407,0,39,'Samosa - Veg','Samosa - Veg',976,96000,1,1),(408,0,25,'Lotus Leaves','Lotus Leaves',977,30000,1,1),(409,0,93,'Chinese Foods - Thick Noodles','Chinese Foods - Thick Noodles',978,62000,2,1),(410,0,14,'Wine - Red, Metus Rose','Wine - Red, Metus Rose',979,100000,2,1),(411,0,54,'Soup - Campbells Chili','Soup - Campbells Chili',980,87000,1,1),(412,0,37,'Straw - Regular','Straw - Regular',981,16000,1,1),(413,0,15,'Lamb - Leg, Diced','Lamb - Leg, Diced',982,16000,2,1),(414,0,45,'Pork - Smoked Kassler','Pork - Smoked Kassler',983,15000,1,1),(415,0,81,'Pie Filling - Apple','Pie Filling - Apple',984,119000,2,1),(416,0,78,'Guava','Guava',985,114000,2,1),(417,0,47,'Monkfish - Fresh','Monkfish - Fresh',986,90000,1,1),(418,0,81,'Pepper - Cayenne','Pepper - Cayenne',987,95000,2,1),(419,0,75,'Whmis - Spray Bottle Trigger','Whmis - Spray Bottle Trigger',988,82000,2,1),(420,0,30,'Turkey - Breast, Bone - In','Turkey - Breast, Bone - In',989,113000,2,1),(421,0,96,'Scallops 60/80 Iqf','Scallops 60/80 Iqf',990,92000,1,1),(422,0,18,'Bread - 10 Grain','Bread - 10 Grain',991,108000,2,1),(423,0,67,'Wine - Merlot Vina Carmen','Wine - Merlot Vina Carmen',992,36000,1,1),(424,0,86,'Potatoes - Idaho 80 Count','Potatoes - Idaho 80 Count',993,54000,2,1),(425,0,40,'Island Oasis - Banana Daiquiri','Island Oasis - Banana Daiquiri',994,43000,1,1),(426,0,25,'Chestnuts - Whole,canned','Chestnuts - Whole,canned',995,38000,2,1),(427,0,83,'Bread - Olive','Bread - Olive',996,45000,1,1),(428,0,61,'Milk - 2%','Milk - 2%',997,97000,2,1),(429,0,43,'Soup - Verve - Chipotle Chicken','Soup - Verve - Chipotle Chicken',998,18000,1,1),(430,0,24,'Asparagus - White, Canned','Asparagus - White, Canned',999,101000,2,1),(431,0,71,'Shrimp, Dried, Small / Lb','Shrimp, Dried, Small / Lb',1000,120000,2,1),(432,0,90,'Coffee - Dark Roast','Coffee - Dark Roast',1001,70000,2,1),(433,0,49,'Flour - Bread','Flour - Bread',1002,82000,1,1),(434,0,57,'Milk - 1%','Milk - 1%',1003,79000,2,1),(435,0,35,'Foil Cont Round','Foil Cont Round',1004,29000,1,1),(436,0,88,'Table Cloth 90x90 Colour','Table Cloth 90x90 Colour',1005,107000,2,1),(437,0,52,'Horseradish Root','Horseradish Root',1006,115000,1,1),(438,0,78,'Chivas Regal - 12 Year Old','Chivas Regal - 12 Year Old',1007,27000,2,1),(439,0,42,'Pumpkin','Pumpkin',1008,93000,1,1),(440,0,58,'Cheese - Montery Jack','Cheese - Montery Jack',1009,50000,2,1),(441,0,64,'Plastic Wrap','Plastic Wrap',1010,63000,2,1),(442,0,43,'Cranberries - Frozen','Cranberries - Frozen',1011,46000,1,1),(443,0,17,'Sesame Seed','Sesame Seed',1012,27000,2,1),(444,0,35,'Venison - Denver Leg Boneless','Venison - Denver Leg Boneless',1013,88000,1,1),(445,0,24,'Cheese - Camembert','Cheese - Camembert',1014,27000,1,1),(446,0,96,'Sugar - Brown','Sugar - Brown',1015,66000,2,1),(447,0,37,'Pork - Bones','Pork - Bones',1016,25000,1,1),(448,0,68,'Filling - Mince Meat','Filling - Mince Meat',1017,20000,2,1),(449,0,38,'Cheese - Brie, Triple Creme','Cheese - Brie, Triple Creme',1018,113000,1,1),(450,0,66,'Nacho Chips','Nacho Chips',1019,68000,2,1),(451,0,25,'Bols Melon Liqueur','Bols Melon Liqueur',1020,93000,2,1),(452,0,10,'Straws - Cocktale','Straws - Cocktale',1021,32000,2,1),(453,0,57,'Thyme - Fresh','Thyme - Fresh',1022,80000,2,1),(454,0,62,'Soup Campbells Turkey Veg.','Soup Campbells Turkey Veg.',1023,77000,2,1),(455,0,37,'Crab - Meat','Crab - Meat',1024,27000,1,1),(456,0,83,'Wine - Red, Marechal Foch','Wine - Red, Marechal Foch',1025,99000,2,1),(457,0,20,'Pork - Smoked Kassler','Pork - Smoked Kassler',1026,81000,2,1),(458,0,25,'Napkin - Dinner, White','Napkin - Dinner, White',1027,95000,2,1),(459,0,54,'Bagelers - Cinn / Brown','Bagelers - Cinn / Brown',1028,112000,1,1),(460,0,94,'Chives - Fresh','Chives - Fresh',1029,49000,2,1),(461,0,25,'Cod - Salted, Boneless','Cod - Salted, Boneless',1030,107000,2,1),(462,0,15,'Grapefruit - White','Grapefruit - White',1031,57000,1,1),(463,0,83,'Kellogs Raisan Bran Bars','Kellogs Raisan Bran Bars',1032,52000,1,1),(464,0,87,'Cookies Cereal Nut','Cookies Cereal Nut',1033,77000,2,1),(465,0,86,'Sauce - Sesame Thai Dressing','Sauce - Sesame Thai Dressing',1034,108000,2,1),(466,0,66,'Wine - White, Cooking','Wine - White, Cooking',1035,82000,2,1),(467,0,66,'Broccoli - Fresh','Broccoli - Fresh',1036,71000,1,1),(468,0,30,'Apple - Delicious, Golden','Apple - Delicious, Golden',1037,97000,2,1),(469,0,33,'Dehydrated Kelp Kombo','Dehydrated Kelp Kombo',1038,42000,2,1),(470,0,64,'Pate - Liver','Pate - Liver',1039,119000,2,1),(471,0,31,'Garam Marsala','Garam Marsala',1040,31000,2,1),(472,0,45,'Gelatine Leaves - Envelopes','Gelatine Leaves - Envelopes',1041,100000,1,1),(473,0,30,'Wine - Winzer Krems Gruner','Wine - Winzer Krems Gruner',1042,76000,2,1),(474,0,98,'Bar Energy Chocchip','Bar Energy Chocchip',1043,64000,1,1),(475,0,26,'Cassis','Cassis',1044,79000,1,1),(476,0,10,'Wine - Jackson Triggs Okonagan','Wine - Jackson Triggs Okonagan',1045,84000,2,1),(477,0,51,'Soup - Campbells','Soup - Campbells',1046,59000,1,1),(478,0,35,'Sauce - Black Current, Dry Mix','Sauce - Black Current, Dry Mix',1047,29000,2,1),(479,0,11,'Bowl 12 Oz - Showcase 92012','Bowl 12 Oz - Showcase 92012',1048,61000,2,1),(480,0,30,'Extract - Rum','Extract - Rum',1049,98000,2,1),(481,0,19,'Beer - Guiness','Beer - Guiness',1050,81000,1,1),(482,0,87,'Potatoes - Mini Red','Potatoes - Mini Red',1051,95000,2,1),(483,0,94,'Wine - Red, Mouton Cadet','Wine - Red, Mouton Cadet',1052,113000,1,1),(484,0,20,'Scallops 60/80 Iqf','Scallops 60/80 Iqf',1053,54000,2,1),(485,0,78,'Lobster - Baby, Boiled','Lobster - Baby, Boiled',1054,21000,1,1),(486,0,49,'Water - Green Tea Refresher','Water - Green Tea Refresher',1055,34000,1,1),(487,0,94,'Tortillas - Flour, 10','Tortillas - Flour, 10',1056,94000,1,1),(488,0,39,'Anchovy Paste - 56 G Tube','Anchovy Paste - 56 G Tube',1057,36000,1,1),(489,0,88,'Sparkling Wine - Rose, Freixenet','Sparkling Wine - Rose, Freixenet',1058,96000,1,1),(490,0,37,'Veal - Round, Eye Of','Veal - Round, Eye Of',1059,39000,1,1),(491,0,97,'Wine - Zonnebloem Pinotage','Wine - Zonnebloem Pinotage',1060,105000,1,1),(492,0,89,'Crush - Orange, 355ml','Crush - Orange, 355ml',1061,76000,1,1),(493,0,53,'Lid Coffee Cup 8oz Blk','Lid Coffee Cup 8oz Blk',1062,50000,2,1),(494,0,82,'Tea - Herbal Orange Spice','Tea - Herbal Orange Spice',1063,113000,2,1),(495,0,58,'Veal - Ground','Veal - Ground',1064,83000,1,1),(496,0,33,'Truffle Cups - Red','Truffle Cups - Red',1065,60000,2,1),(497,0,75,'Beef - Tender Tips','Beef - Tender Tips',1066,39000,2,1),(498,0,84,'Bread Crumbs - Panko','Bread Crumbs - Panko',1067,107000,1,1),(499,0,94,'Cheese - Roquefort Pappillon','Cheese - Roquefort Pappillon',1068,86000,1,1),(500,0,25,'Dr. Pepper - 355ml','Dr. Pepper - 355ml',1069,95000,1,1);
/*!40000 ALTER TABLE `ingredient` ENABLE KEYS */;
UNLOCK TABLES;

--
-- Table structure for table `ingredient_left_log`
--

DROP TABLE IF EXISTS `ingredient_left_log`;
/*!40101 SET @saved_cs_client     = @@character_set_client */;
/*!50503 SET character_set_client = utf8mb4 */;
CREATE TABLE `ingredient_left_log` (
  `ingredient_left_log_id` bigint NOT NULL AUTO_INCREMENT,
  `amount_left_change` int DEFAULT NULL,
  `creation_time` datetime DEFAULT NULL,
  `message` varchar(1000) DEFAULT NULL,
  `staff_id` bigint DEFAULT NULL,
  `user_id` bigint DEFAULT NULL,
  `ingredient_id` bigint DEFAULT NULL,
  PRIMARY KEY (`ingredient_left_log_id`),
  KEY `ingredient_left_log_user_id_index` (`user_id`),
  KEY `ingredient_left_log_ingredient_id_index` (`ingredient_id`),
  KEY `ingredient_left_log_staff_id_index` (`staff_id`),
  CONSTRAINT `FKq31rk23tcy7gia43peu7pfdul` FOREIGN KEY (`ingredient_id`) REFERENCES `ingredient` (`ingredient_id`)
) ENGINE=InnoDB AUTO_INCREMENT=531 DEFAULT CHARSET=utf8mb4 COLLATE=utf8mb4_0900_ai_ci;
/*!40101 SET character_set_client = @saved_cs_client */;

--
-- Dumping data for table `ingredient_left_log`
--

LOCK TABLES `ingredient_left_log` WRITE;
/*!40000 ALTER TABLE `ingredient_left_log` DISABLE KEYS */;
INSERT INTO `ingredient_left_log` VALUES (1,4,'2021-06-15 00:00:00','New ingredients',348,2,2),(2,6,'2021-06-15 00:00:00','New ingredients',23,1,1),(3,4,'2021-06-16 00:00:00','New ingredients',71,2,5),(4,4,'2021-06-18 00:00:00','New ingredients',284,1,6),(5,4,'2021-06-19 00:00:00','New ingredients',209,1,4),(6,5,'2021-06-20 00:00:00','New ingredients',192,1,9),(7,4,'2021-06-20 00:00:00','New ingredients',332,2,10),(8,6,'2021-06-21 00:00:00','New ingredients',82,1,3),(9,5,'2021-06-22 00:00:00','New ingredients',414,2,3),(10,6,'2021-06-23 00:00:00','New ingredients',324,2,12),(11,6,'2021-06-24 00:00:00','New ingredients',377,1,12),(12,6,'2021-06-25 00:00:00','New ingredients',414,1,11),(13,6,'2021-06-27 00:00:00','New ingredients',436,1,7),(14,5,'2021-06-29 00:00:00','New ingredients',439,2,8),(15,4,'2021-06-29 00:00:00','New ingredients',385,1,7),(16,5,'2021-07-01 00:00:00','New ingredients',110,2,14),(17,6,'2021-07-02 00:00:00','New ingredients',392,2,13),(18,4,'2021-07-05 00:00:00','New ingredients',131,2,6),(19,7,'2021-07-06 00:00:00','New ingredients',476,1,8),(20,5,'2021-07-10 00:00:00','New ingredients',490,1,8),(21,4,'2021-07-12 00:00:00','New ingredients',19,2,15),(22,4,'2021-07-15 00:00:00','New ingredients',126,1,5),(23,6,'2021-07-15 00:00:00','New ingredients',74,2,4),(24,4,'2021-07-17 00:00:00','New ingredients',489,1,6),(25,5,'2021-07-17 00:00:00','New ingredients',224,2,9),(26,4,'2021-06-15 00:00:00','New ingredients',154,2,2),(27,6,'2021-06-15 00:00:00','New ingredients',96,1,1),(28,4,'2021-06-16 00:00:00','New ingredients',16,2,5),(29,4,'2021-06-18 00:00:00','New ingredients',294,1,6),(30,4,'2021-06-19 00:00:00','New ingredients',421,1,4),(31,5,'2021-06-20 00:00:00','New ingredients',224,2,9),(32,4,'2021-06-20 00:00:00','New ingredients',356,1,10),(33,6,'2021-06-21 00:00:00','New ingredients',105,1,3),(34,5,'2021-06-22 00:00:00','New ingredients',458,1,3),(35,6,'2021-06-23 00:00:00','New ingredients',475,1,12),(36,6,'2021-06-24 00:00:00','New ingredients',1,1,12),(37,6,'2021-06-25 00:00:00','New ingredients',81,2,11),(38,6,'2021-06-27 00:00:00','New ingredients',398,2,7),(39,5,'2021-06-29 00:00:00','New ingredients',248,2,8),(40,4,'2021-06-29 00:00:00','New ingredients',44,2,7),(41,5,'2021-07-01 00:00:00','New ingredients',478,1,14),(42,6,'2021-07-02 00:00:00','New ingredients',255,2,13),(43,4,'2021-07-05 00:00:00','New ingredients',343,1,6),(44,7,'2021-07-06 00:00:00','New ingredients',447,1,8),(45,5,'2021-07-10 00:00:00','New ingredients',207,2,8),(46,4,'2021-07-12 00:00:00','New ingredients',191,1,15),(47,4,'2021-07-15 00:00:00','New ingredients',335,2,5),(48,6,'2021-07-15 00:00:00','New ingredients',103,1,4),(49,4,'2021-07-17 00:00:00','New ingredients',8,1,6),(50,5,'2021-07-17 00:00:00','New ingredients',232,2,9),(51,5,'2021-10-24 01:55:30','New ingredients',135,1,90),(52,5,'2021-08-19 11:48:18','New ingredients',480,2,23),(53,3,'2021-10-21 16:02:43','New ingredients',493,2,41),(54,6,'2021-08-16 18:41:00','New ingredients',26,1,38),(55,4,'2021-09-07 06:06:20','New ingredients',151,2,65),(56,4,'2021-09-15 09:46:07','New ingredients',174,1,12),(57,4,'2021-07-20 07:15:14','New ingredients',416,1,62),(58,4,'2021-08-04 10:20:17','New ingredients',58,1,76),(59,7,'2021-08-29 20:46:51','New ingredients',43,2,91),(60,7,'2021-08-22 03:23:43','New ingredients',41,1,30),(61,6,'2021-09-09 11:13:17','New ingredients',76,1,73),(62,6,'2021-08-20 06:49:40','New ingredients',257,1,76),(63,3,'2021-11-01 01:15:11','New ingredients',54,2,61),(64,3,'2021-10-19 19:56:19','New ingredients',498,2,74),(65,7,'2021-08-17 02:48:30','New ingredients',330,1,88),(66,3,'2021-10-04 08:00:51','New ingredients',156,2,17),(67,7,'2021-10-19 15:17:06','New ingredients',290,1,22),(68,7,'2021-09-11 20:18:33','New ingredients',479,1,59),(69,4,'2021-08-29 20:27:40','New ingredients',27,1,30),(70,6,'2021-10-03 19:58:29','New ingredients',196,1,69),(71,7,'2021-08-22 19:44:06','New ingredients',398,1,57),(72,4,'2021-07-25 23:26:24','New ingredients',403,2,75),(73,6,'2021-10-20 12:13:55','New ingredients',318,1,6),(74,4,'2021-09-22 16:22:42','New ingredients',384,1,5),(75,3,'2021-08-18 09:42:36','New ingredients',463,1,5),(76,4,'2021-10-12 06:10:15','New ingredients',162,1,9),(77,7,'2021-10-27 18:31:25','New ingredients',422,2,32),(78,5,'2021-08-23 20:56:30','New ingredients',124,1,30),(79,7,'2021-08-03 09:28:02','New ingredients',353,1,55),(80,4,'2021-08-17 04:16:40','New ingredients',391,1,82),(81,4,'2021-10-29 12:40:13','New ingredients',398,1,48),(82,6,'2021-09-06 09:16:57','New ingredients',316,1,90),(83,3,'2021-11-02 14:42:57','New ingredients',383,1,7),(84,3,'2021-07-24 09:03:24','New ingredients',469,2,66),(85,7,'2021-10-22 04:29:57','New ingredients',197,2,9),(86,7,'2021-10-23 14:56:51','New ingredients',75,1,46),(87,3,'2021-09-09 13:15:59','New ingredients',284,2,1),(88,6,'2021-08-24 02:29:39','New ingredients',196,1,66),(89,6,'2021-10-27 17:32:13','New ingredients',126,2,26),(90,4,'2021-08-01 06:07:17','New ingredients',41,2,31),(91,3,'2021-09-07 14:59:53','New ingredients',328,1,77),(92,7,'2021-09-22 03:52:01','New ingredients',17,2,93),(93,4,'2021-08-19 14:03:57','New ingredients',100,1,35),(94,4,'2021-07-24 10:21:34','New ingredients',447,2,92),(95,3,'2021-10-19 00:47:36','New ingredients',434,2,57),(96,5,'2021-09-09 18:51:49','New ingredients',332,2,8),(97,3,'2021-10-25 05:29:53','New ingredients',354,1,68),(98,4,'2021-09-02 20:01:46','New ingredients',274,1,16),(99,4,'2021-10-13 21:22:59','New ingredients',307,1,74),(100,6,'2021-09-09 20:23:33','New ingredients',211,1,24),(101,3,'2021-10-25 05:21:36','New ingredients',136,2,97),(102,5,'2021-09-16 06:22:04','New ingredients',47,1,14),(103,4,'2021-08-28 09:29:51','New ingredients',326,2,77),(104,6,'2021-08-02 02:31:47','New ingredients',488,1,41),(105,5,'2021-08-12 23:00:08','New ingredients',463,1,75),(106,4,'2021-09-25 19:49:38','New ingredients',350,2,50),(107,3,'2021-09-02 22:03:30','New ingredients',359,2,27),(108,5,'2021-10-18 12:32:25','New ingredients',247,2,84),(109,5,'2021-09-27 07:12:49','New ingredients',155,2,39),(110,5,'2021-08-20 20:17:02','New ingredients',36,1,42),(111,3,'2021-10-29 19:53:06','New ingredients',212,2,94),(112,7,'2021-07-20 05:27:58','New ingredients',451,2,41),(113,5,'2021-08-23 01:06:09','New ingredients',120,2,25),(114,7,'2021-07-22 21:56:24','New ingredients',244,1,99),(115,5,'2021-11-01 02:58:38','New ingredients',362,1,22),(116,4,'2021-08-05 03:48:04','New ingredients',79,1,10),(117,6,'2021-09-30 12:56:18','New ingredients',305,1,85),(118,3,'2021-07-28 08:36:54','New ingredients',290,1,94),(119,3,'2021-09-15 15:35:49','New ingredients',36,1,14),(120,7,'2021-10-19 09:50:10','New ingredients',307,2,89),(121,6,'2021-10-01 15:12:37','New ingredients',427,1,1),(122,5,'2021-09-30 00:06:43','New ingredients',215,1,39),(123,6,'2021-09-18 09:34:30','New ingredients',291,2,90),(124,5,'2021-10-09 12:43:09','New ingredients',309,1,34),(125,7,'2021-09-30 14:50:41','New ingredients',174,2,98),(126,7,'2021-07-29 00:08:53','New ingredients',443,1,90),(127,6,'2021-08-12 16:24:16','New ingredients',192,1,54),(128,6,'2021-09-29 12:44:39','New ingredients',129,1,98),(129,6,'2021-07-31 00:46:28','New ingredients',68,2,29),(130,5,'2021-07-29 04:18:16','New ingredients',454,2,52),(131,5,'2021-10-04 12:31:31','New ingredients',63,2,498),(132,4,'2021-08-13 20:48:29','New ingredients',456,2,409),(133,2,'2021-10-06 01:56:24','New ingredients',88,2,53),(134,3,'2021-10-07 06:38:30','New ingredients',72,1,34),(135,5,'2021-09-21 01:48:37','New ingredients',94,2,14),(136,6,'2021-07-31 00:49:29','New ingredients',253,1,465),(137,4,'2021-07-31 08:28:15','New ingredients',485,1,282),(138,3,'2021-07-17 04:06:34','New ingredients',164,2,17),(139,2,'2021-09-17 08:49:54','New ingredients',366,1,238),(140,6,'2021-07-19 11:43:37','New ingredients',338,1,140),(141,3,'2021-09-30 14:36:26','New ingredients',89,2,482),(142,4,'2021-11-06 17:11:19','New ingredients',432,1,493),(143,2,'2021-09-03 11:19:18','New ingredients',391,1,16),(144,5,'2021-09-01 00:46:03','New ingredients',159,2,100),(145,3,'2021-10-10 17:20:36','New ingredients',124,1,453),(146,3,'2021-09-19 15:38:18','New ingredients',139,1,465),(147,4,'2021-08-14 13:45:19','New ingredients',323,1,465),(148,4,'2021-10-30 13:51:27','New ingredients',199,1,429),(149,6,'2021-10-16 15:47:51','New ingredients',23,1,252),(150,6,'2021-07-22 03:28:57','New ingredients',19,1,469),(151,2,'2021-11-10 19:26:45','New ingredients',24,1,90),(152,2,'2021-09-20 04:59:36','New ingredients',65,1,42),(153,2,'2021-07-23 12:10:36','New ingredients',253,1,441),(154,2,'2021-11-07 23:47:42','New ingredients',68,1,79),(155,3,'2021-10-07 18:01:25','New ingredients',80,1,72),(156,2,'2021-08-04 20:30:13','New ingredients',195,2,120),(157,4,'2021-10-28 02:46:50','New ingredients',237,1,383),(158,4,'2021-11-05 16:35:24','New ingredients',99,1,54),(159,4,'2021-08-07 18:19:33','New ingredients',282,2,122),(160,4,'2021-11-08 08:03:25','New ingredients',113,1,446),(161,5,'2021-09-02 21:27:31','New ingredients',220,1,366),(162,3,'2021-11-17 13:31:46','New ingredients',262,2,490),(163,4,'2021-09-07 20:22:22','New ingredients',146,1,353),(164,5,'2021-08-19 07:37:04','New ingredients',446,2,296),(165,6,'2021-09-21 07:52:51','New ingredients',289,2,417),(166,5,'2021-09-21 07:46:54','New ingredients',106,1,200),(167,4,'2021-07-26 22:10:11','New ingredients',164,2,245),(168,4,'2021-07-29 11:29:42','New ingredients',500,2,126),(169,5,'2021-08-06 18:33:41','New ingredients',9,2,396),(170,3,'2021-09-19 00:58:15','New ingredients',46,2,102),(171,4,'2021-11-24 02:39:07','New ingredients',202,1,321),(172,4,'2021-07-25 07:06:46','New ingredients',370,2,300),(173,6,'2021-07-26 06:58:48','New ingredients',243,1,34),(174,5,'2021-09-14 20:05:28','New ingredients',107,1,271),(175,3,'2021-08-29 06:15:59','New ingredients',302,2,254),(176,4,'2021-09-02 18:42:52','New ingredients',191,2,455),(177,5,'2021-10-29 20:48:03','New ingredients',48,2,13),(178,6,'2021-08-31 14:16:09','New ingredients',167,2,198),(179,5,'2021-10-15 05:27:26','New ingredients',192,2,452),(180,4,'2021-09-12 06:28:31','New ingredients',455,1,166),(181,3,'2021-10-04 02:18:29','New ingredients',201,1,471),(182,3,'2021-09-08 15:06:51','New ingredients',139,2,359),(183,2,'2021-11-05 13:34:09','New ingredients',92,2,379),(184,5,'2021-09-24 03:51:27','New ingredients',42,2,320),(185,2,'2021-08-26 23:20:20','New ingredients',433,2,463),(186,3,'2021-08-17 03:48:01','New ingredients',40,2,355),(187,4,'2021-09-26 02:51:19','New ingredients',402,2,385),(188,6,'2021-09-08 23:44:44','New ingredients',386,2,359),(189,4,'2021-09-11 15:34:36','New ingredients',224,2,139),(190,2,'2021-10-27 18:01:29','New ingredients',463,2,118),(191,4,'2021-11-04 09:58:32','New ingredients',140,1,174),(192,5,'2021-10-20 06:43:28','New ingredients',311,2,15),(193,6,'2021-08-22 00:26:53','New ingredients',134,2,52),(194,4,'2021-10-09 00:14:46','New ingredients',238,2,215),(195,6,'2021-08-30 14:19:30','New ingredients',288,1,419),(196,5,'2021-09-29 18:06:16','New ingredients',223,1,450),(197,2,'2021-08-22 04:21:40','New ingredients',251,1,492),(198,6,'2021-11-10 21:06:26','New ingredients',85,1,109),(199,4,'2021-09-13 05:05:27','New ingredients',173,2,71),(200,5,'2021-10-08 16:26:08','New ingredients',111,2,25),(201,6,'2021-10-27 00:31:39','New ingredients',32,1,412),(202,4,'2021-09-14 00:30:41','New ingredients',329,1,487),(203,3,'2021-07-24 00:18:26','New ingredients',47,2,195),(204,3,'2021-09-07 03:20:14','New ingredients',250,1,14),(205,6,'2021-08-22 04:55:38','New ingredients',107,1,483),(206,3,'2021-08-13 11:45:25','New ingredients',284,1,375),(207,6,'2021-09-13 19:27:10','New ingredients',98,2,425),(208,4,'2021-07-22 15:23:37','New ingredients',137,1,500),(209,6,'2021-08-07 14:31:28','New ingredients',393,2,222),(210,3,'2021-08-05 13:46:36','New ingredients',51,1,111),(211,3,'2021-11-02 19:17:12','New ingredients',78,1,387),(212,5,'2021-10-17 21:34:59','New ingredients',235,2,101),(213,3,'2021-11-06 12:23:57','New ingredients',442,2,345),(214,2,'2021-08-27 20:57:12','New ingredients',5,1,421),(215,6,'2021-08-01 18:39:28','New ingredients',198,2,71),(216,5,'2021-09-22 06:28:06','New ingredients',475,2,92),(217,4,'2021-10-02 09:49:57','New ingredients',281,1,245),(218,5,'2021-08-29 02:38:21','New ingredients',480,1,448),(219,5,'2021-11-01 13:44:48','New ingredients',57,2,7),(220,4,'2021-11-03 01:59:30','New ingredients',343,1,190),(221,3,'2021-11-19 08:38:59','New ingredients',44,1,426),(222,6,'2021-11-24 09:50:42','New ingredients',189,1,63),(223,3,'2021-09-06 10:10:58','New ingredients',312,2,34),(224,4,'2021-09-24 16:56:46','New ingredients',491,2,483),(225,2,'2021-08-22 04:52:06','New ingredients',22,2,312),(226,4,'2021-11-08 03:19:43','New ingredients',135,1,108),(227,6,'2021-07-30 23:30:35','New ingredients',109,2,107),(228,2,'2021-09-18 02:33:34','New ingredients',139,1,208),(229,3,'2021-08-20 00:13:10','New ingredients',368,2,221),(230,6,'2021-08-06 08:10:26','New ingredients',421,2,479),(231,2,'2021-08-05 22:33:09','New ingredients',3,1,234),(232,5,'2021-10-24 00:47:10','New ingredients',249,1,229),(233,2,'2021-10-10 10:27:21','New ingredients',235,1,444),(234,3,'2021-11-14 01:33:05','New ingredients',427,2,32),(235,3,'2021-08-09 05:47:30','New ingredients',431,2,327),(236,3,'2021-10-06 02:36:22','New ingredients',373,2,37),(237,2,'2021-11-08 10:45:28','New ingredients',74,1,205),(238,5,'2021-10-20 18:58:40','New ingredients',248,1,413),(239,5,'2021-09-07 21:16:11','New ingredients',17,2,450),(240,4,'2021-09-10 23:50:32','New ingredients',342,2,8),(241,3,'2021-10-07 13:09:14','New ingredients',156,2,192),(242,4,'2021-09-04 04:30:38','New ingredients',254,1,436),(243,2,'2021-09-09 04:22:30','New ingredients',304,2,103),(244,3,'2021-09-03 09:49:36','New ingredients',257,2,205),(245,2,'2021-08-28 07:30:16','New ingredients',372,1,218),(246,6,'2021-08-20 12:55:02','New ingredients',87,1,472),(247,5,'2021-09-04 03:31:08','New ingredients',320,2,207),(248,5,'2021-07-25 01:54:24','New ingredients',338,2,119),(249,5,'2021-08-03 18:35:46','New ingredients',232,1,474),(250,2,'2021-09-12 07:07:50','New ingredients',142,1,10),(251,5,'2021-08-02 18:54:09','New ingredients',16,1,128),(252,4,'2021-11-07 12:22:38','New ingredients',153,1,109),(253,2,'2021-09-28 23:15:49','New ingredients',216,2,163),(254,3,'2021-11-08 19:09:25','New ingredients',121,1,488),(255,2,'2021-09-05 02:18:01','New ingredients',457,1,448),(256,4,'2021-07-30 10:29:23','New ingredients',423,1,275),(257,4,'2021-11-17 22:02:25','New ingredients',241,1,32),(258,5,'2021-09-17 12:17:28','New ingredients',436,1,334),(259,3,'2021-08-31 21:05:23','New ingredients',455,1,72),(260,4,'2021-07-23 00:41:16','New ingredients',466,1,360),(261,4,'2021-10-17 19:33:43','New ingredients',465,2,84),(262,5,'2021-07-29 06:47:59','New ingredients',427,1,340),(263,3,'2021-09-21 21:06:49','New ingredients',240,2,444),(264,2,'2021-08-08 08:20:32','New ingredients',419,2,203),(265,4,'2021-07-30 19:29:39','New ingredients',375,2,182),(266,4,'2021-08-24 23:11:17','New ingredients',119,2,298),(267,2,'2021-09-19 21:16:18','New ingredients',467,1,446),(268,2,'2021-10-14 09:15:07','New ingredients',478,1,335),(269,5,'2021-11-02 19:27:06','New ingredients',489,1,336),(270,4,'2021-09-02 14:25:33','New ingredients',12,2,176),(271,4,'2021-09-15 17:52:40','New ingredients',90,2,369),(272,2,'2021-07-15 11:20:54','New ingredients',414,1,317),(273,2,'2021-10-27 19:49:03','New ingredients',301,2,478),(274,3,'2021-10-07 03:45:09','New ingredients',262,1,437),(275,3,'2021-08-03 23:41:35','New ingredients',404,1,252),(276,4,'2021-07-26 00:55:44','New ingredients',236,1,446),(277,2,'2021-09-21 14:24:27','New ingredients',469,2,476),(278,4,'2021-08-01 21:33:03','New ingredients',133,1,40),(279,4,'2021-08-07 04:57:17','New ingredients',260,1,270),(280,4,'2021-07-30 01:02:29','New ingredients',401,2,232),(281,3,'2021-11-03 01:13:24','New ingredients',225,2,348),(282,2,'2021-10-09 08:11:27','New ingredients',419,2,45),(283,2,'2021-09-05 05:26:19','New ingredients',420,1,182),(284,4,'2021-11-06 10:49:10','New ingredients',345,1,272),(285,3,'2021-11-09 04:26:03','New ingredients',461,2,315),(286,2,'2021-11-23 02:32:52','New ingredients',273,2,258),(287,5,'2021-09-17 09:26:44','New ingredients',480,1,342),(288,3,'2021-10-06 09:28:05','New ingredients',80,2,439),(289,3,'2021-10-25 17:33:00','New ingredients',459,2,166),(290,2,'2021-11-07 02:08:32','New ingredients',54,1,14),(291,2,'2021-08-02 01:22:39','New ingredients',394,2,69),(292,6,'2021-10-11 14:17:11','New ingredients',308,2,304),(293,3,'2021-11-24 09:46:33','New ingredients',356,2,311),(294,2,'2021-09-17 17:01:21','New ingredients',356,2,145),(295,5,'2021-07-30 10:20:10','New ingredients',212,1,293),(296,3,'2021-08-12 05:12:31','New ingredients',491,2,26),(297,6,'2021-11-12 20:12:14','New ingredients',317,2,252),(298,2,'2021-09-24 05:22:06','New ingredients',113,2,180),(299,3,'2021-10-31 06:47:42','New ingredients',112,2,143),(300,2,'2021-11-20 12:22:42','New ingredients',223,2,177),(301,6,'2021-10-26 08:50:40','New ingredients',276,1,456),(302,4,'2021-07-26 04:54:10','New ingredients',210,2,246),(303,5,'2021-10-18 18:05:33','New ingredients',222,2,363),(304,5,'2021-11-10 13:53:55','New ingredients',480,1,76),(305,2,'2021-07-28 02:17:28','New ingredients',233,2,293),(306,2,'2021-09-23 07:48:58','New ingredients',226,1,234),(307,6,'2021-08-13 00:23:18','New ingredients',429,1,289),(308,6,'2021-10-26 18:26:48','New ingredients',466,2,245),(309,6,'2021-08-23 15:46:14','New ingredients',43,1,357),(310,5,'2021-09-01 00:26:52','New ingredients',316,1,50),(311,3,'2021-08-22 10:19:37','New ingredients',452,2,179),(312,2,'2021-10-13 05:39:34','New ingredients',312,1,245),(313,6,'2021-08-24 20:33:51','New ingredients',203,1,185),(314,3,'2021-08-27 18:51:32','New ingredients',79,2,192),(315,4,'2021-10-23 03:16:13','New ingredients',284,1,403),(316,6,'2021-08-27 11:24:56','New ingredients',185,1,438),(317,2,'2021-08-03 23:29:31','New ingredients',71,2,480),(318,3,'2021-08-18 14:06:53','New ingredients',299,1,86),(319,2,'2021-11-08 09:06:12','New ingredients',283,1,491),(320,5,'2021-08-05 03:31:51','New ingredients',16,2,196),(321,4,'2021-07-28 06:59:30','New ingredients',230,1,6),(322,3,'2021-10-05 12:43:24','New ingredients',104,1,442),(323,6,'2021-10-06 12:02:44','New ingredients',326,2,190),(324,6,'2021-09-30 21:43:36','New ingredients',320,1,126),(325,6,'2021-09-23 00:09:25','New ingredients',123,1,60),(326,3,'2021-09-16 06:48:14','New ingredients',153,2,422),(327,5,'2021-09-11 11:36:51','New ingredients',394,2,428),(328,6,'2021-09-04 03:44:10','New ingredients',10,1,373),(329,4,'2021-09-16 23:29:49','New ingredients',370,1,83),(330,4,'2021-08-18 21:59:06','New ingredients',319,1,293),(331,3,'2021-09-26 23:41:02','New ingredients',483,2,217),(332,4,'2021-11-06 12:17:53','New ingredients',458,1,204),(333,2,'2021-08-06 01:34:32','New ingredients',341,2,371),(334,5,'2021-11-16 12:36:29','New ingredients',330,1,239),(335,4,'2021-09-11 09:21:30','New ingredients',128,2,84),(336,4,'2021-10-23 10:37:35','New ingredients',150,2,201),(337,2,'2021-07-18 08:10:27','New ingredients',364,1,251),(338,4,'2021-09-18 18:21:15','New ingredients',369,1,154),(339,4,'2021-07-15 12:46:57','New ingredients',252,2,14),(340,6,'2021-10-16 01:38:50','New ingredients',153,1,111),(341,2,'2021-10-13 12:53:20','New ingredients',9,2,10),(342,5,'2021-11-24 23:43:07','New ingredients',84,2,219),(343,2,'2021-07-23 20:04:02','New ingredients',393,1,63),(344,5,'2021-10-22 20:49:47','New ingredients',214,1,158),(345,2,'2021-08-11 21:22:43','New ingredients',388,1,102),(346,4,'2021-11-24 18:18:17','New ingredients',301,2,33),(347,2,'2021-09-08 14:58:53','New ingredients',338,2,360),(348,4,'2021-10-13 20:21:21','New ingredients',285,2,201),(349,6,'2021-10-26 05:06:57','New ingredients',413,1,424),(350,2,'2021-09-14 01:22:04','New ingredients',209,1,16),(351,4,'2021-10-10 00:06:04','New ingredients',307,2,307),(352,6,'2021-11-18 08:39:54','New ingredients',404,1,486),(353,4,'2021-09-02 05:39:31','New ingredients',102,2,9),(354,6,'2021-11-22 20:06:52','New ingredients',295,1,88),(355,4,'2021-07-17 14:26:58','New ingredients',167,1,412),(356,3,'2021-09-02 08:58:01','New ingredients',453,2,294),(357,3,'2021-10-06 05:32:56','New ingredients',263,2,234),(358,3,'2021-08-09 12:13:11','New ingredients',454,2,289),(359,3,'2021-07-25 07:50:02','New ingredients',482,1,241),(360,6,'2021-07-26 16:28:38','New ingredients',46,1,339),(361,5,'2021-11-02 15:11:52','New ingredients',286,1,472),(362,6,'2021-07-20 21:47:48','New ingredients',289,1,341),(363,6,'2021-11-14 22:45:07','New ingredients',86,2,288),(364,6,'2021-08-31 20:45:32','New ingredients',62,2,419),(365,2,'2021-10-25 07:21:05','New ingredients',54,2,229),(366,6,'2021-10-22 01:31:50','New ingredients',82,1,388),(367,3,'2021-08-18 22:47:14','New ingredients',248,1,250),(368,3,'2021-11-14 19:25:51','New ingredients',492,2,88),(369,5,'2021-09-21 01:02:56','New ingredients',217,2,189),(370,6,'2021-08-19 20:38:19','New ingredients',109,2,182),(371,6,'2021-08-10 04:59:52','New ingredients',395,1,340),(372,2,'2021-08-17 08:46:35','New ingredients',144,2,157),(373,2,'2021-08-26 11:43:33','New ingredients',37,2,261),(374,6,'2021-07-31 12:01:56','New ingredients',252,1,334),(375,6,'2021-08-19 06:24:19','New ingredients',148,1,386),(376,4,'2021-10-01 18:05:03','New ingredients',482,2,430),(377,3,'2021-09-16 05:56:49','New ingredients',465,2,491),(378,2,'2021-11-22 21:42:02','New ingredients',381,2,165),(379,3,'2021-08-20 10:02:00','New ingredients',9,2,352),(380,3,'2021-10-09 16:25:21','New ingredients',400,2,262),(381,2,'2021-07-17 14:23:58','New ingredients',475,2,254),(382,2,'2021-07-18 21:33:37','New ingredients',171,1,483),(383,2,'2021-11-02 19:22:33','New ingredients',432,2,151),(384,6,'2021-09-06 01:09:48','New ingredients',148,1,309),(385,6,'2021-10-06 02:05:07','New ingredients',442,1,89),(386,5,'2021-11-22 14:41:56','New ingredients',264,1,19),(387,3,'2021-10-24 09:54:41','New ingredients',496,1,329),(388,6,'2021-08-18 00:32:13','New ingredients',186,1,85),(389,3,'2021-08-10 07:57:28','New ingredients',443,2,438),(390,6,'2021-10-10 18:56:24','New ingredients',158,2,434),(391,3,'2021-09-27 14:35:45','New ingredients',457,1,356),(392,6,'2021-08-14 23:26:06','New ingredients',311,2,478),(393,2,'2021-07-21 19:16:42','New ingredients',185,2,323),(394,3,'2021-09-28 19:25:46','New ingredients',492,1,179),(395,2,'2021-09-27 07:05:37','New ingredients',406,1,426),(396,4,'2021-07-25 01:03:59','New ingredients',51,1,92),(397,4,'2021-08-02 00:04:21','New ingredients',36,2,184),(398,6,'2021-10-22 19:03:45','New ingredients',29,2,141),(399,2,'2021-10-28 16:12:09','New ingredients',36,2,153),(400,6,'2021-11-09 21:39:34','New ingredients',93,1,344),(401,3,'2021-09-04 08:57:56','New ingredients',357,1,257),(402,3,'2021-10-05 23:03:27','New ingredients',6,1,255),(403,2,'2021-11-20 14:55:36','New ingredients',456,2,1),(404,2,'2021-10-09 06:07:56','New ingredients',262,2,240),(405,6,'2021-11-08 07:18:25','New ingredients',441,1,198),(406,5,'2021-08-30 15:55:49','New ingredients',420,2,268),(407,5,'2021-09-15 18:34:14','New ingredients',275,2,245),(408,5,'2021-07-17 13:23:07','New ingredients',115,2,423),(409,5,'2021-08-04 14:50:42','New ingredients',249,1,378),(410,2,'2021-08-21 02:28:06','New ingredients',400,2,121),(411,4,'2021-08-09 19:57:22','New ingredients',252,1,471),(412,2,'2021-10-08 00:19:42','New ingredients',61,2,493),(413,6,'2021-11-12 04:18:28','New ingredients',46,1,49),(414,4,'2021-08-30 09:07:15','New ingredients',46,1,264),(415,6,'2021-11-03 10:14:25','New ingredients',94,2,176),(416,2,'2021-10-03 01:03:54','New ingredients',331,1,84),(417,4,'2021-07-17 09:42:42','New ingredients',372,1,394),(418,2,'2021-08-22 13:31:42','New ingredients',365,2,219),(419,6,'2021-07-26 21:57:18','New ingredients',211,1,410),(420,3,'2021-07-23 16:13:56','New ingredients',458,1,392),(421,2,'2021-11-10 20:38:03','New ingredients',158,2,231),(422,4,'2021-10-07 00:41:08','New ingredients',414,1,478),(423,3,'2021-10-25 13:59:32','New ingredients',96,2,195),(424,6,'2021-11-18 08:02:18','New ingredients',237,1,41),(425,4,'2021-11-18 07:43:11','New ingredients',396,2,119),(426,2,'2021-08-16 13:27:27','New ingredients',268,2,471),(427,6,'2021-07-20 13:25:47','New ingredients',151,1,498),(428,2,'2021-08-30 07:10:52','New ingredients',451,2,77),(429,2,'2021-10-11 08:37:29','New ingredients',304,1,392),(430,2,'2021-07-24 05:45:40','New ingredients',164,2,228),(431,4,'2021-08-27 20:16:17','New ingredients',410,1,462),(432,6,'2021-08-18 06:10:55','New ingredients',56,2,126),(433,3,'2021-10-19 23:13:11','New ingredients',49,1,242),(434,4,'2021-08-24 05:37:50','New ingredients',76,1,331),(435,6,'2021-07-22 14:41:29','New ingredients',234,1,430),(436,4,'2021-10-18 06:51:16','New ingredients',443,1,155),(437,2,'2021-08-14 00:49:29','New ingredients',11,1,485),(438,3,'2021-10-09 07:10:38','New ingredients',226,1,460),(439,2,'2021-10-20 00:49:25','New ingredients',98,1,344),(440,4,'2021-09-25 04:55:00','New ingredients',311,2,341),(441,3,'2021-09-11 19:23:09','New ingredients',259,2,173),(442,6,'2021-11-20 07:34:47','New ingredients',363,1,339),(443,3,'2021-10-09 08:06:17','New ingredients',37,2,178),(444,6,'2021-11-21 16:53:29','New ingredients',97,1,370),(445,4,'2021-09-24 03:02:56','New ingredients',371,2,318),(446,6,'2021-10-19 23:05:55','New ingredients',64,2,478),(447,3,'2021-07-15 00:27:48','New ingredients',207,2,437),(448,3,'2021-09-07 19:59:20','New ingredients',344,2,251),(449,4,'2021-07-26 20:37:09','New ingredients',97,2,441),(450,4,'2021-09-17 22:49:16','New ingredients',452,1,454),(451,4,'2021-10-20 01:47:21','New ingredients',471,1,444),(452,5,'2021-11-24 09:03:01','New ingredients',497,1,361),(453,2,'2021-09-19 14:19:43','New ingredients',73,2,469),(454,3,'2021-11-18 07:22:49','New ingredients',373,2,264),(455,6,'2021-11-18 08:44:47','New ingredients',144,1,411),(456,3,'2021-09-09 00:33:10','New ingredients',100,1,265),(457,3,'2021-07-25 13:03:11','New ingredients',67,2,90),(458,6,'2021-10-06 07:05:31','New ingredients',35,1,154),(459,6,'2021-09-10 17:27:43','New ingredients',473,1,2),(460,3,'2021-09-23 08:15:42','New ingredients',261,2,45),(461,2,'2021-10-09 14:05:16','New ingredients',384,1,217),(462,3,'2021-09-04 03:37:59','New ingredients',135,1,452),(463,5,'2021-07-26 21:41:58','New ingredients',26,1,109),(464,3,'2021-07-15 23:09:14','New ingredients',223,2,186),(465,3,'2021-09-08 21:07:05','New ingredients',35,2,104),(466,6,'2021-07-22 11:06:44','New ingredients',5,2,462),(467,6,'2021-11-24 15:11:18','New ingredients',420,2,497),(468,3,'2021-07-25 02:00:50','New ingredients',87,2,98),(469,5,'2021-09-04 09:52:54','New ingredients',172,2,499),(470,4,'2021-11-13 00:41:25','New ingredients',99,1,202),(471,6,'2021-07-19 17:08:43','New ingredients',478,2,9),(472,2,'2021-09-28 19:13:21','New ingredients',93,1,442),(473,5,'2021-11-21 15:08:13','New ingredients',32,1,179),(474,3,'2021-08-22 19:04:21','New ingredients',379,2,72),(475,4,'2021-11-18 04:36:48','New ingredients',298,1,320),(476,3,'2021-08-02 18:08:45','New ingredients',352,2,384),(477,6,'2021-07-28 21:57:19','New ingredients',365,1,461),(478,6,'2021-11-07 20:45:51','New ingredients',271,1,152),(479,2,'2021-09-28 09:58:19','New ingredients',260,2,378),(480,3,'2021-08-28 04:53:33','New ingredients',484,1,430),(481,6,'2021-09-03 11:18:45','New ingredients',139,2,18),(482,3,'2021-08-07 05:49:47','New ingredients',243,1,297),(483,4,'2021-08-01 05:06:59','New ingredients',297,2,434),(484,6,'2021-09-29 18:29:53','New ingredients',256,2,275),(485,5,'2021-09-20 08:01:27','New ingredients',390,1,75),(486,4,'2021-07-20 23:21:11','New ingredients',179,2,49),(487,5,'2021-10-06 20:41:34','New ingredients',226,1,20),(488,2,'2021-11-05 16:13:30','New ingredients',92,2,454),(489,3,'2021-10-23 13:38:46','New ingredients',283,1,208),(490,4,'2021-09-06 20:48:01','New ingredients',136,1,176),(491,2,'2021-10-05 03:35:12','New ingredients',333,2,256),(492,6,'2021-11-18 02:57:32','New ingredients',257,2,253),(493,6,'2021-08-18 17:13:10','New ingredients',283,1,495),(494,2,'2021-11-08 23:13:46','New ingredients',144,1,216),(495,3,'2021-10-12 03:30:20','New ingredients',370,2,95),(496,2,'2021-11-24 14:11:28','New ingredients',420,1,327),(497,4,'2021-09-14 11:07:31','New ingredients',489,1,351),(498,4,'2021-08-17 19:13:15','New ingredients',182,2,271),(499,4,'2021-11-23 11:33:37','New ingredients',446,1,300),(500,3,'2021-09-08 09:59:11','New ingredients',181,2,190),(501,2,'2021-09-29 12:29:00','New ingredients',67,2,47),(502,4,'2021-11-01 08:30:00','New ingredients',291,2,165),(503,5,'2021-07-28 21:24:41','New ingredients',254,2,186),(504,3,'2021-08-24 20:17:44','New ingredients',394,2,431),(505,4,'2021-11-08 23:53:04','New ingredients',211,1,99),(506,2,'2021-11-06 00:23:20','New ingredients',370,1,199),(507,4,'2021-08-29 01:35:32','New ingredients',216,2,198),(508,2,'2021-09-14 01:19:03','New ingredients',470,2,392),(509,3,'2021-08-06 22:55:08','New ingredients',201,1,366),(510,5,'2021-11-07 13:28:28','New ingredients',94,2,155),(511,2,'2021-10-18 05:13:02','New ingredients',369,1,176),(512,6,'2021-08-30 21:30:18','New ingredients',60,1,415),(513,3,'2021-10-10 21:14:49','New ingredients',195,1,47),(514,3,'2021-10-27 10:37:33','New ingredients',295,1,489),(515,2,'2021-09-03 13:06:05','New ingredients',386,1,304),(516,4,'2021-11-08 01:08:10','New ingredients',47,1,50),(517,4,'2021-09-28 08:02:54','New ingredients',78,1,341),(518,5,'2021-08-14 06:48:45','New ingredients',247,2,53),(519,3,'2021-10-14 03:48:08','New ingredients',500,1,243),(520,3,'2021-10-09 11:47:44','New ingredients',260,2,54),(521,6,'2021-10-08 02:46:41','New ingredients',299,2,41),(522,4,'2021-10-29 01:03:49','New ingredients',215,1,40),(523,4,'2021-07-22 22:48:47','New ingredients',179,1,79),(524,2,'2021-10-27 17:22:01','New ingredients',247,2,275),(525,3,'2021-11-20 17:21:10','New ingredients',200,1,137),(526,3,'2021-10-26 16:21:46','New ingredients',257,2,358),(527,5,'2021-09-25 00:50:41','New ingredients',183,2,380),(528,3,'2021-10-28 08:29:12','New ingredients',147,1,324),(529,4,'2021-10-20 15:20:43','New ingredients',183,1,482),(530,5,'2021-10-19 20:40:53','New ingredients',475,2,436);
/*!40000 ALTER TABLE `ingredient_left_log` ENABLE KEYS */;
UNLOCK TABLES;

--
-- Table structure for table `membership_type`
--

DROP TABLE IF EXISTS `membership_type`;
/*!40101 SET @saved_cs_client     = @@character_set_client */;
/*!50503 SET character_set_client = utf8mb4 */;
CREATE TABLE `membership_type` (
  `membership_type_id` bigint NOT NULL AUTO_INCREMENT,
  `description` varchar(1000) DEFAULT NULL,
  `membership_name` varchar(255) DEFAULT NULL,
  `minimum_spend` double DEFAULT NULL,
  `user_id` bigint DEFAULT NULL,
  `discount_id` bigint DEFAULT NULL,
  PRIMARY KEY (`membership_type_id`),
  KEY `membership_type_user_id_index` (`user_id`),
  KEY `FKgf0e3nwvc7bk67gn849i4s61h` (`discount_id`),
  CONSTRAINT `FKgf0e3nwvc7bk67gn849i4s61h` FOREIGN KEY (`discount_id`) REFERENCES `discount` (`discount_id`)
) ENGINE=InnoDB AUTO_INCREMENT=61 DEFAULT CHARSET=utf8mb4 COLLATE=utf8mb4_0900_ai_ci;
/*!40101 SET character_set_client = @saved_cs_client */;

--
-- Dumping data for table `membership_type`
--

LOCK TABLES `membership_type` WRITE;
/*!40000 ALTER TABLE `membership_type` DISABLE KEYS */;
INSERT INTO `membership_type` VALUES (1,'Member','Member',15000,2,1),(2,'Associate member','Associate member',20000,1,2),(3,'Fellow','Fellow',25000,1,8),(4,'Honorary fellow','Honorary fellow',20000,2,3),(5,'Group','Group',25000,2,4),(6,'Member Emeritus','Member Emeritus',30000,2,5),(7,'Individual Associate','Individual Associate',50000,1,6),(8,'Regular','Regular',35000,2,7),(9,'Temporary','Temporary',100000,1,9),(10,'Benefactor','Benefactor',200000,1,10),(11,'Full','Full',500000,1,11),(12,'Companion','Companion',800000,1,12),(13,'Affiliate','Affiliate',1000000,1,13),(14,'Corporate','Corporate',50000,2,14),(15,'Partner','Partner',100000,2,15),(16,'Trasitional','Trasitional',1500000,1,16),(17,'Social','Social',2000000,1,17),(18,'Personal','Personal',2500000,1,18),(19,'Organizational','Organizational',3000000,1,19),(20,'Special','Special',200000,2,20),(21,'Division','Division',3500000,1,21),(22,'Business','Business',300000,2,22),(23,'Charity','Charity',400000,2,23),(24,'Entry level','Entry level',4000000,1,24),(25,'Validity','Validity',4500000,1,25),(26,'Enterprise','Enterprise',5000000,1,26),(27,'Alumni','Alumni',500000,2,27),(28,'Resident','Resident',5500000,1,28),(29,'International','International',6000000,1,29),(30,'State','State',1000000,2,30);
/*!40000 ALTER TABLE `membership_type` ENABLE KEYS */;
UNLOCK TABLES;

--
-- Table structure for table `other_cost`
--

DROP TABLE IF EXISTS `other_cost`;
/*!40101 SET @saved_cs_client     = @@character_set_client */;
/*!50503 SET character_set_client = utf8mb4 */;
CREATE TABLE `other_cost` (
  `other_cost_id` bigint NOT NULL AUTO_INCREMENT,
  `creation_time` datetime DEFAULT NULL,
  `description` varchar(2000) DEFAULT NULL,
  `name` varchar(200) DEFAULT NULL,
  `status` varchar(255) DEFAULT NULL,
  `total_cost` double DEFAULT '0',
  `user_id` bigint DEFAULT NULL,
  `visible` tinyint(1) DEFAULT '1',
  PRIMARY KEY (`other_cost_id`),
  KEY `other_cost_user_id_index` (`user_id`)
) ENGINE=InnoDB AUTO_INCREMENT=501 DEFAULT CHARSET=utf8mb4 COLLATE=utf8mb4_0900_ai_ci;
/*!40101 SET character_set_client = @saved_cs_client */;

--
-- Dumping data for table `other_cost`
--

LOCK TABLES `other_cost` WRITE;
/*!40000 ALTER TABLE `other_cost` DISABLE KEYS */;
INSERT INTO `other_cost` VALUES (1,'2021-06-25 00:00:00','Testing','VAT','FINISHED',30000,1,1),(2,'2021-06-28 00:00:00','Testing','Rent','FINISHED',500000,2,1),(3,'2021-06-30 00:00:00','Testing','Repair','FINISHED',100000,1,1),(4,'2021-07-03 00:00:00','Testing','Fuel','FINISHED',120000,1,1),(5,'2021-07-08 00:00:00','Testing','Insurance','FINISHED',200000,1,1),(6,'2021-07-06 21:49:38','Periph nerve dx proc NEC','Diltiazem Hydrochloride','FINISHED',492000,2,1),(7,'2021-07-27 14:41:27','P32 & eye tracer NEC','Seretin','FINISHED',322000,1,1),(8,'2020-12-19 12:47:34','Episiotomy','Hemostatic Solution','FINISHED',93000,1,1),(9,'2020-12-25 01:45:03','Adhesiolysis ovary/tube','Irbesartan','FINISHED',384000,2,1),(10,'2021-04-20 01:24:32','Other plastic ops tendon','AMOXICILLIN','FINISHED',217000,2,1),(11,'2021-08-01 06:44:27','Other patellar incision','Fenoprofen Calcium','FINISHED',357000,1,1),(12,'2020-08-16 17:52:59','Dermabrasion','Minitran','FINISHED',171000,1,1),(13,'2021-07-01 15:04:01','Mult seg sm bowel excis','Docetaxel','FINISHED',203000,2,1),(14,'2021-05-09 10:13:36','Perirectal tissue biopsy','Stomach Relief Anti Diarrheal','FINISHED',466000,1,1),(15,'2020-08-13 13:31:08','Rectal perirect op NEC','DIAMITE','FINISHED',299000,1,1),(16,'2021-01-08 01:15:00','Bile duct repair NEC','Love Hand Sanitizer','FINISHED',55000,2,1),(17,'2020-08-04 19:24:32','Metatar/tar division NEC','Smart Sense Naproxen Sodium','FINISHED',262000,2,1),(18,'2021-09-22 09:37:43','Lysis pharyngeal adhes','Acetaminophen','FINISHED',185000,2,1),(19,'2020-07-18 18:43:16','Vesicostomy','Purell Advanced Hand Sanitizer Inspiring Island Getaway','FINISHED',99000,1,1),(20,'2020-10-26 12:16:00','Cyclophotocoagulation','NUCYNTA','FINISHED',359000,2,1),(21,'2021-05-25 22:47:28','Periren/uret dx proc NEC','Female Tonic','FINISHED',78000,1,1),(22,'2021-01-24 20:11:01','Crown application','Despec','FINISHED',194000,1,1),(23,'2020-10-06 06:41:33','C & s-nervous syst','Primidone','FINISHED',234000,1,1),(24,'2021-01-19 09:14:36','Pull-thru res rectum NOS','Smooth Brome','FINISHED',90000,2,1),(25,'2021-07-17 06:49:02','Contrast dacryocystogram','Cladosporium cladosporioides','FINISHED',167000,1,1),(26,'2020-12-26 17:54:32','Suture of rectal lacer','Vicks','FINISHED',64000,2,1),(27,'2020-08-22 12:38:29','Fixed bridge insertion','Lyrica','FINISHED',243000,1,1),(28,'2020-08-19 09:28:13','Tenotomy of hand','Fast Arthritis Aid','FINISHED',59000,2,1),(29,'2021-10-07 11:21:25','Incision of lung','RANITIDINE','FINISHED',452000,2,1),(30,'2021-09-28 20:09:49','Extraoc musc-tend biopsy','Minocycline Hydrochloride','FINISHED',196000,1,1),(31,'2020-12-31 09:30:41','Amputation through hand','Acetaminophen','FINISHED',47000,2,1),(32,'2020-11-20 05:57:47','Remov epithel downgrowth','Proactiv Renewing Cleanser','FINISHED',70000,1,1),(33,'2020-08-12 20:25:24','Closed chest card massag','LOreal Paris Visible lift Medium Deep CC Broad Spectrum SPF 20','FINISHED',168000,2,1),(34,'2020-10-24 09:43:08','Cell blk/pap-lower GI','Hexabrix','FINISHED',130000,2,1),(35,'2021-10-17 13:50:51','Open reduction-toe fx','Simvastatin','FINISHED',107000,1,1),(36,'2020-11-26 12:26:49','Nephroscopy','CLADOSPORIUM SPHAEROSPERMUM','FINISHED',103000,1,1),(37,'2021-08-06 11:02:21','Ins/rep mul pul gn,rechg','Adrenal Support','FINISHED',158000,1,1),(38,'2020-12-23 05:44:13','Vacuum extract del NEC','Creomulsion','FINISHED',439000,1,1),(39,'2021-05-16 15:26:14','Bact smear-endocrine','AMBROSIA PSILOSTACHYA POLLEN','FINISHED',301000,2,1),(40,'2021-01-29 17:50:15','Transfusion NEC','Carboplatin','FINISHED',146000,1,1),(41,'2020-10-20 20:08:39','Tot breech extrac NEC','Simvastatin','FINISHED',248000,1,1),(42,'2020-12-13 16:35:15','Bunionect/sft/osteotomy','7 Select Acid Reducer','FINISHED',304000,2,1),(43,'2021-09-12 12:15:13','Ankle synovectomy','PDI Sani-Hands','FINISHED',273000,2,1),(44,'2020-09-01 22:55:24','Parasitology-musculoskel','Acyclovir','FINISHED',416000,2,1),(45,'2020-11-12 15:34:37','Hand plastic op NEC','Veal','FINISHED',300000,2,1),(46,'2021-10-05 06:41:19','Interposit op uterin lig','Linden','FINISHED',210000,1,1),(47,'2021-07-15 13:06:46','Limb skin traction NEC','Pear','FINISHED',111000,1,1),(48,'2020-07-31 06:08:50','Opn/oth rep mitral valve','Anti Chafe Balm','FINISHED',346000,2,1),(49,'2020-10-22 07:29:29','Contr thor arteriogr NEC','LISINOPRIL','FINISHED',435000,2,1),(50,'2020-09-14 17:22:12','Inject/infuse electrolyt','Etodolac','FINISHED',178000,2,1),(51,'2021-03-06 10:19:32','Insert recombinant BMP','NAUSEA VOMITING HP','FINISHED',466000,1,1),(52,'2021-06-11 07:21:45','Vasc proc revision NEC','MORPHINE SULFATE','FINISHED',375000,1,1),(53,'2020-11-21 05:53:37','Revis cutan ileoureteros','Bupivacaine Hydrochloride','FINISHED',437000,2,1),(54,'2021-03-27 17:00:38','Injection into marrow','Meclizine Hydrochloride','FINISHED',100000,1,1),(55,'2021-04-10 20:49:34','Reopen craniotomy site','SANAFITIL','FINISHED',68000,1,1),(56,'2020-11-08 03:33:04','Correction fetal defect','Immortelle Brightening Hand Care SPF 15','FINISHED',464000,2,1),(57,'2021-02-22 19:48:48','Open robotic assist proc','Atenolol','FINISHED',233000,2,1),(58,'2020-08-25 23:03:00','Excision of knee NEC','Orange Blossom Antibacterial Foaming Hand Wash','FINISHED',195000,2,1),(59,'2021-07-02 07:09:29','Osteoclasis-chest cage','Felodipine','FINISHED',236000,1,1),(60,'2020-09-24 20:45:04','Lacrimal sac incision','triamcinolone acetonide','FINISHED',93000,1,1),(61,'2020-12-23 18:08:26','Repair ob lac rect/anus','PASPALUM NOTATUM POLLEN','FINISHED',178000,1,1),(62,'2021-10-22 11:21:12','Arthrocentesis','ANTIBACTERIAL FOAMING','FINISHED',113000,1,1),(63,'2021-10-27 13:44:48','Neurologic func test NEC','Spironolactone','FINISHED',453000,2,1),(64,'2021-03-11 12:49:06','Lymphatic struct biopsy','Levetiracetam','FINISHED',40000,1,1),(65,'2021-02-18 23:44:01','Inject/infuse electrolyt','Horse Hair','FINISHED',187000,2,1),(66,'2020-10-20 18:05:42','BBBD via infusion','Listerine Naturals Antiseptic - Herbal Mint','FINISHED',315000,2,1),(67,'2021-08-20 08:58:40','Brain/skull contrst xray','Gadavyt','FINISHED',50000,1,1),(68,'2021-05-20 18:15:39','Intra-amnion inj for ab','Zicam Ultra Cold Remedy Rapidmelts','FINISHED',189000,1,1),(69,'2020-12-22 07:06:23','Cl reduc disloc-hand/fng','Hepataplex','FINISHED',296000,2,1),(70,'2020-08-14 10:04:16','Chorioret les diathermy','Listerine Essential Care','FINISHED',411000,1,1),(71,'2021-08-13 21:21:53','Hand/finger joint biopsy','Heartburn','FINISHED',208000,1,1),(72,'2020-11-06 00:59:56','Tendon graft','PERSONAL CARE EXTRA STRENGTH COLD HOT','FINISHED',225000,1,1),(73,'2020-10-19 05:42:16','Facial bone repair NEC','POLYETHYLENE GLYCOL 3350','FINISHED',463000,1,1),(74,'2020-08-27 21:22:28','Insert bone stimul NOS','tizanidine','FINISHED',218000,2,1),(75,'2021-09-07 00:50:08','Remov other genit device','BETHANECHOL CHLORIDE','FINISHED',122000,1,1),(76,'2021-06-01 20:17:49','Lam keratplast w autgrft','SELZENTRY','FINISHED',378000,1,1),(77,'2020-10-30 10:44:22','Cautery to stop epistax','Aquaphor','FINISHED',101000,2,1),(78,'2020-08-03 01:12:25','Manual rupt joint adhes','Protamine Sulfate','FINISHED',252000,2,1),(79,'2021-08-12 09:43:27','Lower GI series','Bamboo Rosemary','FINISHED',456000,2,1),(80,'2021-05-23 10:46:41','Lacrimal sac incision','Niaspan','FINISHED',105000,2,1),(81,'2021-05-22 16:28:45','Remove skull tongs','Citalopram Hydrobromide','FINISHED',497000,2,1),(82,'2021-05-12 06:54:13','Nephrotomy','White Pine','FINISHED',289000,2,1),(83,'2020-10-01 21:20:09','Rep anulus fibrosus-grft','Alka-Seltzer Plus','FINISHED',373000,1,1),(84,'2021-01-07 07:03:18','Iris biopsy','LBEL COULEUR LUXE AMPLIFIER XP','FINISHED',40000,1,1),(85,'2020-07-09 02:46:42','Toxicology-integument','Food - Plant Source, Corn Zea mays','FINISHED',421000,2,1),(86,'2021-10-01 04:35:14','Open reduc-radius/uln fx','Tricode','FINISHED',103000,1,1),(87,'2021-07-07 03:28:28','Periph nerv anastom NEC','Manefit Beauty Planner Lavender Wrinkle Lifting Mask','FINISHED',134000,1,1),(88,'2021-07-26 20:23:06','Intranas les destruction','Leader Clotrimazole Anti-Fungal','FINISHED',322000,2,1),(89,'2021-03-03 22:07:22','Other acupuncture','Furosemide','FINISHED',248000,1,1),(90,'2021-07-17 04:31:10','Breast dx procedure NEC','XOLIDO','FINISHED',232000,1,1),(91,'2021-05-30 09:14:03','Unilat fallop tube destr','BLUE ACME SLEEVE FIRST AID Contains 1000 PIECES','FINISHED',377000,1,1),(92,'2021-04-01 16:53:50','Oth salpingo-oophoroplas','Serophene','FINISHED',229000,2,1),(93,'2020-12-07 19:37:13','Hysteroscopy','NanoFreeze','FINISHED',433000,1,1),(94,'2020-07-23 16:48:27','Remov abdom wall suture','Alendronate Sodium','FINISHED',58000,1,1),(95,'2021-02-22 05:26:26','Plague vaccination','Synthroid','FINISHED',333000,1,1),(96,'2021-10-05 21:09:51','Revis ren dialysis shunt','PERIOSCIENCES HYDRATING AO Pro','FINISHED',69000,1,1),(97,'2021-08-14 20:18:27','Other repair of knee','Magnesium Oxide','FINISHED',230000,2,1),(98,'2021-07-12 14:18:51','Arth/pros rem wo re-foot','Bacitracin Zinc and Polymyxin B Sulfate','FINISHED',440000,2,1),(99,'2021-07-03 07:27:55','Inject/inf thrombo agent','BIOTOX BAC','FINISHED',86000,2,1),(100,'2021-09-23 17:12:38','Excise ciliary body les','Arnica 6c','FINISHED',457000,1,1),(101,'2021-11-22 08:20:42','Achillotenotomy','Other thing','FINISHED',72000,1,1),(102,'2021-11-22 13:27:23','Closed renal biopsy','Othercost new','PACKAGING',72000,1,1),(103,'2021-10-12 10:39:21','Toe injury operation NOS','SHISEIDO UV PROTECTIVE FOUNDATION','FINISHED',100000,2,1),(104,'2021-08-30 15:15:45','Debrid opn fx-metac/car','LEVOXYL','FINISHED',342000,2,1),(105,'2021-11-12 13:14:44','Hand muscle reattachment','GENOTROPIN','FINISHED',308000,1,1),(106,'2021-09-09 01:03:05','Conjunctivorhinos w tube','Metoprolol succinate','FINISHED',111000,2,1),(107,'2021-08-06 01:06:36','Autopsy','aller ease','FINISHED',286000,1,1),(108,'2021-11-10 15:52:13','Inject/infuse NEC','Isosorbide Mononitrate','FINISHED',347000,2,1),(109,'2021-09-05 20:00:12','Closed pancreatic biopsy','Sodium Sulfacetamide and Sulfur','FINISHED',122000,2,1),(110,'2021-07-24 00:24:01','Transab sm bowel endosc','Pinworm','FINISHED',222000,2,1),(111,'2021-08-02 04:13:02','Suture peptic ulcer NOS','Trichophyton mentagrophytes','FINISHED',346000,2,1),(112,'2021-08-27 12:12:05','Prosthet/orthot training','Baclofen','FINISHED',311000,1,1),(113,'2021-10-29 00:56:37','Clos red-int fix humerus','UNASYN','FINISHED',115000,1,1),(114,'2021-11-02 12:30:05','Int fixation-chest cage','diclofenac sodium','FINISHED',294000,2,1),(115,'2021-09-03 00:58:49','Arth/pros rem wo rep-hip','Allopurinol','FINISHED',376000,1,1),(116,'2021-10-30 09:05:21','Ventricl shunt-thorax','Relistor','FINISHED',245000,1,1),(117,'2021-09-08 22:24:14','Intermitt skel traction','Deb PureBac Foam Wash','FINISHED',398000,2,1),(118,'2021-08-09 06:03:09','Limb length-metacar/car','Phenergan','FINISHED',153000,1,1),(119,'2021-08-18 20:46:28','Occupational therapy','Ibuprofen','FINISHED',224000,2,1),(120,'2021-09-26 01:42:43','Local gastr destruct NEC','Everyday Clean Dandruff','FINISHED',260000,1,1),(121,'2021-10-29 07:26:49','Micro exam-spln/marr NEC','Axe','FINISHED',229000,2,1),(122,'2021-11-10 14:06:23','Endo pulm arwy flow msmt','Dexamethasone Sodium Phosphate','FINISHED',315000,1,1),(123,'2021-07-27 04:40:31','Hemorrhoid ligation','Topcare Childrens Pain and Fever','FINISHED',134000,2,1),(124,'2021-09-14 12:49:28','Ventri shunt-circula sys','CARISOPRODOL','FINISHED',381000,1,1),(125,'2021-11-10 10:35:59','Cystogram NEC','ACETAMINOPHEN AND CODEINE PHOSPHATE','FINISHED',399000,2,1),(126,'2021-09-07 07:23:16','Urethral biopsy','Amlodipine Besylate','FINISHED',101000,2,1),(127,'2021-10-28 16:12:01','Suture vulvar laceration','Face Guard 30 SPF','FINISHED',309000,1,1),(128,'2021-09-21 19:02:58','Closed fx reduct humerus','Metformin Hydrochloride','FINISHED',143000,1,1),(129,'2021-10-07 06:35:02','Ureteral operation NEC','Firebush/Burning Bush','FINISHED',88000,2,1),(130,'2021-11-10 05:33:55','Rev crtd sinus stm leads','hydroxyzine pamoate','FINISHED',311000,2,1),(131,'2021-09-16 12:24:01','Dilation of rectum','BUDEPRION','FINISHED',189000,2,1),(132,'2021-09-02 03:11:51','Graft repair ventric def','tussin dm','FINISHED',312000,1,1),(133,'2021-07-29 09:37:36','Other pyloroplasty','AZITHROMYCIN','FINISHED',244000,2,1),(134,'2021-07-29 20:35:46','Suture esophageal lacer','REBIF REBIDOSE','FINISHED',232000,2,1),(135,'2021-08-08 14:33:06','Oxygen consumption monit','Tindamax','FINISHED',382000,1,1),(136,'2021-10-22 20:09:49','Anorectal myomectomy','Miconazole 3 Combination Pack','FINISHED',108000,2,1),(137,'2021-08-31 18:44:26','Pteryg exc w cornea grft','wal itin d','FINISHED',398000,2,1),(138,'2021-08-23 16:00:48','Bilateral nephrectomy','Covergirl Smoothers Tinted Moisturizer','FINISHED',213000,2,1),(139,'2021-09-22 05:13:51','Cardiac retraining','Haloperidol','FINISHED',174000,1,1),(140,'2021-10-07 02:35:55','Other eyelid incision','German Cockroach','FINISHED',181000,2,1),(141,'2021-08-23 12:45:43','Opn red-sep epiphy-femur','SINE OFF','FINISHED',335000,1,1),(142,'2021-09-15 01:35:38','Lg bowel-abd wall fixat','SHISEIDO WHITE LUCENT','FINISHED',378000,2,1),(143,'2021-07-23 11:26:48','Removal spine stim lead','Losartan Potassium and Hydrochlorothiazide','FINISHED',133000,1,1),(144,'2021-07-21 03:42:37','Incision of vessel NOS','BUTALBITAL, ACETAMINOPHEN AND CAFFEINE','FINISHED',185000,2,1),(145,'2021-10-30 15:18:33','Insert perm tube esophag','SHISEIDO ADVANCED HYDRO-LIQUID COMPACT (REFILL)','FINISHED',127000,1,1),(146,'2021-11-21 20:55:22','Comprehensive eye exam','Suave Ocean Breeze','FINISHED',379000,2,1),(147,'2021-07-24 14:22:15','Iridoplasty NEC','Benazepril Hydrochloride','FINISHED',61000,1,1),(148,'2021-09-19 23:58:50','Chorioret les xenon coag','ENALAPRIL MALEATE','FINISHED',172000,2,1),(149,'2021-11-19 14:41:26','Other local destruc skin','Esika','FINISHED',276000,1,1),(150,'2021-09-12 02:30:42','Cell block/pap-eye','STUDIO FINISH CONCEALER','FINISHED',114000,1,1),(151,'2021-09-02 22:55:43','Mediastinal tracheostomy','Valproic Acid','FINISHED',392000,2,1),(152,'2021-10-23 02:14:27','Alcohol rehabilitation','GALZIN','FINISHED',168000,1,1),(153,'2021-10-21 20:47:38','Control prostate hemorr','SODIUM SULFACETAMIDE and SULFUR','FINISHED',313000,1,1),(154,'2021-09-01 23:59:24','Other heart septa ops','Nifediac CC','FINISHED',311000,1,1),(155,'2021-10-21 16:51:21','Leg vein resect/anastom','PAROEX','FINISHED',216000,2,1),(156,'2021-10-29 00:58:59','P32 & eye tracer NEC','FORTAMET','FINISHED',97000,1,1),(157,'2021-11-09 02:21:17','Excise skull lesion','Royal Hand Sanitizer','FINISHED',138000,2,1),(158,'2021-11-19 07:30:45','Aspiration of testes','Cleansing Wipe / Tube','FINISHED',350000,2,1),(159,'2021-08-12 13:24:44','Partial pancreatect NEC','Reactice','FINISHED',232000,2,1),(160,'2021-09-17 21:48:15','Internal fixation-femur','Ibuprofen IB','FINISHED',64000,1,1),(161,'2021-08-11 11:23:45','Lymph structure op NEC','Clindamycin Hydrochloride','FINISHED',273000,1,1),(162,'2021-10-22 03:26:45','Femoral division NEC','Mistletoe and Mint Antibacterial Foaming Hand Wash','FINISHED',71000,2,1),(163,'2021-09-17 15:21:02','Other pyloroplasty','Ondansetron','FINISHED',190000,1,1),(164,'2021-10-26 13:40:36','Percutan bladder aspirat','Oxcarbazepine','FINISHED',335000,1,1),(165,'2021-11-11 01:09:45','Contrast phlebogram NOS','Shopko Antibacterial Hand Sanitizer','FINISHED',356000,2,1),(166,'2021-10-24 08:46:23','Opn mul seg lg intes NEC','Captopril','FINISHED',371000,1,1),(167,'2021-11-05 19:37:47','Other bone incision NOS','Nutra Nail FUNGI FREE Antifungal Treatment','FINISHED',388000,2,1),(168,'2021-08-25 22:14:19','X-ray of gravid uterus','Treatment Set TS346877','FINISHED',78000,1,1),(169,'2021-09-08 15:03:00','Clos red-int fix humerus','Clonazepam','FINISHED',226000,1,1),(170,'2021-07-17 10:29:40','Other hydrotherapy','Micardis HCT','FINISHED',145000,2,1),(171,'2021-11-01 01:34:38','Open reduct-int fix toe','Rocky Mountain Broad Spectrum SPF 30','FINISHED',347000,2,1),(172,'2021-09-28 10:21:57','Facial rhytidectomy','Pain ReliefPatches','FINISHED',200000,2,1),(173,'2021-07-15 04:19:39','Ins or rep cement spacer','GAP favorite Lip Balm','FINISHED',259000,1,1),(174,'2021-10-27 17:03:17','Abdominal vein excision','Quintessence Q-Sunshade Leave In Hair Conditioner and Scalp Protectant SPF 30','FINISHED',295000,2,1),(175,'2021-11-10 16:52:44','Cell blk/pap NEC','COW MILK','FINISHED',296000,2,1),(176,'2021-10-28 15:29:07','Tibia/fibula inj op NOS','Carbon Dioxide','FINISHED',196000,1,1),(177,'2021-09-03 20:42:08','Intravenous pyelogram','Anti-Bacterial Hand','FINISHED',395000,1,1),(178,'2021-10-28 18:09:44','Metatar/tar sequestrec','Roxicet','FINISHED',284000,1,1),(179,'2021-08-05 10:24:03','Oth totl excision thymus','Naproxen','FINISHED',186000,1,1),(180,'2021-07-21 06:16:06','Chest cage bone div NEC','Coppertone Clearly Sheer For Beach and Pool','FINISHED',378000,1,1),(181,'2021-09-25 14:00:46','Flexible sigmoidoscopy','Treatment Set TS350906','FINISHED',229000,1,1),(182,'2021-10-03 20:41:25','Subtotl abd hyst NEC/NOS','SHISEIDO SHEER MATIFYING COMPACT (REFILL)','FINISHED',314000,2,1),(183,'2021-08-13 07:36:16','Particulate radiosurgery','Hydrocortisone anti-itch plus','FINISHED',132000,2,1),(184,'2021-09-26 20:00:29','Percutaneous pyelogram','Alprazolam','FINISHED',371000,1,1),(185,'2021-09-19 11:44:03','Ureterotomy','Trimethobenzamide Hydrochloride','FINISHED',355000,2,1),(186,'2021-08-29 02:28:50','Chorioret les laser coag','Zylast XP Antiseptic Foaming','FINISHED',263000,2,1),(187,'2021-09-13 07:13:31','Infundibulectomy','Shagbark Hickory','FINISHED',198000,1,1),(188,'2021-10-23 18:02:26','Abdominal vein incision','Fludrocortisone Acetate','FINISHED',154000,1,1),(189,'2021-10-24 05:56:11','Other pleural incision','ORPHENADRINE CITRATE','FINISHED',124000,2,1),(190,'2021-08-16 20:48:27','Lower limb artery incis','Piperacillin and Tazobactam','FINISHED',109000,1,1),(191,'2021-08-29 14:05:04','Culture-lower resp','Midazolam HCl','FINISHED',123000,1,1),(192,'2021-10-03 06:38:45','Intralum urete adhesioly','Berberis Populus','FINISHED',241000,2,1),(193,'2021-10-09 19:50:07','Suture lg bowel lacerat','OHUI White Extreme Illuminating Pact No.10','FINISHED',84000,2,1),(194,'2021-09-19 05:58:25','Tonsil&adenoid biopsy','Ferric Citrate','FINISHED',350000,2,1),(195,'2021-10-07 07:46:37','Unilat lung transplant','BAC','FINISHED',393000,2,1),(196,'2021-08-20 08:40:41','Thorac esophagocolos NEC','Ketorolac Tromethamine','FINISHED',165000,2,1),(197,'2021-07-18 12:47:48','Vertebral fx repair','Topiramate','FINISHED',296000,1,1),(198,'2021-09-19 07:27:44','Dilation of intestine','Halls','FINISHED',236000,1,1),(199,'2021-10-28 22:18:21','Diather/cryo turbinectom','Black Pepper','FINISHED',241000,1,1),(200,'2021-09-06 00:24:53','Lap remove remain ovary','Benzonatate','FINISHED',99000,1,1),(201,'2021-09-12 20:05:32','Conjunctivoplasty NEC','Valacyclovir Hydrochloride','FINISHED',72000,1,1),(202,'2021-09-15 00:08:00','Remov post segmnt FB NOS','CareOne Nitetime Cold Flu Relief','FINISHED',366000,1,1),(203,'2021-09-06 20:38:11','Breast full-thick graft','Bio Glyoxal','FINISHED',161000,1,1),(204,'2021-10-24 06:39:28','Replace wound catheter','Letairis','FINISHED',359000,1,1),(205,'2021-11-17 09:50:07','Replace nephrostomy tube','Xylocaine','FINISHED',211000,2,1),(206,'2021-10-26 00:52:38','Repl/rep oth tot hrt sys','Alprazolam','FINISHED',276000,1,1),(207,'2021-10-25 12:15:28','Loc exc bone lesion NOS','Quinapril Hydrochloride and Hydrochlorothiazide','FINISHED',349000,1,1),(208,'2021-07-26 12:27:46','Total dacryoadenectomy','Pantoprazole','FINISHED',164000,2,1),(209,'2021-10-23 08:02:48','Rem crtd sinus stm, totl','Indomethacin','FINISHED',75000,1,1),(210,'2021-08-12 23:37:17','Remov therapeut dev NEC','Naproxen Sodium','FINISHED',186000,2,1),(211,'2021-09-12 02:21:42','Tracheoesoph fistulizat','Clarithromycin','FINISHED',303000,1,1),(212,'2021-07-22 12:54:37','Thoracic duct op NEC','Rapid Repair Balm','FINISHED',207000,1,1),(213,'2021-10-17 20:13:53','Ankle structure division','LBEL HYDRATESS','FINISHED',74000,1,1),(214,'2021-08-02 06:09:54','Endosc destruc esoph les','DR. RECKEWEG R71 Ischialgin','FINISHED',53000,2,1),(215,'2021-09-14 19:30:06','Urethral sphincter emg','Antibactierial Hand Sanitizer','FINISHED',342000,2,1),(216,'2021-07-25 20:29:59','Rehabilitation NEC','Banana Boat Quik Dri Sport Body and Scalp SPF 30','FINISHED',100000,1,1),(217,'2021-08-10 19:13:38','Repair of tongue NEC','Metformin Hydrochloride','FINISHED',124000,2,1),(218,'2021-07-20 14:09:08','Opn/oth rep aortic valve','Hand Sanitizer','FINISHED',274000,1,1),(219,'2021-08-04 01:59:41','Goniosynechiae lysis','Lamotrigine','FINISHED',243000,2,1),(220,'2021-08-01 19:01:59','Trnsplnt live nonrel don','Nighttime Cold Flu Relief','FINISHED',345000,1,1),(221,'2021-10-21 18:58:51','Oth endo proc oth vessel','Lisinopril','FINISHED',245000,1,1),(222,'2021-09-18 09:28:20','Arterial pressure monit','Pure Petroleum','FINISHED',139000,1,1),(223,'2021-11-02 10:54:51','Cut & prep pedicle graft','Metformin Hydrochloride','FINISHED',262000,1,1),(224,'2021-08-20 22:02:54','Tongue dx procedure NEC','SunDrops 75','FINISHED',140000,1,1),(225,'2021-10-27 21:56:03','Pancreat sphincteroplas','Pleo Zinc','FINISHED',215000,2,1),(226,'2021-10-24 17:59:10','Angio oth non-coronary','CD DiorSkin Forever Flawless Perfection Fusion Wear Makeup SPF 25 - 040','FINISHED',256000,2,1),(227,'2021-08-15 11:41:55','Other nervous system ops','Tahitian Noni','FINISHED',234000,2,1),(228,'2021-08-09 06:11:16','Inject ca chemother NEC','VALTREX','FINISHED',352000,2,1),(229,'2021-10-05 20:33:23','Inser temp pacemaker sys','Number Ten Mold Mixture','FINISHED',305000,1,1),(230,'2021-08-18 22:06:20','Clos mediastinal biopsy','fentanyl citrate','FINISHED',72000,2,1),(231,'2021-07-25 22:37:54','Endovas repl aortc valve','Lip Balm','FINISHED',94000,1,1),(232,'2021-10-23 16:41:05','Breast tissu destruc NOS','Dipyridamole','FINISHED',208000,1,1),(233,'2021-07-23 08:14:58','Atria septa def rep NEC','PEGINTRON','FINISHED',356000,1,1),(234,'2021-09-22 10:20:13','Bilateral vulvectomy','Rivastigmine Tartrate','FINISHED',53000,2,1),(235,'2021-08-17 13:02:56','Parasitology-upper urin','CardinalHealth antibacterial bathing wipes','FINISHED',202000,2,1),(236,'2021-07-18 03:41:07','Postop vas reconstruct','Cephalexin','FINISHED',98000,2,1),(237,'2021-10-24 03:17:31','Abd-coron artery bypass','Spironolactone','FINISHED',187000,2,1),(238,'2021-11-09 21:26:18','Tu destruc bladd les NEC','Amantadine Hydrochloride','FINISHED',238000,1,1),(239,'2021-11-10 07:34:58','Therapeut distent bladd','Risperidone','FINISHED',231000,1,1),(240,'2021-08-22 11:07:06','Epididymovasostomy','Sunscreen Broad Spectrum SPF 50','FINISHED',391000,1,1),(241,'2021-08-03 05:44:33','Cell blk/pap-peritoneum','RITE AID RENEWAL','FINISHED',159000,2,1),(242,'2021-09-12 10:44:04','Entral infus nutrit sub','Atripla','FINISHED',274000,1,1),(243,'2021-11-07 07:33:07','Local gastr destruct NEC','Imari Seduction','FINISHED',142000,1,1),(244,'2021-08-22 20:28:30','Partial humerectomy NEC','GENOTROPIN','FINISHED',189000,2,1),(245,'2021-08-12 18:21:06','Aortcor bypas-4+ cor art','citroma','FINISHED',118000,1,1),(246,'2021-08-05 17:18:39','Oth periton adhesiolysis','Fentanyl Citrate','FINISHED',326000,1,1),(247,'2021-11-04 10:17:14','Oth part excision thymus','Amoxicillin Extended-Release','FINISHED',174000,2,1),(248,'2021-11-14 06:05:45','Peritoneal incision','ANS/CNS','FINISHED',194000,1,1),(249,'2021-11-09 09:31:01','Breast injection','Mirtazapine','FINISHED',398000,2,1),(250,'2021-08-06 16:44:32','Peritoneal dialysis','allergy relief','FINISHED',307000,1,1),(251,'2021-10-02 05:55:10','Joint structure op NEC','Flecainide Acetate','FINISHED',290000,1,1),(252,'2021-07-30 06:54:52','C & s-op wound','Infants Silapap','FINISHED',130000,1,1),(253,'2021-11-20 10:12:06','Toxicology-lower GI','Hand Sanitizer','FINISHED',82000,2,1),(254,'2021-10-02 12:42:44','Refus lmb/lmbsac pst/pst','Furosemide','FINISHED',318000,1,1),(255,'2021-07-26 01:25:56','Magnet removal cornea FB','BIOCENCE','FINISHED',245000,2,1),(256,'2021-08-29 02:10:11','Unilat fallop tube destr','APAP','FINISHED',220000,2,1),(257,'2021-10-05 06:18:21','Limb lengthn-metatar/tar','Plexion','FINISHED',314000,1,1),(258,'2021-10-28 11:36:44','Open reduction-femur fx','Flawless Finish Dual Perfection Makeup SPF 8 Mocha','FINISHED',159000,2,1),(259,'2021-11-11 10:50:59','Cl reduct mandible fx','MARK. BLEMISH BANISHER','FINISHED',157000,2,1),(260,'2021-10-24 23:28:54','Intra-abdomin shunt NEC','Amoxicillin','FINISHED',258000,2,1),(261,'2021-11-01 13:58:09','Imp cardiomyostimul sys','Clindamycin Hydrochloride','FINISHED',65000,2,1),(262,'2021-09-24 03:55:45','Contrast myelogram','Allergy Relief','FINISHED',205000,1,1),(263,'2021-11-09 18:23:57','Appl ext fix-radius/ulna','Skin Eruptions','FINISHED',77000,2,1),(264,'2021-07-24 19:40:14','Myotomy','Bisoprolol Fumarate','FINISHED',71000,1,1),(265,'2021-08-08 03:52:11','Percutan liver aspirat','Lidocaine','FINISHED',76000,1,1),(266,'2021-10-13 21:24:42','Dilat enterostomy stoma','Food - Plant Source, Rice, Whole Grain','FINISHED',118000,2,1),(267,'2021-08-02 12:13:28','Implant mechanic kidney','Dexrazoxane Hydrochloride','FINISHED',310000,1,1),(268,'2021-08-08 14:38:59','Local renal perfusion','topcare nite time cold and flu relief','FINISHED',96000,1,1),(269,'2021-07-18 20:39:28','Cervical fistula repair','Heparin Sodium','FINISHED',204000,1,1),(270,'2021-08-21 08:08:46','App ext fix dev-ring sys','Naturasil','FINISHED',329000,2,1),(271,'2021-09-18 04:13:03','Limited consultation','Gabapentin','FINISHED',281000,1,1),(272,'2021-11-06 05:53:44','Closed fx reduct humerus','Human Albumin Grifols','FINISHED',371000,1,1),(273,'2021-09-23 01:24:34','Incise/remov conjunct FB','sotalol hydrochloride','FINISHED',259000,1,1),(274,'2021-10-01 15:46:24','Tracheoscopy thru stoma','UP AND UP','FINISHED',133000,1,1),(275,'2021-09-29 22:24:35','Bone division NEC','AMANTADINE HYDROCHLORIDE','FINISHED',190000,1,1),(276,'2021-09-05 13:49:37','Rem of cor art obstr NEC','Diazepam','FINISHED',148000,1,1),(277,'2021-11-20 17:32:56','Replace gast/esoph tube','Fibrocane Relief','FINISHED',121000,1,1),(278,'2021-10-13 22:13:40','Pelvic evisceration','acid control','FINISHED',114000,1,1),(279,'2021-08-21 11:55:57','Limb length-radius/ulna','Spironolactone and Hydrochlorothiazide','FINISHED',154000,2,1),(280,'2021-11-07 12:09:59','Conjun cul-de-sac rx NEC','metoprolol succinate','FINISHED',381000,1,1),(281,'2021-07-23 11:49:55','Abd region dx proc NEC','Nasal Decongestant','FINISHED',340000,1,1),(282,'2021-08-06 00:34:47','Excision of hydrocele','Temozolomide','FINISHED',156000,1,1),(283,'2021-10-24 07:50:55','Incis rectal stricture','Cheongin Haejanghwan','FINISHED',62000,2,1),(284,'2021-11-15 15:48:18','Suture hand tendon NEC','Ropinirole Hydrochloride','FINISHED',144000,1,1),(285,'2021-08-06 14:08:30','Exc correct bunionette','EQUUS CABALLUS SKIN','FINISHED',132000,1,1),(286,'2021-11-15 16:57:57','Bursectomy','Dermatin','FINISHED',179000,1,1),(287,'2021-10-06 21:42:32','Abd contr phlebogram NEC','Metoprolol succinate','FINISHED',99000,2,1),(288,'2021-07-21 18:29:26','Oth lap loc exc dest ova','Isopropyl Rubbing Alcohol With Wintergreen','FINISHED',258000,2,1),(289,'2021-11-04 19:59:34','Mri of brain & brainstem','Glonoinum Kit Refill','FINISHED',242000,2,1),(290,'2021-08-25 13:39:35','Excision of mouth NEC','Polyethylene Glycol 3350','FINISHED',388000,1,1),(291,'2021-07-31 13:58:11','Clos cereb meninges bx','Nortriptyline Hydrochloride','FINISHED',111000,2,1),(292,'2021-09-15 22:52:36','Therapeu plasmapheresis','Stomach Cramps','FINISHED',396000,2,1),(293,'2021-09-07 19:45:57','Suture of tracheal lacer','Ibuprofen','FINISHED',191000,1,1),(294,'2021-08-22 13:17:30','Incis salivary glnd/duct','Lovastatin','FINISHED',70000,1,1),(295,'2021-10-20 12:53:40','Meninge vessel ligation','CELERY','FINISHED',79000,1,1),(296,'2021-10-01 11:57:58','Fallop tube dx proc NEC','Timothy, Standardized','FINISHED',136000,2,1),(297,'2021-10-18 18:48:12','Loc exc les radius/ulna','Neostigmine Methylsulfate','FINISHED',394000,1,1),(298,'2021-10-14 20:12:10','Free skin graft NOS','GUNA-REFLUX','FINISHED',107000,1,1),(299,'2021-09-19 08:28:45','Teleradio using photons','Aricept','FINISHED',358000,1,1),(300,'2021-11-15 08:33:47','Destruct conjunc les NEC','CYZONE','FINISHED',367000,1,1),(301,'2021-08-12 22:56:47','Suture hand muscle/fasc','LOreal Paris True Match Lumi Healthy Luminous Makeup Broad Spectrum SPF 20','FINISHED',359000,1,1),(302,'2021-08-21 13:54:07','Petrus pyram air cel inc','Adrenalin','FINISHED',293000,2,1),(303,'2021-09-10 11:08:49','Referral psych aftercare','SHISEIDO ADVANCED HYDRO-LIQUID COMPACT (REFILL)','FINISHED',338000,2,1),(304,'2021-09-29 07:57:44','Stapedectomy revis NEC','Baclofen','FINISHED',61000,1,1),(305,'2021-08-12 04:01:04','Diathermy','Dexchlorpheniramine Maleate','FINISHED',294000,2,1),(306,'2021-11-10 19:36:09','Intestinal op NEC','MED NAP','FINISHED',184000,2,1),(307,'2021-09-30 15:46:06','Reopen recent lap site','LEVOXYL','FINISHED',339000,1,1),(308,'2021-09-05 05:42:44','Aorta-renal bypass','Benzoin Compound Tincture Professional Pack','FINISHED',392000,1,1),(309,'2021-11-20 09:48:16','Orbit exent w bone remov','BabyB BabySaver','FINISHED',193000,1,1),(310,'2021-10-05 15:41:17','Cl reduc disloc-knee','Levofloxacin','FINISHED',90000,2,1),(311,'2021-07-20 01:10:35','Other destruc anus les','welby health ibuprofen','FINISHED',174000,1,1),(312,'2021-07-28 13:47:26','Cde for calculus remov','allergy','FINISHED',197000,1,1),(313,'2021-08-30 20:54:58','Hand soft tissue exc NEC','APIUM GRAVEOLENS','FINISHED',62000,1,1),(314,'2021-07-23 14:33:25','Cystocele repair','Unithroid','FINISHED',375000,2,1),(315,'2021-10-19 23:09:39','Shoulder synovectomy','Insect Bites','FINISHED',232000,2,1),(316,'2021-10-07 18:49:56','Total exc pituitary NOS','PROPOXYPHENE NAPSYLATE AND ACETAMINOPHEN','FINISHED',337000,1,1),(317,'2021-10-13 02:16:04','Audiometry','Depo-Testosterone','FINISHED',238000,2,1),(318,'2021-10-27 17:10:14','Mri of brain & brainstem','EGF UV SHIELD','FINISHED',131000,2,1),(319,'2021-10-24 01:26:21','Rev knee repl-femur comp','Shopko Antibacterial Deep Cleansing Hand','FINISHED',240000,1,1),(320,'2021-11-06 10:12:50','Ptosis rep-levat mus adv','SULFACETAMIDE SODIUM','FINISHED',57000,2,1),(321,'2021-08-23 14:40:17','Destr sm bowel les NEC','Estazolam','FINISHED',216000,2,1),(322,'2021-11-18 06:34:32','Lip biopsy','TOLNAFTATE ANTIFUNGAL','FINISHED',157000,1,1),(323,'2021-10-27 03:39:47','Bone graft-tibia/fibula','migraine formula','FINISHED',87000,2,1),(324,'2021-09-22 14:44:56','Insert gastric bubble','Hydralazine Hydrochloride','FINISHED',267000,1,1),(325,'2021-11-13 08:04:30','Translum cor atherectomy','Carbatrol','FINISHED',324000,1,1),(326,'2021-11-14 11:10:53','Oth tu destr pros - rt','Chloroquine','FINISHED',66000,1,1),(327,'2021-08-28 18:18:47','Mri musculoskeletal','Good Sense Triple Antibiotic','FINISHED',361000,1,1),(328,'2021-10-17 17:43:33','Endosc inser nasopan tub','Instant Hand Sanitizer Fresh Aloe','FINISHED',156000,1,1),(329,'2021-09-05 19:22:35','Oth metac/carp rep/plast','TYLENOL COLD','FINISHED',348000,1,1),(330,'2021-07-18 02:33:39','Diathermy','Diphenhydramine Hydrochloride','FINISHED',168000,1,1),(331,'2021-08-10 08:34:20','Nasal operation NEC','Tacrolimus','FINISHED',99000,1,1),(332,'2021-11-22 08:09:44','Comb alco/drug reha/deto','imipramine hydrochloride','FINISHED',291000,2,1),(333,'2021-10-06 15:20:38','Tonsillectomy/adenoidec','Zonisamide','FINISHED',56000,2,1),(334,'2021-10-14 02:55:09','Repair of prostate','ZOCOR','FINISHED',60000,1,1),(335,'2021-09-14 11:43:21','Joint movement training','Se-Natal 19 Chewable','FINISHED',82000,1,1),(336,'2021-11-18 17:31:24','Temporomand arthroplasty','Rabbitbush','FINISHED',179000,1,1),(337,'2021-11-13 00:28:51','Control anal hemorrhage','HUMCO Isopropyl Rubbing Alcohol 70%','FINISHED',251000,2,1),(338,'2021-10-24 16:56:47','Urethral meatoplasty','Sinus Relief','FINISHED',316000,2,1),(339,'2021-11-09 17:55:18','Excise middle ear lesion','PERCOCET','FINISHED',77000,1,1),(340,'2021-08-19 06:11:31','Lysis of tongue adhesion','leader ibuprofen','FINISHED',91000,2,1),(341,'2021-07-24 16:53:30','Exc spermatic varicocele','Fycompa','FINISHED',171000,1,1),(342,'2021-09-03 22:27:33','Urethral dilation','Ramipril','FINISHED',185000,1,1),(343,'2021-08-05 17:12:45','Diagnostic amniocentesis','Olanzapine','FINISHED',361000,2,1),(344,'2021-08-04 05:07:14','Ureteral meatus dilation','KLEENEX E2 Foam Skin Cleanser','FINISHED',146000,1,1),(345,'2021-10-10 22:21:54','Radial keratotomy','Sunmark athletes foot powder','FINISHED',299000,2,1),(346,'2021-10-20 00:24:50','Rep scler staphyloma NEC','Bodyglide anti chafe balm','FINISHED',308000,1,1),(347,'2021-08-03 05:36:30','Enuc socket revis NEC','Nicotine','FINISHED',242000,2,1),(348,'2021-11-12 18:25:10','Int inser lead in atrium','Benazepril Hydrochloride','FINISHED',235000,2,1),(349,'2021-07-22 13:57:29','Tracheoesoph fistulizat','HairQ-Plus','FINISHED',400000,1,1),(350,'2021-10-10 00:26:38','Implnt/fit pros limb NOS','Quetiapine Fumarate','FINISHED',191000,2,1),(351,'2021-10-29 15:17:52','Up limb sft tis xray NEC','Avon Sun Sport','FINISHED',56000,2,1),(352,'2021-10-12 12:07:45','Lap lys periren/uret adh','Felodipine','FINISHED',361000,1,1),(353,'2021-08-27 06:22:00','Other brain dx procedure','Mattress Dust','FINISHED',182000,2,1),(354,'2021-11-20 20:15:41','Lengthen 1 extraoc musc','Sunmark z-sleep','FINISHED',129000,1,1),(355,'2021-10-26 02:06:10','Kidney transplant NEC','healthy accents multi symptom cold','FINISHED',399000,2,1),(356,'2021-07-23 00:48:28','Hymenectomy','Extra Strength Non-Aspirin PM','FINISHED',156000,1,1),(357,'2021-09-24 07:38:52','Repl pacem w 1-cham, non','Headache Relief','FINISHED',234000,2,1),(358,'2021-11-15 01:08:01','Other cast application','leader mucus relief','FINISHED',302000,1,1),(359,'2021-09-16 09:37:57','Manual reduction hernia','DOUBLE PERFECTION LUMIERE','FINISHED',56000,2,1),(360,'2021-11-17 15:19:18','Vaginal packing','Lisinopril and hydrochlorothiazide','FINISHED',379000,1,1),(361,'2021-08-06 05:29:26','Part ostect-radius/ulna','Lisinopril with Hydrochlorothiazide','FINISHED',274000,1,1),(362,'2021-07-25 15:13:26','Intestinal anastom NOS','Caduet','FINISHED',183000,2,1),(363,'2021-10-23 17:27:34','Wrist joint biopsy','Azithromycin','FINISHED',396000,2,1),(364,'2021-08-07 10:19:00','Neurectasis','Propofol','FINISHED',326000,1,1),(365,'2021-08-04 08:26:00','Rep anulus fibrosus-grft','Bald Cypress','FINISHED',393000,2,1),(366,'2021-09-30 14:15:16','Remov tube & ectop preg','Dollar General Gold','FINISHED',237000,1,1),(367,'2021-10-15 08:48:04','PlEuroperitoneal shunt','Carbon Dioxide','FINISHED',307000,1,1),(368,'2021-09-28 03:07:36','Spermatic cord incision','Bupropion','FINISHED',73000,1,1),(369,'2021-11-03 04:16:30','Sinusotomy NOS','Fresh Protect Skin Sanitizer','FINISHED',95000,1,1),(370,'2021-10-01 15:57:26','Rev knee repl-tibia comp','Clonazepam','FINISHED',208000,1,1),(371,'2021-11-08 18:39:37','Dx ultrasound-grav uter','Allergy Relief Now Inhaled Allergy Remedy','FINISHED',354000,1,1),(372,'2021-09-17 16:50:49','Lap umbil hernia-graft','CLE DE PEAU BEAUTE CR COMPACT FOUNDATION','FINISHED',393000,2,1),(373,'2021-09-24 07:59:20','Other tracheal repair','Diltiazem Hydrochloride','FINISHED',153000,1,1),(374,'2021-09-14 14:30:47','Excise tib/fib for graft','Lansoprazole','FINISHED',237000,2,1),(375,'2021-10-03 05:07:00','Other local destruc skin','Nortriptyline Hydrochloride','FINISHED',326000,2,1),(376,'2021-07-18 23:43:39','Adrenal lesion excision','Diclofenac Sodium','FINISHED',168000,1,1),(377,'2021-07-31 08:19:52','Thermocaut/entropion rep','Perform','FINISHED',162000,1,1),(378,'2021-09-25 00:17:44','Interat ven retrn transp','Rocky Mountain Sunscreen','FINISHED',259000,2,1),(379,'2021-10-27 20:10:30','Quadrant resect breast','Green Tetterine','FINISHED',55000,2,1),(380,'2021-11-22 03:11:35','Create cutanperiton fist','Lysol','FINISHED',153000,2,1),(381,'2021-09-12 17:14:28','Trnsapcl rep aortc valve','Ferrum 5','FINISHED',199000,2,1),(382,'2021-08-10 16:54:39','Destruct facial bone les','PERIPLANETA AMERICANA','FINISHED',133000,2,1),(383,'2021-08-09 21:26:18','Subtalar fusion','BB Tinted Treatment 12-hour Primer Broad Spectrum SPF 30 Sunscreen','FINISHED',371000,1,1),(384,'2021-07-20 22:28:07','Debrid opn fx-tibia/fib','Headache Relief To Go','FINISHED',354000,1,1),(385,'2021-07-23 23:51:37','Extraoc musc dx proc NEC','HZ HP','FINISHED',255000,1,1),(386,'2021-09-02 01:50:08','Orthodon applianc applic','lice','FINISHED',163000,1,1),(387,'2021-09-23 20:14:08','Thalamus operations','Diphenhydramine','FINISHED',351000,2,1),(388,'2021-10-06 21:49:41','Gb-to-hepat duct anast','zaleplon','FINISHED',164000,1,1),(389,'2021-08-03 05:12:26','Vaginal douche','Sertraline Hydrochloride','FINISHED',67000,2,1),(390,'2021-11-01 18:50:49','Omt with isoton,isometri','Gap Favorite Lip Balm','FINISHED',148000,2,1),(391,'2021-10-16 20:58:39','Nasal dx proc NEC','Cefazolin','FINISHED',135000,2,1),(392,'2021-08-11 01:52:04','Other destruc anus les','BEEPROPOLIS','FINISHED',185000,2,1),(393,'2021-10-17 03:34:17','Ext version-assist deliv','Male Strengthener','FINISHED',116000,2,1),(394,'2021-11-10 03:04:11','Tonsil/adenoid ops NEC','Gabapentin','FINISHED',329000,2,1),(395,'2021-11-08 19:35:38','Toxicology-musculoskel','NABUMETONE','FINISHED',193000,2,1),(396,'2021-09-02 02:30:38','Comb heart/lung transpla','Rizatriptan Benzoate','FINISHED',278000,2,1),(397,'2021-10-18 06:04:39','Dental wiring','Diluent for Allergenic Extract - Sterile Normal Saline with Phenol','FINISHED',62000,2,1),(398,'2021-09-26 11:43:55','Reattach amputated ear','Arnica-Heel','FINISHED',126000,1,1),(399,'2021-07-16 23:00:46','Open bladder biopsy','Allerstat','FINISHED',396000,1,1),(400,'2021-11-15 20:49:12','Ventricl shunt-thorax','Bupropion Hydrochloride','FINISHED',147000,2,1),(401,'2021-07-22 16:07:32','Intrcran vent shunt/anas','Everyday Clean Dandruff','FINISHED',201000,2,1),(402,'2021-09-18 02:06:21','Thorac lg bowel interpos','Erythrocin Lactobionate','FINISHED',165000,1,1),(403,'2021-08-31 04:08:12','Cath base invasv ep test','Hydrocodone Bitartrate and Acetaminophen','FINISHED',169000,1,1),(404,'2021-10-14 17:39:32','Nasal fistula closure','7 DAY VAGINAL','FINISHED',302000,1,1),(405,'2021-11-10 11:41:18','Trnsapcl repl pulm valve','Dr. Freds MIRACLE RUB','FINISHED',253000,1,1),(406,'2021-09-29 21:12:45','Pros rep endocar cushion','Risperidone','FINISHED',311000,2,1),(407,'2021-10-14 19:36:29','Perc angio extracran ves','Adenosine','FINISHED',392000,2,1),(408,'2021-08-13 13:33:57','Transjugular liver bx','Sperian Eyesaline Eyewash','FINISHED',275000,2,1),(409,'2021-07-29 04:43:06','Repair of macrodactyly','CANDIDA ALBICANS','FINISHED',151000,2,1),(410,'2021-10-14 09:26:21','Op red-int fix metat/tar','Vanilla sugar anti-bacterial SCENTED HAND SANITIZER','FINISHED',231000,2,1),(411,'2021-09-19 18:37:41','Blepharorrhaphy severing','DOCUSATE SODIUM','FINISHED',302000,1,1),(412,'2021-09-01 20:07:35','Injec air-periton cavity','Nurigene Nourishing Daytime','FINISHED',66000,1,1),(413,'2021-09-15 23:34:28','Thorac contr phlebog NEC','FEXOFENADINE HYDROCHLORIDE','FINISHED',74000,1,1),(414,'2021-11-21 10:34:45','Closed red-int fix femur','Headache Relief To Go','FINISHED',124000,2,1),(415,'2021-07-19 03:53:49','Replac ves-to-ves cannul','eye itch relief','FINISHED',347000,2,1),(416,'2021-11-21 22:13:37','Close red-int fix finger','Head and Shoulders','FINISHED',261000,1,1),(417,'2021-10-14 12:03:37','Excision tunica les NEC','Bupropion Hydrochloride','FINISHED',215000,2,1),(418,'2021-08-20 09:46:44','Mech remov cornea epith','Mixture of Eight Standardized Grasses','FINISHED',243000,1,1),(419,'2021-09-23 21:23:21','Pteryg exc w cornea grft','Levothyroxine Sodium','FINISHED',169000,1,1),(420,'2021-11-22 05:34:06','Inject insulin','OLUX-E','FINISHED',65000,1,1),(421,'2021-11-13 07:22:13','Local lg bowel perfusion','Altace','FINISHED',119000,2,1),(422,'2021-11-18 16:15:29','Cervical cyst marsupial','UltrasolSunscreen','FINISHED',352000,2,1),(423,'2021-07-25 17:51:10','Disarticulation of elbow','Seretin','FINISHED',300000,2,1),(424,'2021-09-22 01:42:22','Extracran-intracr bypass','Chelidonium Homaccord','FINISHED',395000,1,1),(425,'2021-07-16 09:38:35','Revis extraoc musc surg','CANCIDAS','FINISHED',322000,2,1),(426,'2021-08-30 11:56:48','C & s-endocrine','Propranolol Hydrochloride','FINISHED',376000,1,1),(427,'2021-09-15 19:38:33','Lap abltn renal les/tiss','AMOREPACIFIC','FINISHED',164000,1,1),(428,'2021-11-16 06:58:39','Myelomeningocel repair','Cough Relief','FINISHED',344000,1,1),(429,'2021-10-21 06:16:57','Ovarian denervation','Paricalcitol','FINISHED',125000,2,1),(430,'2021-10-07 06:16:26','Periren/vesicle op NEC','CLINIQUE','FINISHED',244000,1,1),(431,'2021-09-30 11:45:44','Internal fixation-femur','MUSCLE SPASMS','FINISHED',94000,2,1),(432,'2021-09-08 08:59:27','Evac ob hemat vulva/vag','Venlafaxine Hydrochloride','FINISHED',393000,1,1),(433,'2021-09-04 04:32:11','Treadmill stress test','Valsartan and Hydrochlorothiazide','FINISHED',228000,2,1),(434,'2021-08-07 21:22:51','Destruct facial bone les','Bupropion Hydrochloride','FINISHED',264000,2,1),(435,'2021-08-07 07:18:43','Functional pt evaluation','Cimetidine','FINISHED',235000,1,1),(436,'2021-08-26 04:35:51','Denture fitting','Allegra Allergy','FINISHED',331000,2,1),(437,'2021-10-06 12:05:39','Rotator cuff repair','Vanilla Sugar Antibacterial Hand','FINISHED',201000,2,1),(438,'2021-10-08 19:04:58','Other fusion of foot','Atenolol','FINISHED',313000,2,1),(439,'2021-08-11 21:47:18','Medical induction labor','Pyrocaine Burn','FINISHED',211000,1,1),(440,'2021-07-25 11:29:47','Temp-inf intrcap lens ex','Carbon Dioxide Oxygen Mix','FINISHED',67000,1,1),(441,'2021-10-16 06:27:43','Closed fx reduct humerus','Thuja','FINISHED',356000,1,1),(442,'2021-07-16 02:33:18','C & s-integument','PredniSONE','FINISHED',124000,2,1),(443,'2021-11-16 01:20:19','Remov epithel downgrowth','DIGOX','FINISHED',204000,1,1),(444,'2021-11-15 14:22:37','C & s-upper urinary','SensiGel','FINISHED',249000,2,1),(445,'2021-11-12 02:29:45','Renal autotransplant','Topiramate','FINISHED',230000,2,1),(446,'2021-09-08 01:49:15','Catarac phacoemuls/aspir','ECOSAVE JAPANESE CHERRY BLOSSOM SOAP ANTIBACTERIAL HAND SOAP','FINISHED',356000,2,1),(447,'2021-08-11 21:06:47','Metatarsal/tarsal biopsy','equate Fiber Therapy Smooth Texture Orange Flavor','FINISHED',337000,2,1),(448,'2021-11-10 08:05:17','Revise disc prost thora','up and up antacid anti gas','FINISHED',218000,2,1),(449,'2021-10-30 23:52:28','Remove impl dev-humerus','WINRHO','FINISHED',378000,2,1),(450,'2021-11-14 04:07:55','Tularemia vaccination','First Aid Burn','FINISHED',136000,2,1),(451,'2021-10-09 02:56:59','Cranial osteoplasty NEC','up and up antacid anti gas',NULL,198000,2,1),(452,'2021-11-13 18:30:40','Open gastric biopsy','ONION','PACKAGING',179000,1,1),(453,'2021-10-23 05:48:38','Unilat rad neck dissect','Desert Bambu','PACKAGING',255000,2,1),(454,'2021-08-02 20:45:12','Thorac interposition NEC','Purgo Ultra','PACKAGING',336000,1,1),(455,'2021-10-28 19:55:30','Abdominal lymphangiogram','Borba Age Defying','PACKAGING',161000,1,1),(456,'2021-09-25 18:48:03','Remov intralum uter FB','Cytomegalovirus Remedy','PACKAGING',102000,2,1),(457,'2021-10-26 03:11:03','Pancreatotomy NEC','Fluphenazine Hydrochloride','PACKAGING',329000,2,1),(458,'2021-09-15 18:50:20','Preauricular sinus excis','DG Health Ibuprofen','PACKAGING',235000,2,1),(459,'2021-08-26 09:17:02','Solitary kidney nephrect','Childrens Ibuprofen','PACKAGING',138000,2,1),(460,'2021-10-30 22:36:45','Decompression chamber','Amitriptyline Hydrochloride','PACKAGING',286000,1,1),(461,'2021-11-08 18:25:07','Interview & evaluat NOS','Haloperidol','PACKAGING',266000,2,1),(462,'2021-09-20 16:15:00','Oth bone repa/plast NEC','SCRUBS Solar Guard Sunscreen Wipe','PACKAGING',73000,1,1),(463,'2021-08-10 09:49:32','Imp/rep crtd sinus gnrtr','R2','PACKAGING',217000,1,1),(464,'2021-10-11 19:12:28','Esophagoscopy NEC','Broad Spectrum SPF 50 Baby Sunscreen','PACKAGING',113000,2,1),(465,'2021-10-08 10:01:55','Repair of thymus','Ampicillin','PACKAGING',218000,2,1),(466,'2021-09-17 19:40:41','Micro exam NEC','Refresh Optive','PACKAGING',348000,1,1),(467,'2021-09-24 21:02:28','Int/comb version no extr','Sweet Gum','PACKAGING',336000,1,1),(468,'2021-09-12 03:36:12','Suture urethral lacerat','Testosterone Cypionate','PACKAGING',234000,1,1),(469,'2021-07-23 14:59:57','Toxicology-integument','Atropine Sulfate','PACKAGING',112000,2,1),(470,'2021-07-27 22:29:28','Revis exenter cavity NEC','Topotecan Hydrochloride','PACKAGING',159000,1,1),(471,'2021-08-25 03:12:12','Reopen thoracotomy site','Alendronate Sodium','PACKAGING',59000,2,1),(472,'2021-08-03 21:23:51','Other neuroplasty','FLUOXETINE','PACKAGING',121000,2,1),(473,'2021-08-11 01:25:43','TRAM flap, pedicled','BOTANICS FACE RENEWAL SUNSCREEN SPF 15','PACKAGING',378000,1,1),(474,'2021-09-01 20:05:49','Injection into prostate','Xpect Buffered Eyewash Sterile Isotonic','PACKAGING',75000,1,1),(475,'2021-11-19 16:18:32','Remov ren dialysis shunt','Nectarine','PACKAGING',245000,1,1),(476,'2021-10-07 11:12:35','Cystoscopy NEC','infants pain and fever','PACKAGING',246000,2,1),(477,'2021-10-06 23:01:41','Lap robotic assist proc','Doxazosin','PACKAGING',95000,2,1),(478,'2021-08-28 21:14:39','Remov thorax sutures','Topiramate','PACKAGING',388000,1,1),(479,'2021-10-21 17:37:37','Arbovirus enceph vaccin','ISOPROPYL WINTER GREEN RUBBING ALCOHOL','PACKAGING',202000,1,1),(480,'2021-08-12 18:57:41','Anal anastomosis','Morphine sulfate','PACKAGING',150000,2,1),(481,'2021-08-02 06:48:08','Anal sphinct repair NEC','ANTIMONIUM TARTARICUM','PACKAGING',92000,2,1),(482,'2021-09-04 21:49:40','Excis tonsil/adenoid les','Trihexyphenidyl Hydrochloride','PACKAGING',312000,1,1),(483,'2021-08-21 22:29:59','Other suprapu cystostomy','Aspirin','PACKAGING',180000,2,1),(484,'2021-09-27 16:00:00','Repair staphylom w graft','Albuminuriaforce','PACKAGING',266000,2,1),(485,'2021-07-17 12:08:42','Hrt revas byps anas NEC','Assured','PACKAGING',390000,2,1),(486,'2021-08-27 11:21:19','Excision of knee NEC','Siltussin SA','PACKAGING',50000,1,1),(487,'2021-11-08 19:42:10','Endarterectomy of aorta','Cefuroxime Axetil','PACKAGING',85000,2,1),(488,'2021-11-13 00:45:26','Abdominal vein incision','CareOne Hemorrhoidal','PACKAGING',222000,1,1),(489,'2021-09-02 08:49:00','Inject implant urethra','PONDS','PACKAGING',105000,2,1),(490,'2021-09-03 01:28:53','Implant mechanic kidney','Amlodipine Besylate','PACKAGING',163000,2,1),(491,'2021-08-04 19:17:36','Revise disc prost cerv','Thioridazine Hydrochloride','PACKAGING',96000,2,1),(492,'2021-08-17 12:08:51','Scrotal les destruction','Childrens Allergy','PACKAGING',292000,2,1),(493,'2021-08-05 14:07:00','Yellow fever vaccination','Esomeprazole Sodium','PACKAGING',72000,1,1),(494,'2021-09-05 21:58:38','Resect ext seg sm bowel','HYDROCODONE BITARTRATE AND ACETAMINOPHEN','PACKAGING',134000,1,1),(495,'2021-09-27 10:48:14','Re-entry operation','Washington/Oregon Coastal Weed Mixture','PACKAGING',55000,1,1),(496,'2021-10-26 10:16:14','Stapedectomy NEC','Folet DHA','PACKAGING',175000,2,1),(497,'2021-09-27 21:19:12','Skull transilluminat','Methocarbamol','PACKAGING',310000,2,1),(498,'2021-10-14 08:22:01','Excis deep cervical node','Good Sense Nasal','PACKAGING',271000,1,1),(499,'2021-10-29 15:33:04','Abd region dx proc NEC','Homeopathic Motion Sickness','PACKAGING',376000,1,1),(500,'2021-11-15 15:40:40','Ureterotomy','Methyldopa','PACKAGING',316000,2,1);
/*!40000 ALTER TABLE `other_cost` ENABLE KEYS */;
UNLOCK TABLES;

--
-- Table structure for table `picture`
--

DROP TABLE IF EXISTS `picture`;
/*!40101 SET @saved_cs_client     = @@character_set_client */;
/*!50503 SET character_set_client = utf8mb4 */;
CREATE TABLE `picture` (
  `picture_id` bigint NOT NULL AUTO_INCREMENT,
  `picture_link` varchar(200) DEFAULT NULL,
  PRIMARY KEY (`picture_id`)
) ENGINE=InnoDB AUTO_INCREMENT=416 DEFAULT CHARSET=utf8mb4 COLLATE=utf8mb4_0900_ai_ci;
/*!40101 SET character_set_client = @saved_cs_client */;

--
-- Dumping data for table `picture`
--

LOCK TABLES `picture` WRITE;
/*!40000 ALTER TABLE `picture` DISABLE KEYS */;
INSERT INTO `picture` VALUES (1,'https://upload.wikimedia.org/wikipedia/commons/f/fe/Viettel_logo_2021.svg'),(2,'https://cdn.tgdd.vn/Files/2015/04/21/634843/cach-dang-ki-cuoc-goi-va-nhan-tin-mien-phi-vinaphone-2.jpg'),(3,'https://i2.wp.com/marketingai.admicro.vn/wp-content/uploads/2018/11/bo-nhan-dien-thuong-hieu-mobifone-min.png?resize=766%2C216&ssl=1'),(4,'https://vnptvinaphone.net.vn/wp-content/uploads/2021/01/logo-vnpt-h%C3%A0-n%E1%BB%8Di.png'),(5,'https://upload.wikimedia.org/wikipedia/vi/thumb/a/a8/Vietnamobile_Logo.svg/1200px-Vietnamobile_Logo.svg.png'),(6,'https://upload.wikimedia.org/wikipedia/vi/7/7a/BeeLine_logo.png'),(7,'https://www.fpt.com.vn/Content/home/images/icon/ic-logo.png'),(8,'https://cmc.com.vn/main/imgs/logo.svg'),(9,'https://viettelco.net/wp-content/uploads/2020/01/Logo-Viettelco.png'),(10,'https://netnam.com/o/netnam/images/logo.png'),(11,'https://www.foodsafetynews.com/files/2020/06/raw-sirloin-steak-beef.jpg'),(12,'https://i2.wp.com/hygienicmeat.com/wp-content/uploads/2020/07/s735965455334319150_p6_i1_w2048.jpeg'),(13,'https://www.collinsdictionary.com/images/full/oyster_245235925.jpg'),(14,'https://static.julinse.com/i/a250031cfd4543cd-1024x684.jpg'),(15,'https://passiondelivery.com/pub/media/catalog/product/cache/7e6e59e80a69ca81b40190dbfa9e211f/5/7/57._pork_loin_skin-off.jpg'),(16,'https://media.cooky.vn/images/blog-2016/cach-phan-biet-nuoc-mam-truyen-thong-va-nuoc-cham-cong-nghiep%201.jpg'),(17,'http://kolala.com.vn/upload/public/TI%C3%AAu/where-does-black-pepper-come-from.jpg'),(18,'https://cdn-prod.medicalnewstoday.com/content/images/articles/322/322745/salt-shaker.jpg'),(19,'https://parenting.firstcry.ae/memories/getMyMemoryImages/2018/04/528721780-H.jpg'),(20,'https://bizweb.dktcdn.net/100/408/264/products/5116995hanh-tay-onion-000000005272-jpeg.jpg?v=1603792333943'),(21,'https://www.escoffieronline.com/wp-content/uploads/2013/04/iStock-995038782-small.jpg'),(22,'https://st.depositphotos.com/1049691/4267/i/950/depositphotos_42673487-stock-photo-fresh-orange.jpg'),(23,'http://suckhoedoisong.vn/Images/thutrang/2016/04/25/tanghoocmon_1.jpg'),(24,'https://wallpapercave.com/wp/wp2691685.jpg'),(25,'https://images.thefishsite.com/fish%2Farticles%2Fprocessing%2Fsalmon-fillet.jpeg'),(26,'https://hips.hearstapps.com/vidthumb/images/grilled-shrimp-horizontal-1553275047.jpg'),(27,'https://www.thespruceeats.com/thmb/RuiS8PlPaUkJFbrH8skujr90Q8A=/1500x1000/filters:fill(auto,1)/terris-crispy-fried-chicken-legs-3056879-10_preview-5b05ec40a474be00362260d7.jpeg'),(28,'https://encrypted-tbn0.gstatic.com/images?q=tbn:ANd9GcQ0Wi_Yf-V1yc_gruFfIvs4wJtvjngDsRG-kg&usqp=CAU'),(29,'https://armyhaus.com/wp-content/uploads/2020/12/marinated-top-round-steak-3060302-hero-02-ed071d5d7e584bea82857112aa734a94.jpg'),(30,'https://islandlifenc.com/wp-content/uploads/2021/01/How-to-do-an-Oyster-Roast.jpg'),(31,'https://www.foxandbriar.com/wp-content/uploads/2020/09/Garlic-Bread-7-of-10.jpg'),(32,'http://cdn.shopify.com/s/files/1/2956/7160/articles/sashimi_ca_hoi_tuoi.jpg?v=1536459593'),(33,'https://kenh14cdn.com/2019/7/16/2-15632570826061657541652.jpg'),(34,'https://images.food52.com/9HR-m4RBTbuZpZah01hA4Jgco7s=/2016x1344/filters:format(webp)/a6022657-cd16-47ec-8d78-63f717d869f7--seafood_stew.jpg'),(35,'https://www.simplyrecipes.com/thmb/63rPxOV5ooiVaaczVVCGTrGWi_w=/1600x1067/filters:no_upscale():max_bytes(150000):strip_icc()/__opt__aboutcom__coeus__resources__content_migration__simply_recipes__uploa'),(36,'https://imagesvc.meredithcorp.io/v3/mm/image?url=https%3A%2F%2Fimg1.cookinglight.timeinc.net%2Fsites%2Fdefault%2Ffiles%2Fstyles%2Fmedium_2x%2Fpublic%2Fimage%2F2016%2F09%2Fmain%2F1610p130-smoky-pan-sea'),(37,'https://images.ctfassets.net/3s5io6mnxfqz/VTFplkmqQemCmaQgYEeGU/a70e0c14de212de3444179fee2223121/image1.jpg?fm=jpg&w=900&fl=progressive'),(38,'https://previews.123rf.com/images/photomaru/photomaru1011/photomaru101100054/8297195-orange-juice-and-slices-of-orange-isolated-on-white.jpg'),(39,'https://recipe52.com/wp-content/uploads/2020/01/Kiwi-Juice-recipe-6.jpg'),(40,'https://www.onceuponachef.com/images/2014/03/Easy-Garlic-Butter-Shrimp-1.jpg'),(41,'https://www.slideteam.net/media/catalog/product/cache/960x720/m/e/merchandise_buying_6_month_plan_ppt_show_slideshow_Slide01.jpg'),(42,'https://mir-s3-cdn-cf.behance.net/project_modules/1400/b5594273128611.5bff152c43fec.jpg'),(43,'https://docs.oracle.com/cd/E75762_01/assortplan/pdf/141/html/ug/img/bplan_bm_rev_receiptpl_look.png'),(44,'https://images.slideplayer.com/13/3902380/slides/slide_8.jpg'),(45,'https://image.shutterstock.com/image-vector/user-login-authenticate-icon-human-260nw-1365533969.jpg'),(46,'https://upload.wikimedia.org/wikipedia/commons/thumb/1/12/User_icon_2.svg/2048px-User_icon_2.svg.png'),(47,'https://upload.wikimedia.org/wikipedia/commons/thumb/c/ce/User-info.svg/768px-User-info.svg.png'),(48,'http://simpleicon.com/wp-content/uploads/user1.png'),(49,'https://www.kindpng.com/picc/m/24-248253_user-profile-default-image-png-clipart-png-download.png'),(50,'https://image.shutterstock.com/image-vector/default-avatar-profile-icon-vector-260nw-1725655669.jpg'),(51,'https://cdn-icons-png.flaticon.com/512/149/149071.png'),(52,'https://upload.wikimedia.org/wikipedia/commons/9/99/Sample_User_Icon.png'),(53,'https://cdn.icon-icons.com/icons2/2506/PNG/512/user_icon_150670.png'),(54,'https://icon-library.com/images/google-user-icon/google-user-icon-11.jpg'),(55,'https://sothis.es/wp-content/plugins/all-in-one-seo-pack/images/default-user-image.png'),(56,'https://cdn.pixabay.com/photo/2020/07/01/12/58/icon-5359553_1280.png'),(57,'https://t4.ftcdn.net/jpg/02/29/75/83/360_F_229758328_7x8jwCwjtBMmC6rgFzLFhZoEpLobB6L8.jpg'),(58,'https://thumbs.dreamstime.com/b/default-avatar-profile-icon-vector-social-media-user-image-182145777.jpg'),(59,'https://cdn5.vectorstock.com/i/1000x1000/04/09/user-icon-vector-5770409.jpg'),(60,'https://ichef.bbci.co.uk/news/999/cpsprodpb/15951/production/_117310488_16.jpg'),(61,'https://ichef.bbci.co.uk/news/999/cpsprodpb/15951/production/_117310488_16.jpg'),(62,'https://ichef.bbci.co.uk/news/999/cpsprodpb/15951/production/_117310488_16.jpg'),(63,'https://ichef.bbci.co.uk/news/999/cpsprodpb/15951/production/_117310488_16.jpg'),(64,'https://ichef.bbci.co.uk/news/999/cpsprodpb/15951/production/_117310488_16.jpg'),(65,'https://ichef.bbci.co.uk/news/999/cpsprodpb/15951/production/_117310488_16.jpg'),(66,'https://ichef.bbci.co.uk/news/999/cpsprodpb/15951/production/_117310488_16.jpg'),(67,'https://ichef.bbci.co.uk/news/999/cpsprodpb/15951/production/_117310488_16.jpg'),(68,'https://ichef.bbci.co.uk/news/999/cpsprodpb/15951/production/_117310488_16.jpg'),(69,'https://ichef.bbci.co.uk/news/999/cpsprodpb/15951/production/_117310488_16.jpg'),(70,'https://ichef.bbci.co.uk/news/999/cpsprodpb/15951/production/_117310488_16.jpg'),(71,'https://ichef.bbci.co.uk/news/999/cpsprodpb/15951/production/_117310488_16.jpg'),(72,'https://ichef.bbci.co.uk/news/999/cpsprodpb/15951/production/_117310488_16.jpg'),(73,'https://ichef.bbci.co.uk/news/999/cpsprodpb/15951/production/_117310488_16.jpg'),(74,'https://ichef.bbci.co.uk/news/999/cpsprodpb/15951/production/_117310488_16.jpg'),(75,'https://ichef.bbci.co.uk/news/999/cpsprodpb/15951/production/_117310488_16.jpg'),(76,'https://ichef.bbci.co.uk/news/999/cpsprodpb/15951/production/_117310488_16.jpg'),(77,'https://ichef.bbci.co.uk/news/999/cpsprodpb/15951/production/_117310488_16.jpg'),(78,'https://ichef.bbci.co.uk/news/999/cpsprodpb/15951/production/_117310488_16.jpg'),(79,'https://ichef.bbci.co.uk/news/999/cpsprodpb/15951/production/_117310488_16.jpg'),(80,'https://ichef.bbci.co.uk/news/999/cpsprodpb/15951/production/_117310488_16.jpg'),(81,'https://ichef.bbci.co.uk/news/999/cpsprodpb/15951/production/_117310488_16.jpg'),(82,'https://ichef.bbci.co.uk/news/999/cpsprodpb/15951/production/_117310488_16.jpg'),(83,'https://ichef.bbci.co.uk/news/999/cpsprodpb/15951/production/_117310488_16.jpg'),(84,'https://ichef.bbci.co.uk/news/999/cpsprodpb/15951/production/_117310488_16.jpg'),(85,'https://ichef.bbci.co.uk/news/999/cpsprodpb/15951/production/_117310488_16.jpg'),(86,'https://ichef.bbci.co.uk/news/999/cpsprodpb/15951/production/_117310488_16.jpg'),(87,'https://ichef.bbci.co.uk/news/999/cpsprodpb/15951/production/_117310488_16.jpg'),(88,'https://ichef.bbci.co.uk/news/999/cpsprodpb/15951/production/_117310488_16.jpg'),(89,'https://ichef.bbci.co.uk/news/999/cpsprodpb/15951/production/_117310488_16.jpg'),(90,'https://ichef.bbci.co.uk/news/999/cpsprodpb/15951/production/_117310488_16.jpg'),(91,'https://ichef.bbci.co.uk/news/999/cpsprodpb/15951/production/_117310488_16.jpg'),(92,'https://ichef.bbci.co.uk/news/999/cpsprodpb/15951/production/_117310488_16.jpg'),(93,'https://ichef.bbci.co.uk/news/999/cpsprodpb/15951/production/_117310488_16.jpg'),(94,'https://ichef.bbci.co.uk/news/999/cpsprodpb/15951/production/_117310488_16.jpg'),(95,'https://ichef.bbci.co.uk/news/999/cpsprodpb/15951/production/_117310488_16.jpg'),(96,'https://ichef.bbci.co.uk/news/999/cpsprodpb/15951/production/_117310488_16.jpg'),(97,'https://ichef.bbci.co.uk/news/999/cpsprodpb/15951/production/_117310488_16.jpg'),(98,'https://ichef.bbci.co.uk/news/999/cpsprodpb/15951/production/_117310488_16.jpg'),(99,'https://ichef.bbci.co.uk/news/999/cpsprodpb/15951/production/_117310488_16.jpg'),(100,'https://ichef.bbci.co.uk/news/999/cpsprodpb/15951/production/_117310488_16.jpg'),(101,'https://ichef.bbci.co.uk/news/999/cpsprodpb/15951/production/_117310488_16.jpg'),(102,'https://ichef.bbci.co.uk/news/999/cpsprodpb/15951/production/_117310488_16.jpg'),(103,'https://ichef.bbci.co.uk/news/999/cpsprodpb/15951/production/_117310488_16.jpg'),(104,'https://ichef.bbci.co.uk/news/999/cpsprodpb/15951/production/_117310488_16.jpg'),(105,'https://ichef.bbci.co.uk/news/999/cpsprodpb/15951/production/_117310488_16.jpg'),(106,'https://ichef.bbci.co.uk/news/999/cpsprodpb/15951/production/_117310488_16.jpg'),(107,'https://ichef.bbci.co.uk/news/999/cpsprodpb/15951/production/_117310488_16.jpg'),(108,'https://ichef.bbci.co.uk/news/999/cpsprodpb/15951/production/_117310488_16.jpg'),(109,'https://ichef.bbci.co.uk/news/999/cpsprodpb/15951/production/_117310488_16.jpg'),(110,'https://ichef.bbci.co.uk/news/999/cpsprodpb/15951/production/_117310488_16.jpg'),(111,'https://ichef.bbci.co.uk/news/999/cpsprodpb/15951/production/_117310488_16.jpg'),(112,'https://ichef.bbci.co.uk/news/999/cpsprodpb/15951/production/_117310488_16.jpg'),(113,'https://ichef.bbci.co.uk/news/999/cpsprodpb/15951/production/_117310488_16.jpg'),(114,'https://ichef.bbci.co.uk/news/999/cpsprodpb/15951/production/_117310488_16.jpg'),(115,'https://ichef.bbci.co.uk/news/999/cpsprodpb/15951/production/_117310488_16.jpg'),(116,'https://ichef.bbci.co.uk/news/999/cpsprodpb/15951/production/_117310488_16.jpg'),(117,'https://ichef.bbci.co.uk/news/999/cpsprodpb/15951/production/_117310488_16.jpg'),(118,'https://ichef.bbci.co.uk/news/999/cpsprodpb/15951/production/_117310488_16.jpg'),(119,'https://ichef.bbci.co.uk/news/999/cpsprodpb/15951/production/_117310488_16.jpg'),(120,'https://ichef.bbci.co.uk/news/999/cpsprodpb/15951/production/_117310488_16.jpg'),(121,'https://ichef.bbci.co.uk/news/999/cpsprodpb/15951/production/_117310488_16.jpg'),(122,'https://ichef.bbci.co.uk/news/999/cpsprodpb/15951/production/_117310488_16.jpg'),(123,'https://ichef.bbci.co.uk/news/999/cpsprodpb/15951/production/_117310488_16.jpg'),(124,'https://ichef.bbci.co.uk/news/999/cpsprodpb/15951/production/_117310488_16.jpg'),(125,'https://ichef.bbci.co.uk/news/999/cpsprodpb/15951/production/_117310488_16.jpg'),(126,'https://ichef.bbci.co.uk/news/999/cpsprodpb/15951/production/_117310488_16.jpg'),(127,'https://ichef.bbci.co.uk/news/999/cpsprodpb/15951/production/_117310488_16.jpg'),(128,'https://ichef.bbci.co.uk/news/999/cpsprodpb/15951/production/_117310488_16.jpg'),(129,'https://ichef.bbci.co.uk/news/999/cpsprodpb/15951/production/_117310488_16.jpg'),(130,'https://ichef.bbci.co.uk/news/999/cpsprodpb/15951/production/_117310488_16.jpg'),(131,'https://ichef.bbci.co.uk/news/999/cpsprodpb/15951/production/_117310488_16.jpg'),(132,'https://ichef.bbci.co.uk/news/999/cpsprodpb/15951/production/_117310488_16.jpg'),(133,'https://ichef.bbci.co.uk/news/999/cpsprodpb/15951/production/_117310488_16.jpg'),(134,'https://ichef.bbci.co.uk/news/999/cpsprodpb/15951/production/_117310488_16.jpg'),(135,'https://ichef.bbci.co.uk/news/999/cpsprodpb/15951/production/_117310488_16.jpg'),(136,'https://ichef.bbci.co.uk/news/999/cpsprodpb/15951/production/_117310488_16.jpg'),(137,'https://ichef.bbci.co.uk/news/999/cpsprodpb/15951/production/_117310488_16.jpg'),(138,'https://ichef.bbci.co.uk/news/999/cpsprodpb/15951/production/_117310488_16.jpg'),(139,'https://ichef.bbci.co.uk/news/999/cpsprodpb/15951/production/_117310488_16.jpg'),(140,'https://ichef.bbci.co.uk/news/999/cpsprodpb/15951/production/_117310488_16.jpg'),(141,'https://ichef.bbci.co.uk/news/999/cpsprodpb/15951/production/_117310488_16.jpg'),(142,'https://ichef.bbci.co.uk/news/999/cpsprodpb/15951/production/_117310488_16.jpg'),(143,'https://ichef.bbci.co.uk/news/999/cpsprodpb/15951/production/_117310488_16.jpg'),(144,'https://ichef.bbci.co.uk/news/999/cpsprodpb/15951/production/_117310488_16.jpg'),(145,'https://ichef.bbci.co.uk/news/999/cpsprodpb/15951/production/_117310488_16.jpg'),(146,'https://ichef.bbci.co.uk/news/999/cpsprodpb/15951/production/_117310488_16.jpg'),(147,'https://ichef.bbci.co.uk/news/999/cpsprodpb/15951/production/_117310488_16.jpg'),(148,'https://ichef.bbci.co.uk/news/999/cpsprodpb/15951/production/_117310488_16.jpg'),(149,'https://ichef.bbci.co.uk/news/999/cpsprodpb/15951/production/_117310488_16.jpg'),(150,'https://ichef.bbci.co.uk/news/999/cpsprodpb/15951/production/_117310488_16.jpg'),(151,'https://d25tv1xepz39hi.cloudfront.net/2017-12-12/files/eos-6d-mark-ii-sample-image_1723.jpg'),(152,'https://d25tv1xepz39hi.cloudfront.net/2017-12-12/files/eos-6d-mark-ii-sample-image_1723.jpg'),(153,'https://d25tv1xepz39hi.cloudfront.net/2017-12-12/files/eos-6d-mark-ii-sample-image_1723.jpg'),(154,'https://d25tv1xepz39hi.cloudfront.net/2017-12-12/files/eos-6d-mark-ii-sample-image_1723.jpg'),(155,'https://d25tv1xepz39hi.cloudfront.net/2017-12-12/files/eos-6d-mark-ii-sample-image_1723.jpg'),(156,'https://d25tv1xepz39hi.cloudfront.net/2017-12-12/files/eos-6d-mark-ii-sample-image_1723.jpg'),(157,'https://d25tv1xepz39hi.cloudfront.net/2017-12-12/files/eos-6d-mark-ii-sample-image_1723.jpg'),(158,'https://d25tv1xepz39hi.cloudfront.net/2017-12-12/files/eos-6d-mark-ii-sample-image_1723.jpg'),(159,'https://d25tv1xepz39hi.cloudfront.net/2017-12-12/files/eos-6d-mark-ii-sample-image_1723.jpg'),(160,'https://d25tv1xepz39hi.cloudfront.net/2017-12-12/files/eos-6d-mark-ii-sample-image_1723.jpg'),(161,'https://d25tv1xepz39hi.cloudfront.net/2017-12-12/files/eos-6d-mark-ii-sample-image_1723.jpg'),(162,'https://d25tv1xepz39hi.cloudfront.net/2017-12-12/files/eos-6d-mark-ii-sample-image_1723.jpg'),(163,'https://d25tv1xepz39hi.cloudfront.net/2017-12-12/files/eos-6d-mark-ii-sample-image_1723.jpg'),(164,'https://d25tv1xepz39hi.cloudfront.net/2017-12-12/files/eos-6d-mark-ii-sample-image_1723.jpg'),(165,'https://d25tv1xepz39hi.cloudfront.net/2017-12-12/files/eos-6d-mark-ii-sample-image_1723.jpg'),(166,'https://d25tv1xepz39hi.cloudfront.net/2017-12-12/files/eos-6d-mark-ii-sample-image_1723.jpg'),(167,'https://d25tv1xepz39hi.cloudfront.net/2017-12-12/files/eos-6d-mark-ii-sample-image_1723.jpg'),(168,'https://d25tv1xepz39hi.cloudfront.net/2017-12-12/files/eos-6d-mark-ii-sample-image_1723.jpg'),(169,'https://d25tv1xepz39hi.cloudfront.net/2017-12-12/files/eos-6d-mark-ii-sample-image_1723.jpg'),(170,'https://d25tv1xepz39hi.cloudfront.net/2017-12-12/files/eos-6d-mark-ii-sample-image_1723.jpg'),(171,'https://d25tv1xepz39hi.cloudfront.net/2017-12-12/files/eos-6d-mark-ii-sample-image_1723.jpg'),(172,'https://d25tv1xepz39hi.cloudfront.net/2017-12-12/files/eos-6d-mark-ii-sample-image_1723.jpg'),(173,'https://d25tv1xepz39hi.cloudfront.net/2017-12-12/files/eos-6d-mark-ii-sample-image_1723.jpg'),(174,'https://d25tv1xepz39hi.cloudfront.net/2017-12-12/files/eos-6d-mark-ii-sample-image_1723.jpg'),(175,'https://d25tv1xepz39hi.cloudfront.net/2017-12-12/files/eos-6d-mark-ii-sample-image_1723.jpg'),(176,'https://d25tv1xepz39hi.cloudfront.net/2017-12-12/files/eos-6d-mark-ii-sample-image_1723.jpg'),(177,'https://d25tv1xepz39hi.cloudfront.net/2017-12-12/files/eos-6d-mark-ii-sample-image_1723.jpg'),(178,'https://d25tv1xepz39hi.cloudfront.net/2017-12-12/files/eos-6d-mark-ii-sample-image_1723.jpg'),(179,'https://d25tv1xepz39hi.cloudfront.net/2017-12-12/files/eos-6d-mark-ii-sample-image_1723.jpg'),(180,'https://d25tv1xepz39hi.cloudfront.net/2017-12-12/files/eos-6d-mark-ii-sample-image_1723.jpg'),(181,'https://d25tv1xepz39hi.cloudfront.net/2017-12-12/files/eos-6d-mark-ii-sample-image_1723.jpg'),(182,'https://d25tv1xepz39hi.cloudfront.net/2017-12-12/files/eos-6d-mark-ii-sample-image_1723.jpg'),(183,'https://d25tv1xepz39hi.cloudfront.net/2017-12-12/files/eos-6d-mark-ii-sample-image_1723.jpg'),(184,'https://d25tv1xepz39hi.cloudfront.net/2017-12-12/files/eos-6d-mark-ii-sample-image_1723.jpg'),(185,'https://d25tv1xepz39hi.cloudfront.net/2017-12-12/files/eos-6d-mark-ii-sample-image_1723.jpg'),(186,'https://d25tv1xepz39hi.cloudfront.net/2017-12-12/files/eos-6d-mark-ii-sample-image_1723.jpg'),(187,'https://d25tv1xepz39hi.cloudfront.net/2017-12-12/files/eos-6d-mark-ii-sample-image_1723.jpg'),(188,'https://d25tv1xepz39hi.cloudfront.net/2017-12-12/files/eos-6d-mark-ii-sample-image_1723.jpg'),(189,'https://d25tv1xepz39hi.cloudfront.net/2017-12-12/files/eos-6d-mark-ii-sample-image_1723.jpg'),(190,'https://d25tv1xepz39hi.cloudfront.net/2017-12-12/files/eos-6d-mark-ii-sample-image_1723.jpg'),(191,'https://d25tv1xepz39hi.cloudfront.net/2017-12-12/files/eos-6d-mark-ii-sample-image_1723.jpg'),(192,'https://d25tv1xepz39hi.cloudfront.net/2017-12-12/files/eos-6d-mark-ii-sample-image_1723.jpg'),(193,'https://d25tv1xepz39hi.cloudfront.net/2017-12-12/files/eos-6d-mark-ii-sample-image_1723.jpg'),(194,'https://d25tv1xepz39hi.cloudfront.net/2017-12-12/files/eos-6d-mark-ii-sample-image_1723.jpg'),(195,'https://d25tv1xepz39hi.cloudfront.net/2017-12-12/files/eos-6d-mark-ii-sample-image_1723.jpg'),(196,'https://d25tv1xepz39hi.cloudfront.net/2017-12-12/files/eos-6d-mark-ii-sample-image_1723.jpg'),(197,'https://d25tv1xepz39hi.cloudfront.net/2017-12-12/files/eos-6d-mark-ii-sample-image_1723.jpg'),(198,'https://d25tv1xepz39hi.cloudfront.net/2017-12-12/files/eos-6d-mark-ii-sample-image_1723.jpg'),(199,'https://d25tv1xepz39hi.cloudfront.net/2017-12-12/files/eos-6d-mark-ii-sample-image_1723.jpg'),(200,'https://d25tv1xepz39hi.cloudfront.net/2017-12-12/files/eos-6d-mark-ii-sample-image_1723.jpg'),(201,'https://d25tv1xepz39hi.cloudfront.net/2017-12-12/files/eos-6d-mark-ii-sample-image_1723.jpg'),(202,'https://d25tv1xepz39hi.cloudfront.net/2017-12-12/files/eos-6d-mark-ii-sample-image_1723.jpg'),(203,'https://d25tv1xepz39hi.cloudfront.net/2017-12-12/files/eos-6d-mark-ii-sample-image_1723.jpg'),(204,'https://d25tv1xepz39hi.cloudfront.net/2017-12-12/files/eos-6d-mark-ii-sample-image_1723.jpg'),(205,'https://d25tv1xepz39hi.cloudfront.net/2017-12-12/files/eos-6d-mark-ii-sample-image_1723.jpg'),(206,'https://d25tv1xepz39hi.cloudfront.net/2017-12-12/files/eos-6d-mark-ii-sample-image_1723.jpg'),(207,'https://d25tv1xepz39hi.cloudfront.net/2017-12-12/files/eos-6d-mark-ii-sample-image_1723.jpg'),(208,'https://d25tv1xepz39hi.cloudfront.net/2017-12-12/files/eos-6d-mark-ii-sample-image_1723.jpg'),(209,'https://d25tv1xepz39hi.cloudfront.net/2017-12-12/files/eos-6d-mark-ii-sample-image_1723.jpg'),(210,'https://d25tv1xepz39hi.cloudfront.net/2017-12-12/files/eos-6d-mark-ii-sample-image_1723.jpg'),(211,'https://d25tv1xepz39hi.cloudfront.net/2017-12-12/files/eos-6d-mark-ii-sample-image_1723.jpg'),(212,'https://d25tv1xepz39hi.cloudfront.net/2017-12-12/files/eos-6d-mark-ii-sample-image_1723.jpg'),(213,'https://d25tv1xepz39hi.cloudfront.net/2017-12-12/files/eos-6d-mark-ii-sample-image_1723.jpg'),(214,'https://d25tv1xepz39hi.cloudfront.net/2017-12-12/files/eos-6d-mark-ii-sample-image_1723.jpg'),(215,'https://d25tv1xepz39hi.cloudfront.net/2017-12-12/files/eos-6d-mark-ii-sample-image_1723.jpg'),(216,'https://d25tv1xepz39hi.cloudfront.net/2017-12-12/files/eos-6d-mark-ii-sample-image_1723.jpg'),(217,'https://d25tv1xepz39hi.cloudfront.net/2017-12-12/files/eos-6d-mark-ii-sample-image_1723.jpg'),(218,'https://d25tv1xepz39hi.cloudfront.net/2017-12-12/files/eos-6d-mark-ii-sample-image_1723.jpg'),(219,'https://d25tv1xepz39hi.cloudfront.net/2017-12-12/files/eos-6d-mark-ii-sample-image_1723.jpg'),(220,'https://d25tv1xepz39hi.cloudfront.net/2017-12-12/files/eos-6d-mark-ii-sample-image_1723.jpg'),(221,'https://d25tv1xepz39hi.cloudfront.net/2017-12-12/files/eos-6d-mark-ii-sample-image_1723.jpg'),(222,'https://d25tv1xepz39hi.cloudfront.net/2017-12-12/files/eos-6d-mark-ii-sample-image_1723.jpg'),(223,'https://d25tv1xepz39hi.cloudfront.net/2017-12-12/files/eos-6d-mark-ii-sample-image_1723.jpg'),(224,'https://d25tv1xepz39hi.cloudfront.net/2017-12-12/files/eos-6d-mark-ii-sample-image_1723.jpg'),(225,'https://d25tv1xepz39hi.cloudfront.net/2017-12-12/files/eos-6d-mark-ii-sample-image_1723.jpg'),(226,'https://d25tv1xepz39hi.cloudfront.net/2017-12-12/files/eos-6d-mark-ii-sample-image_1723.jpg'),(227,'https://d25tv1xepz39hi.cloudfront.net/2017-12-12/files/eos-6d-mark-ii-sample-image_1723.jpg'),(228,'https://d25tv1xepz39hi.cloudfront.net/2017-12-12/files/eos-6d-mark-ii-sample-image_1723.jpg'),(229,'https://d25tv1xepz39hi.cloudfront.net/2017-12-12/files/eos-6d-mark-ii-sample-image_1723.jpg'),(230,'https://d25tv1xepz39hi.cloudfront.net/2017-12-12/files/eos-6d-mark-ii-sample-image_1723.jpg'),(231,'https://d25tv1xepz39hi.cloudfront.net/2017-12-12/files/eos-6d-mark-ii-sample-image_1723.jpg'),(232,'https://d25tv1xepz39hi.cloudfront.net/2017-12-12/files/eos-6d-mark-ii-sample-image_1723.jpg'),(233,'https://d25tv1xepz39hi.cloudfront.net/2017-12-12/files/eos-6d-mark-ii-sample-image_1723.jpg'),(234,'https://d25tv1xepz39hi.cloudfront.net/2017-12-12/files/eos-6d-mark-ii-sample-image_1723.jpg'),(235,'https://d25tv1xepz39hi.cloudfront.net/2017-12-12/files/eos-6d-mark-ii-sample-image_1723.jpg'),(236,'https://d25tv1xepz39hi.cloudfront.net/2017-12-12/files/eos-6d-mark-ii-sample-image_1723.jpg'),(237,'https://d25tv1xepz39hi.cloudfront.net/2017-12-12/files/eos-6d-mark-ii-sample-image_1723.jpg'),(238,'https://d25tv1xepz39hi.cloudfront.net/2017-12-12/files/eos-6d-mark-ii-sample-image_1723.jpg'),(239,'https://d25tv1xepz39hi.cloudfront.net/2017-12-12/files/eos-6d-mark-ii-sample-image_1723.jpg'),(240,'https://d25tv1xepz39hi.cloudfront.net/2017-12-12/files/eos-6d-mark-ii-sample-image_1723.jpg'),(241,'https://d25tv1xepz39hi.cloudfront.net/2017-12-12/files/eos-6d-mark-ii-sample-image_1723.jpg'),(242,'https://d25tv1xepz39hi.cloudfront.net/2017-12-12/files/eos-6d-mark-ii-sample-image_1723.jpg'),(243,'https://d25tv1xepz39hi.cloudfront.net/2017-12-12/files/eos-6d-mark-ii-sample-image_1723.jpg'),(244,'https://d25tv1xepz39hi.cloudfront.net/2017-12-12/files/eos-6d-mark-ii-sample-image_1723.jpg'),(245,'https://d25tv1xepz39hi.cloudfront.net/2017-12-12/files/eos-6d-mark-ii-sample-image_1723.jpg'),(246,'https://d25tv1xepz39hi.cloudfront.net/2017-12-12/files/eos-6d-mark-ii-sample-image_1723.jpg'),(247,'https://d25tv1xepz39hi.cloudfront.net/2017-12-12/files/eos-6d-mark-ii-sample-image_1723.jpg'),(248,'https://d25tv1xepz39hi.cloudfront.net/2017-12-12/files/eos-6d-mark-ii-sample-image_1723.jpg'),(249,'https://d25tv1xepz39hi.cloudfront.net/2017-12-12/files/eos-6d-mark-ii-sample-image_1723.jpg'),(250,'https://d25tv1xepz39hi.cloudfront.net/2017-12-12/files/eos-6d-mark-ii-sample-image_1723.jpg'),(251,'https://pressgazette.co.uk/wp-content/uploads/2020/11/shutterstock.jpg'),(252,'https://pressgazette.co.uk/wp-content/uploads/2020/11/shutterstock.jpg'),(253,'https://pressgazette.co.uk/wp-content/uploads/2020/11/shutterstock.jpg'),(254,'https://pressgazette.co.uk/wp-content/uploads/2020/11/shutterstock.jpg'),(255,'https://pressgazette.co.uk/wp-content/uploads/2020/11/shutterstock.jpg'),(256,'https://pressgazette.co.uk/wp-content/uploads/2020/11/shutterstock.jpg'),(257,'https://pressgazette.co.uk/wp-content/uploads/2020/11/shutterstock.jpg'),(258,'https://pressgazette.co.uk/wp-content/uploads/2020/11/shutterstock.jpg'),(259,'https://pressgazette.co.uk/wp-content/uploads/2020/11/shutterstock.jpg'),(260,'https://pressgazette.co.uk/wp-content/uploads/2020/11/shutterstock.jpg'),(261,'https://pressgazette.co.uk/wp-content/uploads/2020/11/shutterstock.jpg'),(262,'https://pressgazette.co.uk/wp-content/uploads/2020/11/shutterstock.jpg'),(263,'https://pressgazette.co.uk/wp-content/uploads/2020/11/shutterstock.jpg'),(264,'https://pressgazette.co.uk/wp-content/uploads/2020/11/shutterstock.jpg'),(265,'https://pressgazette.co.uk/wp-content/uploads/2020/11/shutterstock.jpg'),(266,'https://pressgazette.co.uk/wp-content/uploads/2020/11/shutterstock.jpg'),(267,'https://pressgazette.co.uk/wp-content/uploads/2020/11/shutterstock.jpg'),(268,'https://pressgazette.co.uk/wp-content/uploads/2020/11/shutterstock.jpg'),(269,'https://pressgazette.co.uk/wp-content/uploads/2020/11/shutterstock.jpg'),(270,'https://pressgazette.co.uk/wp-content/uploads/2020/11/shutterstock.jpg'),(271,'https://pressgazette.co.uk/wp-content/uploads/2020/11/shutterstock.jpg'),(272,'https://pressgazette.co.uk/wp-content/uploads/2020/11/shutterstock.jpg'),(273,'https://pressgazette.co.uk/wp-content/uploads/2020/11/shutterstock.jpg'),(274,'https://pressgazette.co.uk/wp-content/uploads/2020/11/shutterstock.jpg'),(275,'https://pressgazette.co.uk/wp-content/uploads/2020/11/shutterstock.jpg'),(276,'https://pressgazette.co.uk/wp-content/uploads/2020/11/shutterstock.jpg'),(277,'https://pressgazette.co.uk/wp-content/uploads/2020/11/shutterstock.jpg'),(278,'https://pressgazette.co.uk/wp-content/uploads/2020/11/shutterstock.jpg'),(279,'https://pressgazette.co.uk/wp-content/uploads/2020/11/shutterstock.jpg'),(280,'https://pressgazette.co.uk/wp-content/uploads/2020/11/shutterstock.jpg'),(281,'https://pressgazette.co.uk/wp-content/uploads/2020/11/shutterstock.jpg'),(282,'https://pressgazette.co.uk/wp-content/uploads/2020/11/shutterstock.jpg'),(283,'https://pressgazette.co.uk/wp-content/uploads/2020/11/shutterstock.jpg'),(284,'https://pressgazette.co.uk/wp-content/uploads/2020/11/shutterstock.jpg'),(285,'https://pressgazette.co.uk/wp-content/uploads/2020/11/shutterstock.jpg'),(286,'https://pressgazette.co.uk/wp-content/uploads/2020/11/shutterstock.jpg'),(287,'https://pressgazette.co.uk/wp-content/uploads/2020/11/shutterstock.jpg'),(288,'https://pressgazette.co.uk/wp-content/uploads/2020/11/shutterstock.jpg'),(289,'https://pressgazette.co.uk/wp-content/uploads/2020/11/shutterstock.jpg'),(290,'https://pressgazette.co.uk/wp-content/uploads/2020/11/shutterstock.jpg'),(291,'https://pressgazette.co.uk/wp-content/uploads/2020/11/shutterstock.jpg'),(292,'https://pressgazette.co.uk/wp-content/uploads/2020/11/shutterstock.jpg'),(293,'https://pressgazette.co.uk/wp-content/uploads/2020/11/shutterstock.jpg'),(294,'https://pressgazette.co.uk/wp-content/uploads/2020/11/shutterstock.jpg'),(295,'https://pressgazette.co.uk/wp-content/uploads/2020/11/shutterstock.jpg'),(296,'https://pressgazette.co.uk/wp-content/uploads/2020/11/shutterstock.jpg'),(297,'https://pressgazette.co.uk/wp-content/uploads/2020/11/shutterstock.jpg'),(298,'https://pressgazette.co.uk/wp-content/uploads/2020/11/shutterstock.jpg'),(299,'https://pressgazette.co.uk/wp-content/uploads/2020/11/shutterstock.jpg'),(300,'https://pressgazette.co.uk/wp-content/uploads/2020/11/shutterstock.jpg'),(301,'https://pressgazette.co.uk/wp-content/uploads/2020/11/shutterstock.jpg'),(302,'https://pressgazette.co.uk/wp-content/uploads/2020/11/shutterstock.jpg'),(303,'https://pressgazette.co.uk/wp-content/uploads/2020/11/shutterstock.jpg'),(304,'https://pressgazette.co.uk/wp-content/uploads/2020/11/shutterstock.jpg'),(305,'https://pressgazette.co.uk/wp-content/uploads/2020/11/shutterstock.jpg'),(306,'https://pressgazette.co.uk/wp-content/uploads/2020/11/shutterstock.jpg'),(307,'https://pressgazette.co.uk/wp-content/uploads/2020/11/shutterstock.jpg'),(308,'https://pressgazette.co.uk/wp-content/uploads/2020/11/shutterstock.jpg'),(309,'https://pressgazette.co.uk/wp-content/uploads/2020/11/shutterstock.jpg'),(310,'https://pressgazette.co.uk/wp-content/uploads/2020/11/shutterstock.jpg'),(311,'https://pressgazette.co.uk/wp-content/uploads/2020/11/shutterstock.jpg'),(312,'https://pressgazette.co.uk/wp-content/uploads/2020/11/shutterstock.jpg'),(313,'https://pressgazette.co.uk/wp-content/uploads/2020/11/shutterstock.jpg'),(314,'https://pressgazette.co.uk/wp-content/uploads/2020/11/shutterstock.jpg'),(315,'https://pressgazette.co.uk/wp-content/uploads/2020/11/shutterstock.jpg'),(316,'https://pressgazette.co.uk/wp-content/uploads/2020/11/shutterstock.jpg'),(317,'https://pressgazette.co.uk/wp-content/uploads/2020/11/shutterstock.jpg'),(318,'https://pressgazette.co.uk/wp-content/uploads/2020/11/shutterstock.jpg'),(319,'https://pressgazette.co.uk/wp-content/uploads/2020/11/shutterstock.jpg'),(320,'https://pressgazette.co.uk/wp-content/uploads/2020/11/shutterstock.jpg'),(321,'https://pressgazette.co.uk/wp-content/uploads/2020/11/shutterstock.jpg'),(322,'https://pressgazette.co.uk/wp-content/uploads/2020/11/shutterstock.jpg'),(323,'https://pressgazette.co.uk/wp-content/uploads/2020/11/shutterstock.jpg'),(324,'https://pressgazette.co.uk/wp-content/uploads/2020/11/shutterstock.jpg'),(325,'https://pressgazette.co.uk/wp-content/uploads/2020/11/shutterstock.jpg'),(326,'https://pressgazette.co.uk/wp-content/uploads/2020/11/shutterstock.jpg'),(327,'https://pressgazette.co.uk/wp-content/uploads/2020/11/shutterstock.jpg'),(328,'https://pressgazette.co.uk/wp-content/uploads/2020/11/shutterstock.jpg'),(329,'https://pressgazette.co.uk/wp-content/uploads/2020/11/shutterstock.jpg'),(330,'https://pressgazette.co.uk/wp-content/uploads/2020/11/shutterstock.jpg'),(331,'https://pressgazette.co.uk/wp-content/uploads/2020/11/shutterstock.jpg'),(332,'https://pressgazette.co.uk/wp-content/uploads/2020/11/shutterstock.jpg'),(333,'https://pressgazette.co.uk/wp-content/uploads/2020/11/shutterstock.jpg'),(334,'https://pressgazette.co.uk/wp-content/uploads/2020/11/shutterstock.jpg'),(335,'https://pressgazette.co.uk/wp-content/uploads/2020/11/shutterstock.jpg'),(336,'https://pressgazette.co.uk/wp-content/uploads/2020/11/shutterstock.jpg'),(337,'https://pressgazette.co.uk/wp-content/uploads/2020/11/shutterstock.jpg'),(338,'https://pressgazette.co.uk/wp-content/uploads/2020/11/shutterstock.jpg'),(339,'https://pressgazette.co.uk/wp-content/uploads/2020/11/shutterstock.jpg'),(340,'https://pressgazette.co.uk/wp-content/uploads/2020/11/shutterstock.jpg'),(341,'https://pressgazette.co.uk/wp-content/uploads/2020/11/shutterstock.jpg'),(342,'https://pressgazette.co.uk/wp-content/uploads/2020/11/shutterstock.jpg'),(343,'https://pressgazette.co.uk/wp-content/uploads/2020/11/shutterstock.jpg'),(344,'https://pressgazette.co.uk/wp-content/uploads/2020/11/shutterstock.jpg'),(345,'https://pressgazette.co.uk/wp-content/uploads/2020/11/shutterstock.jpg'),(346,'https://pressgazette.co.uk/wp-content/uploads/2020/11/shutterstock.jpg'),(347,'https://pressgazette.co.uk/wp-content/uploads/2020/11/shutterstock.jpg'),(348,'https://pressgazette.co.uk/wp-content/uploads/2020/11/shutterstock.jpg'),(349,'https://pressgazette.co.uk/wp-content/uploads/2020/11/shutterstock.jpg'),(350,'https://pressgazette.co.uk/wp-content/uploads/2020/11/shutterstock.jpg'),(351,'https://www.ikea.com/gb/en/images/products/pjaetteryd-picture-trolltunga-norway__0925582_pe788810_s5.jpg?f=xs'),(352,'https://www.ikea.com/gb/en/images/products/pjaetteryd-picture-trolltunga-norway__0925582_pe788810_s5.jpg?f=xs'),(353,'https://www.ikea.com/gb/en/images/products/pjaetteryd-picture-trolltunga-norway__0925582_pe788810_s5.jpg?f=xs'),(354,'https://www.ikea.com/gb/en/images/products/pjaetteryd-picture-trolltunga-norway__0925582_pe788810_s5.jpg?f=xs'),(355,'https://www.ikea.com/gb/en/images/products/pjaetteryd-picture-trolltunga-norway__0925582_pe788810_s5.jpg?f=xs'),(356,'https://www.ikea.com/gb/en/images/products/pjaetteryd-picture-trolltunga-norway__0925582_pe788810_s5.jpg?f=xs'),(357,'https://www.ikea.com/gb/en/images/products/pjaetteryd-picture-trolltunga-norway__0925582_pe788810_s5.jpg?f=xs'),(358,'https://www.ikea.com/gb/en/images/products/pjaetteryd-picture-trolltunga-norway__0925582_pe788810_s5.jpg?f=xs'),(359,'https://www.ikea.com/gb/en/images/products/pjaetteryd-picture-trolltunga-norway__0925582_pe788810_s5.jpg?f=xs'),(360,'https://www.ikea.com/gb/en/images/products/pjaetteryd-picture-trolltunga-norway__0925582_pe788810_s5.jpg?f=xs'),(361,'https://www.ikea.com/gb/en/images/products/pjaetteryd-picture-trolltunga-norway__0925582_pe788810_s5.jpg?f=xs'),(362,'https://www.ikea.com/gb/en/images/products/pjaetteryd-picture-trolltunga-norway__0925582_pe788810_s5.jpg?f=xs'),(363,'https://www.ikea.com/gb/en/images/products/pjaetteryd-picture-trolltunga-norway__0925582_pe788810_s5.jpg?f=xs'),(364,'https://www.ikea.com/gb/en/images/products/pjaetteryd-picture-trolltunga-norway__0925582_pe788810_s5.jpg?f=xs'),(365,'https://www.ikea.com/gb/en/images/products/pjaetteryd-picture-trolltunga-norway__0925582_pe788810_s5.jpg?f=xs'),(366,'https://www.ikea.com/gb/en/images/products/pjaetteryd-picture-trolltunga-norway__0925582_pe788810_s5.jpg?f=xs'),(367,'https://www.ikea.com/gb/en/images/products/pjaetteryd-picture-trolltunga-norway__0925582_pe788810_s5.jpg?f=xs'),(368,'https://www.ikea.com/gb/en/images/products/pjaetteryd-picture-trolltunga-norway__0925582_pe788810_s5.jpg?f=xs'),(369,'https://www.ikea.com/gb/en/images/products/pjaetteryd-picture-trolltunga-norway__0925582_pe788810_s5.jpg?f=xs'),(370,'https://www.ikea.com/gb/en/images/products/pjaetteryd-picture-trolltunga-norway__0925582_pe788810_s5.jpg?f=xs'),(371,'https://www.ikea.com/gb/en/images/products/pjaetteryd-picture-trolltunga-norway__0925582_pe788810_s5.jpg?f=xs'),(372,'https://www.ikea.com/gb/en/images/products/pjaetteryd-picture-trolltunga-norway__0925582_pe788810_s5.jpg?f=xs'),(373,'https://www.ikea.com/gb/en/images/products/pjaetteryd-picture-trolltunga-norway__0925582_pe788810_s5.jpg?f=xs'),(374,'https://www.ikea.com/gb/en/images/products/pjaetteryd-picture-trolltunga-norway__0925582_pe788810_s5.jpg?f=xs'),(375,'https://www.ikea.com/gb/en/images/products/pjaetteryd-picture-trolltunga-norway__0925582_pe788810_s5.jpg?f=xs'),(376,'https://www.ikea.com/gb/en/images/products/pjaetteryd-picture-trolltunga-norway__0925582_pe788810_s5.jpg?f=xs'),(377,'https://www.ikea.com/gb/en/images/products/pjaetteryd-picture-trolltunga-norway__0925582_pe788810_s5.jpg?f=xs'),(378,'https://www.ikea.com/gb/en/images/products/pjaetteryd-picture-trolltunga-norway__0925582_pe788810_s5.jpg?f=xs'),(379,'https://www.ikea.com/gb/en/images/products/pjaetteryd-picture-trolltunga-norway__0925582_pe788810_s5.jpg?f=xs'),(380,'https://www.ikea.com/gb/en/images/products/pjaetteryd-picture-trolltunga-norway__0925582_pe788810_s5.jpg?f=xs'),(381,'https://www.ikea.com/gb/en/images/products/pjaetteryd-picture-trolltunga-norway__0925582_pe788810_s5.jpg?f=xs'),(382,'https://www.ikea.com/gb/en/images/products/pjaetteryd-picture-trolltunga-norway__0925582_pe788810_s5.jpg?f=xs'),(383,'https://www.ikea.com/gb/en/images/products/pjaetteryd-picture-trolltunga-norway__0925582_pe788810_s5.jpg?f=xs'),(384,'https://www.ikea.com/gb/en/images/products/pjaetteryd-picture-trolltunga-norway__0925582_pe788810_s5.jpg?f=xs'),(385,'https://www.ikea.com/gb/en/images/products/pjaetteryd-picture-trolltunga-norway__0925582_pe788810_s5.jpg?f=xs'),(386,'https://www.ikea.com/gb/en/images/products/pjaetteryd-picture-trolltunga-norway__0925582_pe788810_s5.jpg?f=xs'),(387,'https://www.ikea.com/gb/en/images/products/pjaetteryd-picture-trolltunga-norway__0925582_pe788810_s5.jpg?f=xs'),(388,'https://www.ikea.com/gb/en/images/products/pjaetteryd-picture-trolltunga-norway__0925582_pe788810_s5.jpg?f=xs'),(389,'https://www.ikea.com/gb/en/images/products/pjaetteryd-picture-trolltunga-norway__0925582_pe788810_s5.jpg?f=xs'),(390,'https://www.ikea.com/gb/en/images/products/pjaetteryd-picture-trolltunga-norway__0925582_pe788810_s5.jpg?f=xs'),(391,'https://www.ikea.com/gb/en/images/products/pjaetteryd-picture-trolltunga-norway__0925582_pe788810_s5.jpg?f=xs'),(392,'https://www.ikea.com/gb/en/images/products/pjaetteryd-picture-trolltunga-norway__0925582_pe788810_s5.jpg?f=xs'),(393,'https://www.ikea.com/gb/en/images/products/pjaetteryd-picture-trolltunga-norway__0925582_pe788810_s5.jpg?f=xs'),(394,'https://www.ikea.com/gb/en/images/products/pjaetteryd-picture-trolltunga-norway__0925582_pe788810_s5.jpg?f=xs'),(395,'https://www.ikea.com/gb/en/images/products/pjaetteryd-picture-trolltunga-norway__0925582_pe788810_s5.jpg?f=xs'),(396,'https://www.ikea.com/gb/en/images/products/pjaetteryd-picture-trolltunga-norway__0925582_pe788810_s5.jpg?f=xs'),(397,'https://www.ikea.com/gb/en/images/products/pjaetteryd-picture-trolltunga-norway__0925582_pe788810_s5.jpg?f=xs'),(398,'https://www.ikea.com/gb/en/images/products/pjaetteryd-picture-trolltunga-norway__0925582_pe788810_s5.jpg?f=xs'),(399,'https://www.ikea.com/gb/en/images/products/pjaetteryd-picture-trolltunga-norway__0925582_pe788810_s5.jpg?f=xs'),(400,'https://www.ikea.com/gb/en/images/products/pjaetteryd-picture-trolltunga-norway__0925582_pe788810_s5.jpg?f=xs'),(401,'https://www.ikea.com/gb/en/images/products/pjaetteryd-picture-trolltunga-norway__0925582_pe788810_s5.jpg?f=xs'),(402,'https://www.ikea.com/gb/en/images/products/pjaetteryd-picture-trolltunga-norway__0925582_pe788810_s5.jpg?f=xs'),(403,'https://www.ikea.com/gb/en/images/products/pjaetteryd-picture-trolltunga-norway__0925582_pe788810_s5.jpg?f=xs'),(404,'https://www.ikea.com/gb/en/images/products/pjaetteryd-picture-trolltunga-norway__0925582_pe788810_s5.jpg?f=xs'),(405,'https://www.ikea.com/gb/en/images/products/pjaetteryd-picture-trolltunga-norway__0925582_pe788810_s5.jpg?f=xs'),(406,'https://www.ikea.com/gb/en/images/products/pjaetteryd-picture-trolltunga-norway__0925582_pe788810_s5.jpg?f=xs'),(407,'https://www.ikea.com/gb/en/images/products/pjaetteryd-picture-trolltunga-norway__0925582_pe788810_s5.jpg?f=xs'),(408,'https://www.ikea.com/gb/en/images/products/pjaetteryd-picture-trolltunga-norway__0925582_pe788810_s5.jpg?f=xs'),(409,'https://www.ikea.com/gb/en/images/products/pjaetteryd-picture-trolltunga-norway__0925582_pe788810_s5.jpg?f=xs'),(410,'https://www.ikea.com/gb/en/images/products/pjaetteryd-picture-trolltunga-norway__0925582_pe788810_s5.jpg?f=xs'),(411,'https://www.ikea.com/gb/en/images/products/pjaetteryd-picture-trolltunga-norway__0925582_pe788810_s5.jpg?f=xs'),(412,'https://www.ikea.com/gb/en/images/products/pjaetteryd-picture-trolltunga-norway__0925582_pe788810_s5.jpg?f=xs'),(413,'https://www.ikea.com/gb/en/images/products/pjaetteryd-picture-trolltunga-norway__0925582_pe788810_s5.jpg?f=xs'),(414,'https://www.ikea.com/gb/en/images/products/pjaetteryd-picture-trolltunga-norway__0925582_pe788810_s5.jpg?f=xs'),(415,'https://www.ikea.com/gb/en/images/products/pjaetteryd-picture-trolltunga-norway__0925582_pe788810_s5.jpg?f=xs');
/*!40000 ALTER TABLE `picture` ENABLE KEYS */;
UNLOCK TABLES;

--
-- Table structure for table `plan`
--

DROP TABLE IF EXISTS `plan`;
/*!40101 SET @saved_cs_client     = @@character_set_client */;
/*!50503 SET character_set_client = utf8mb4 */;
CREATE TABLE `plan` (
  `plan_id` bigint NOT NULL AUTO_INCREMENT,
  `description` varchar(200) DEFAULT NULL,
  `duration` int DEFAULT NULL,
  `name` varchar(50) DEFAULT NULL,
  `picture_id` bigint DEFAULT NULL,
  `price` double NOT NULL,
  PRIMARY KEY (`plan_id`)
) ENGINE=InnoDB AUTO_INCREMENT=51 DEFAULT CHARSET=utf8mb4 COLLATE=utf8mb4_0900_ai_ci;
/*!40101 SET character_set_client = @saved_cs_client */;

--
-- Dumping data for table `plan`
--

LOCK TABLES `plan` WRITE;
/*!40000 ALTER TABLE `plan` DISABLE KEYS */;
INSERT INTO `plan` VALUES (1,'New plan',30,'Basic',41,200000),(2,'New plan',30,'Premium',42,350000),(3,'New plan',30,'No ads',43,250000),(4,'New plan',30,'Platinum',44,600000),(5,'New plan',30,'Seeding',235,262000),(6,'New plan',30,'Sprout',236,449000),(7,'New plan',30,'Evergreen',237,156000),(8,'New plan',30,'Mighty Oak',238,135000),(9,'New plan',30,'Lite',239,109000),(10,'New plan',30,'Plus',240,439000),(11,'New plan',30,'Select',241,168000),(12,'New plan',30,'Silver',242,223000),(13,'New plan',30,'Diamond',243,111000),(14,'New plan',30,'Gold',244,187000),(15,'New plan',30,'Bronze',245,100000),(16,'Brand new plan',30,'Larkin, Jacobs and Gutmann',635,168000),(17,'Brand new plan',30,'Mayert-Kuhlman',636,289000),(18,'Brand new plan',30,'Ward and Sons',637,239000),(19,'Brand new plan',30,'Corwin and Sons',638,227000),(20,'Brand new plan',30,'Hermiston Group',639,319000),(21,'Brand new plan',30,'Turcotte, Stanton and Luettgen',640,213000),(22,'Brand new plan',30,'Beatty, Becker and Armstrong',641,309000),(23,'Brand new plan',30,'Feeney, Steuber and Bradtke',642,203000),(24,'Brand new plan',30,'Harber, Davis and Hodkiewicz',643,289000),(25,'Brand new plan',30,'Swaniawski-Hodkiewicz',644,135000),(26,'Brand new plan',30,'Rolfson, Kuhic and Koch',645,311000),(27,'Brand new plan',30,'Morissette, Balistreri and Bahringer',646,149000),(28,'Brand new plan',30,'Keebler Group',647,314000),(29,'Brand new plan',30,'Hane, Leffler and Nicolas',648,121000),(30,'Brand new plan',30,'Cassin LLC',649,166000),(31,'Brand new plan',30,'Gislason, Harvey and Franecki',650,366000),(32,'Brand new plan',30,'Auer-Bernhard',651,330000),(33,'Brand new plan',30,'Dach, Ward and Spencer',652,150000),(34,'Brand new plan',30,'Runte-Spinka',653,262000),(35,'Brand new plan',30,'Bauch, Bechtelar and Ferry',654,158000),(36,'Brand new plan',30,'Dicki, Ondricka and Olson',655,208000),(37,'Brand new plan',30,'Nader, Klocko and McCullough',656,165000),(38,'Brand new plan',30,'Heidenreich Inc',657,100000),(39,'Brand new plan',30,'Schamberger, Ryan and Kovacek',658,208000),(40,'Brand new plan',30,'Collins Inc',659,339000),(41,'Brand new plan',30,'Klein Group',660,368000),(42,'Brand new plan',30,'Wunsch, Abshire and Jerde',661,122000),(43,'Brand new plan',30,'Olson, Gaylord and Raynor',662,312000),(44,'Brand new plan',30,'Klein-Hackett',663,190000),(45,'Brand new plan',30,'Berge Inc',664,216000),(46,'Brand new plan',30,'Lemke Group',665,108000),(47,'Brand new plan',30,'Jacobson Inc',666,394000),(48,'Brand new plan',30,'Cronin, Lockman and Mraz',667,345000),(49,'Brand new plan',30,'Carroll Inc',668,140000),(50,'Brand new plan',30,'Conroy, Block and Skiles',669,170000);
/*!40000 ALTER TABLE `plan` ENABLE KEYS */;
UNLOCK TABLES;

--
-- Table structure for table `product`
--

DROP TABLE IF EXISTS `product`;
/*!40101 SET @saved_cs_client     = @@character_set_client */;
/*!50503 SET character_set_client = utf8mb4 */;
CREATE TABLE `product` (
  `product_id` bigint NOT NULL AUTO_INCREMENT,
  `alert_amount` int DEFAULT '0',
  `amount_left` int DEFAULT '0',
  `cost_per_unit` double DEFAULT '0',
  `description` varchar(1000) DEFAULT NULL,
  `name` varchar(100) DEFAULT NULL,
  `picture_id` bigint DEFAULT NULL,
  `selling_price` double DEFAULT '0',
  `user_id` bigint DEFAULT NULL,
  `visible` tinyint(1) NOT NULL DEFAULT '1',
  `product_group_id` bigint DEFAULT NULL,
  PRIMARY KEY (`product_id`),
  KEY `product_user_id_index` (`user_id`),
  KEY `product_product_group_id_index` (`product_group_id`),
  CONSTRAINT `FKd1puiblqvkggoc63q7c3ux5x6` FOREIGN KEY (`product_group_id`) REFERENCES `product_group` (`product_group_id`)
) ENGINE=InnoDB AUTO_INCREMENT=511 DEFAULT CHARSET=utf8mb4 COLLATE=utf8mb4_0900_ai_ci;
/*!40101 SET character_set_client = @saved_cs_client */;

--
-- Dumping data for table `product`
--

LOCK TABLES `product` WRITE;
/*!40000 ALTER TABLE `product` DISABLE KEYS */;
INSERT INTO `product` VALUES (1,0,25,176000,'Grilled Shrimp','Grilled Shrimp',26,190000,2,1,2),(2,0,27,97000,'Fried Chicken','Fried Chicken',27,115000,2,1,1),(3,0,16,114000,'Pork Barbecue','Pork Barbecue',28,135000,1,1,2),(4,0,20,143000,'Beef Steak','Beef Steak',29,160000,1,1,2),(5,0,23,89000,'Roast Oyster','Roast Oyster',30,100000,1,1,2),(6,0,41,62000,'Garlic Butter Bread','Garlic Butter Bread',31,80000,1,1,1),(7,0,30,120000,'Salmon Sashimi','Salmon Sashimi',32,140000,2,1,1),(8,0,22,66000,'Spring Roll','Spring Roll',33,85000,2,1,1),(9,0,18,56000,'Seafood Soup','Seafood Soup',34,70000,1,1,1),(10,0,19,83000,'Chicken Orzo','Chicken Orzo',35,100000,2,1,2),(11,0,21,82000,'Pan-seared Chicken Breast','Pan-seared Chicken Breast',36,100000,1,1,2),(12,0,18,186000,'Beef Wellington','Beef Wellington',37,205000,1,1,2),(13,0,27,29000,'Orange Juice','Orange Juice',38,40000,1,1,3),(14,0,30,40000,'Kiwi Juice','Kiwi Juice',39,55000,1,1,3),(15,0,33,103000,'Shrimp and Butter','Shrimp and Butter',40,125000,1,1,2),(16,0,35,81000,'Arctic fox','Arctic fox',331,96000,1,1,3),(17,0,50,80000,'Barasingha deer','Barasingha deer',332,95000,1,1,2),(18,0,31,90000,'Western pygmy possum','Western pygmy possum',333,105000,1,1,2),(19,0,49,44000,'Pintail, bahama','Pintail, bahama',334,59000,2,1,1),(20,0,41,81000,'White-browed owl','White-browed owl',335,96000,1,1,2),(21,0,49,152000,'Owl, white-browed','Owl, white-browed',336,167000,1,1,3),(22,0,59,154000,'Klipspringer','Klipspringer',337,169000,2,1,3),(23,0,37,212000,'Heron, green','Heron, green',338,227000,2,1,1),(24,0,48,200000,'Defassa waterbuck\'','Defassa waterbuck\'',339,215000,2,1,1),(25,0,20,168000,'Green-winged trumpeter','Green-winged trumpeter',340,183000,2,1,3),(26,0,46,72000,'Blue and yellow macaw','Blue and yellow macaw',341,87000,1,1,2),(27,0,60,152000,'Cape raven','Cape raven',342,167000,2,1,1),(28,0,49,110000,'Otter, giant','Otter, giant',343,125000,1,1,3),(29,0,56,120000,'Roe deer','Roe deer',344,135000,1,1,1),(30,0,22,158000,'Hawk, galapagos','Hawk, galapagos',345,173000,2,1,1),(31,0,36,236000,'Red-capped cardinal','Red-capped cardinal',346,251000,2,1,3),(32,0,52,84000,'Squirrel, red','Squirrel, red',347,99000,2,1,1),(33,0,41,89000,'Sheep, american bighorn','Sheep, american bighorn',348,104000,2,1,1),(34,0,40,88000,'Gull, lava','Gull, lava',349,103000,2,1,2),(35,0,14,88000,'Carpet python','Carpet python',350,103000,1,1,1),(36,0,46,111000,'White-tailed jackrabbit','White-tailed jackrabbit',351,126000,2,1,2),(37,0,24,150000,'Galapagos tortoise','Galapagos tortoise',352,165000,2,1,2),(38,0,24,168000,'Squirrel, indian giant','Squirrel, indian giant',353,183000,2,1,3),(39,0,40,101000,'Eagle, african fish','Eagle, african fish',354,116000,1,1,2),(40,0,15,90000,'Booby, blue-footed','Booby, blue-footed',355,105000,2,1,1),(41,0,47,103000,'Meerkat, red','Meerkat, red',356,118000,1,1,1),(42,0,28,116000,'Egret, great','Egret, great',357,131000,1,1,2),(43,0,40,15000,'Red-necked wallaby','Red-necked wallaby',358,30000,1,1,2),(44,0,57,77000,'Desert kangaroo rat','Desert kangaroo rat',359,92000,1,1,3),(45,0,54,115000,'Antelope ground squirrel','Antelope ground squirrel',360,130000,2,1,2),(46,0,39,154000,'Cockatoo, long-billed','Cockatoo, long-billed',361,169000,2,1,2),(47,0,22,194000,'Weaver, sociable','Weaver, sociable',362,209000,2,1,2),(48,0,35,84000,'Giant otter','Giant otter',363,99000,1,1,2),(49,0,48,84000,'Water moccasin','Water moccasin',364,99000,2,1,1),(50,0,25,88000,'Wombat, common','Wombat, common',365,103000,1,1,3),(51,0,24,75000,'Brown pelican','Brown pelican',366,90000,2,1,1),(52,0,33,68000,'Wild boar','Wild boar',367,83000,2,1,3),(53,0,33,77000,'Lizard, desert spiny','Lizard, desert spiny',368,92000,1,1,1),(54,0,55,83000,'Marine iguana','Marine iguana',369,98000,2,1,1),(55,0,16,118000,'Cat, tiger','Cat, tiger',370,133000,1,1,2),(56,0,59,15000,'White stork','White stork',371,30000,1,1,1),(57,0,33,154000,'Four-spotted skimmer','Four-spotted skimmer',372,169000,2,1,2),(58,0,27,168000,'Black-collared barbet','Black-collared barbet',373,183000,2,1,3),(59,0,29,164000,'Puma','Puma',374,179000,1,1,3),(60,0,52,184000,'Alligator, american','Alligator, american',375,199000,1,1,3),(61,0,12,182000,'Greater kudu','Greater kudu',376,197000,1,1,1),(62,0,49,168000,'Indian star tortoise','Indian star tortoise',377,183000,2,1,1),(63,0,46,102000,'Brazilian tapir','Brazilian tapir',378,117000,2,1,1),(64,0,20,89000,'Lemming, collared','Lemming, collared',379,104000,2,1,1),(65,0,57,212000,'Crab-eating fox','Crab-eating fox',380,227000,2,1,1),(66,0,12,98000,'Indian leopard','Indian leopard',381,113000,1,1,3),(67,0,31,97000,'Galapagos albatross','Galapagos albatross',382,112000,1,1,2),(68,0,58,136000,'Barbet, black-collared','Barbet, black-collared',383,151000,2,1,2),(69,0,33,82000,'Vulture, white-rumped','Vulture, white-rumped',384,97000,2,1,2),(70,0,35,51000,'Lorikeet, scaly-breasted','Lorikeet, scaly-breasted',385,66000,1,1,1),(71,0,14,97000,'Snake, racer','Snake, racer',386,112000,2,1,2),(72,0,58,99000,'Lion, steller sea','Lion, steller sea',387,114000,2,1,3),(73,0,34,184000,'Dove, rock','Dove, rock',388,199000,1,1,1),(74,0,40,222000,'Saddle-billed stork','Saddle-billed stork',389,237000,2,1,1),(75,0,36,24000,'Red brocket','Red brocket',390,39000,2,1,1),(76,0,51,103000,'Dove, mourning collared','Dove, mourning collared',391,118000,2,1,3),(77,0,35,168000,'Emerald-spotted wood dove','Emerald-spotted wood dove',392,183000,1,1,3),(78,0,13,228000,'Robin, white-throated','Robin, white-throated',393,243000,1,1,1),(79,0,51,78000,'Common wallaroo','Common wallaroo',394,93000,1,1,2),(80,0,56,106000,'Bat, asian false vampire','Bat, asian false vampire',395,121000,2,1,2),(81,0,16,46000,'Eurasian beaver','Eurasian beaver',396,61000,1,1,2),(82,0,56,72000,'Skink, blue-tongued','Skink, blue-tongued',397,87000,2,1,1),(83,0,16,136000,'Green vine snake','Green vine snake',398,151000,2,1,2),(84,0,55,15000,'Badger, american','Badger, american',399,30000,1,1,1),(85,0,13,220000,'Duck, mountain','Duck, mountain',400,235000,1,1,1),(86,0,46,202000,'Wild turkey','Wild turkey',401,217000,2,1,3),(87,0,26,178000,'Wapiti, elk','Wapiti, elk',402,193000,2,1,3),(88,0,32,164000,'Fat-tailed dunnart','Fat-tailed dunnart',403,179000,1,1,2),(89,0,25,60000,'Common nighthawk','Common nighthawk',404,75000,2,1,2),(90,0,18,82000,'Monkey, black spider','Monkey, black spider',405,97000,1,1,3),(91,0,58,238000,'Water legaan','Water legaan',406,253000,1,1,3),(92,0,21,112000,'African buffalo','African buffalo',407,127000,2,1,2),(93,0,24,168000,'Stork, saddle-billed','Stork, saddle-billed',408,183000,1,1,1),(94,0,46,99000,'Greater sage grouse','Greater sage grouse',409,114000,2,1,1),(95,0,47,106000,'Eastern diamondback rattlesnake','Eastern diamondback rattlesnake',410,121000,1,1,2),(96,0,35,58000,'Grant\'\'s gazelle','Grant\'\'s gazelle',411,73000,1,1,2),(97,0,27,88000,'Campo flicker','Campo flicker',412,103000,1,1,3),(98,0,18,120000,'Snake, green vine','Snake, green vine',413,135000,2,1,1),(99,0,54,196000,'Mara','Mara',414,211000,1,1,1),(100,0,50,69000,'Lemur, sportive','Lemur, sportive',415,84000,1,1,1),(101,0,40,25000,'Nothing','Nothing',1070,40000,2,1,NULL),(102,0,37,36000,'Pasta - Bauletti, Chicken White','Pasta - Bauletti, Chicken White',1071,51000,2,1,NULL),(103,0,47,15000,'Sandwich','Sandwich',1072,30000,1,1,NULL),(104,0,23,198000,'Wine - Balbach Riverside','Wine - Balbach Riverside',1073,213000,1,1,2),(105,0,28,156000,'Apples - Sliced / Wedge','Apples - Sliced / Wedge',1074,171000,1,1,2),(106,0,12,167000,'Soda Water - Club Soda, 355 Ml','Soda Water - Club Soda, 355 Ml',1075,182000,1,1,3),(107,0,15,116000,'Mace Ground','Mace Ground',1076,131000,2,1,2),(108,0,29,64000,'Bread - Multigrain, Loaf','Bread - Multigrain, Loaf',1077,79000,2,1,2),(109,0,41,190000,'Bread - Malt','Bread - Malt',1078,205000,2,1,2),(110,0,57,38000,'Beer - Sleemans Honey Brown','Beer - Sleemans Honey Brown',1079,53000,1,1,3),(111,0,52,73000,'Wine - Fino Tio Pepe Gonzalez','Wine - Fino Tio Pepe Gonzalez',1080,88000,2,1,3),(112,0,27,235000,'Jam - Blackberry, 20 Ml Jar','Jam - Blackberry, 20 Ml Jar',1081,250000,2,1,1),(113,0,19,238000,'Smoked Tongue','Smoked Tongue',1082,253000,2,1,1),(114,0,59,235000,'Pernod','Pernod',1083,250000,1,1,1),(115,0,21,208000,'Teriyaki Sauce','Teriyaki Sauce',1084,223000,2,1,3),(116,0,22,84000,'Salmon - Atlantic, No Skin','Salmon - Atlantic, No Skin',1085,99000,1,1,2),(117,0,39,250000,'Rice - Brown','Rice - Brown',1086,265000,2,1,3),(118,0,18,44000,'Vinegar - Sherry','Vinegar - Sherry',1087,59000,2,1,3),(119,0,15,154000,'Trout - Rainbow, Frozen','Trout - Rainbow, Frozen',1088,169000,1,1,2),(120,0,60,156000,'Broom Handle','Broom Handle',1089,171000,2,1,3),(121,0,42,66000,'Spice - Paprika','Spice - Paprika',1090,81000,2,1,3),(122,0,19,79000,'Fish - Halibut, Cold Smoked','Fish - Halibut, Cold Smoked',1091,94000,1,1,3),(123,0,14,180000,'Mushrooms - Black, Dried','Mushrooms - Black, Dried',1092,195000,1,1,1),(124,0,51,181000,'Beer - Steamwhistle','Beer - Steamwhistle',1093,196000,1,1,3),(125,0,53,115000,'Stock - Fish','Stock - Fish',1094,130000,1,1,1),(126,0,51,247000,'Cake - Miini Cheesecake Cherry','Cake - Miini Cheesecake Cherry',1095,262000,2,1,1),(127,0,36,171000,'Rice - Aborio','Rice - Aborio',1096,186000,1,1,3),(128,0,19,98000,'Salt - Kosher','Salt - Kosher',1097,113000,1,1,3),(129,0,26,196000,'Raspberries - Fresh','Raspberries - Fresh',1098,211000,1,1,3),(130,0,13,199000,'Higashimaru Usukuchi Soy','Higashimaru Usukuchi Soy',1099,214000,1,1,1),(131,0,27,160000,'Corn Syrup','Corn Syrup',1100,175000,1,1,2),(132,0,38,184000,'Raspberries - Fresh','Raspberries - Fresh',1101,199000,2,1,3),(133,0,47,189000,'Honey - Comb','Honey - Comb',1102,204000,1,1,2),(134,0,11,145000,'Fond - Chocolate','Fond - Chocolate',1103,160000,1,1,3),(135,0,57,141000,'Icecream - Dstk Cml And Fdg','Icecream - Dstk Cml And Fdg',1104,156000,1,1,3),(136,0,37,19000,'Eel Fresh','Eel Fresh',1105,34000,1,1,3),(137,0,56,124000,'Cleaner - Bleach','Cleaner - Bleach',1106,139000,1,1,3),(138,0,60,78000,'Instant Coffee','Instant Coffee',1107,93000,1,1,3),(139,0,18,237000,'Tomato Puree','Tomato Puree',1108,252000,2,1,1),(140,0,53,231000,'Bread - Roll, Whole Wheat','Bread - Roll, Whole Wheat',1109,246000,1,1,2),(141,0,51,195000,'Shrimp - Baby, Cold Water','Shrimp - Baby, Cold Water',1110,210000,2,1,2),(142,0,35,30000,'Beef - Tenderloin - Aa','Beef - Tenderloin - Aa',1111,45000,2,1,3),(143,0,13,250000,'Table Cloth 81x81 White','Table Cloth 81x81 White',1112,265000,1,1,2),(144,0,54,208000,'Container - Hngd Cll Blk 7x7x3','Container - Hngd Cll Blk 7x7x3',1113,223000,1,1,1),(145,0,15,39000,'Muffin Mix - Chocolate Chip','Muffin Mix - Chocolate Chip',1114,54000,2,1,3),(146,0,58,24000,'Napkin - Beverge, White 2 - Ply','Napkin - Beverge, White 2 - Ply',1115,39000,1,1,2),(147,0,29,218000,'Beans - French','Beans - French',1116,233000,1,1,1),(148,0,16,66000,'Lettuce - Romaine, Heart','Lettuce - Romaine, Heart',1117,81000,2,1,2),(149,0,32,130000,'Soup - Clam Chowder, Dry Mix','Soup - Clam Chowder, Dry Mix',1118,145000,2,1,2),(150,0,53,200000,'Wine - Balbach Riverside','Wine - Balbach Riverside',1119,215000,1,1,2),(151,0,56,126000,'Kiwano','Kiwano',1120,141000,2,1,2),(152,0,11,245000,'Nut - Macadamia','Nut - Macadamia',1121,260000,1,1,3),(153,0,30,131000,'Gherkin - Sour','Gherkin - Sour',1122,146000,1,1,1),(154,0,55,135000,'Apple - Delicious, Red','Apple - Delicious, Red',1123,150000,2,1,3),(155,0,25,33000,'Chutney Sauce - Mango','Chutney Sauce - Mango',1124,48000,1,1,3),(156,0,52,212000,'Lamb - Ground','Lamb - Ground',1125,227000,2,1,3),(157,0,22,242000,'Water - Spring Water 500ml','Water - Spring Water 500ml',1126,257000,1,1,2),(158,0,47,89000,'Wine - Manischewitz Concord','Wine - Manischewitz Concord',1127,104000,2,1,2),(159,0,55,172000,'Soup Campbells Split Pea And Ham','Soup Campbells Split Pea And Ham',1128,187000,1,1,2),(160,0,26,107000,'Bread - Kimel Stick Poly','Bread - Kimel Stick Poly',1129,122000,1,1,1),(161,0,55,238000,'Bar - Granola Trail Mix Fruit Nut','Bar - Granola Trail Mix Fruit Nut',1130,253000,2,1,1),(162,0,34,151000,'Soup - Campbells, Chix Gumbo','Soup - Campbells, Chix Gumbo',1131,166000,1,1,2),(163,0,49,22000,'Sprouts - Baby Pea Tendrils','Sprouts - Baby Pea Tendrils',1132,37000,1,1,3),(164,0,31,108000,'Beef - Inside Round','Beef - Inside Round',1133,123000,1,1,2),(165,0,49,226000,'Sparkling Wine - Rose, Freixenet','Sparkling Wine - Rose, Freixenet',1134,241000,2,1,2),(166,0,42,86000,'Cornish Hen','Cornish Hen',1135,101000,1,1,1),(167,0,53,205000,'Ecolab - Orange Frc, Cleaner','Ecolab - Orange Frc, Cleaner',1136,220000,1,1,1),(168,0,25,49000,'Beer - True North Strong Ale','Beer - True North Strong Ale',1137,64000,1,1,1),(169,0,60,79000,'Nantucket Cranberry Juice','Nantucket Cranberry Juice',1138,94000,2,1,1),(170,0,12,232000,'Cabbage Roll','Cabbage Roll',1139,247000,1,1,2),(171,0,25,207000,'Energy Drink Bawls','Energy Drink Bawls',1140,222000,1,1,1),(172,0,28,86000,'Cups 10oz Trans','Cups 10oz Trans',1141,101000,2,1,2),(173,0,54,27000,'Tuna - Loin','Tuna - Loin',1142,42000,2,1,1),(174,0,25,95000,'Cheese - Brie, Cups 125g','Cheese - Brie, Cups 125g',1143,110000,1,1,1),(175,0,54,144000,'Bread Foccacia Whole','Bread Foccacia Whole',1144,159000,2,1,2),(176,0,31,184000,'Mince Meat - Filling','Mince Meat - Filling',1145,199000,2,1,3),(177,0,37,239000,'Coffee Cup 12oz 5342cd','Coffee Cup 12oz 5342cd',1146,254000,2,1,1),(178,0,29,156000,'Rum - Mount Gay Eclipes','Rum - Mount Gay Eclipes',1147,171000,2,1,1),(179,0,25,46000,'Beer - Maudite','Beer - Maudite',1148,61000,2,1,2),(180,0,31,216000,'Jam - Blackberry, 20 Ml Jar','Jam - Blackberry, 20 Ml Jar',1149,231000,1,1,3),(181,0,17,221000,'Pork - Sausage Casing','Pork - Sausage Casing',1150,236000,2,1,3),(182,0,34,207000,'Nut - Hazelnut, Ground, Natural','Nut - Hazelnut, Ground, Natural',1151,222000,2,1,2),(183,0,60,122000,'Wine - Red, Concha Y Toro','Wine - Red, Concha Y Toro',1152,137000,2,1,1),(184,0,33,207000,'Juice - V8, Tomato','Juice - V8, Tomato',1153,222000,1,1,1),(185,0,30,185000,'Syrup - Monin - Granny Smith','Syrup - Monin - Granny Smith',1154,200000,2,1,2),(186,0,39,52000,'Cheese - Roquefort Pappillon','Cheese - Roquefort Pappillon',1155,67000,2,1,3),(187,0,43,156000,'Nantucket - Pomegranate Pear','Nantucket - Pomegranate Pear',1156,171000,2,1,1),(188,0,39,142000,'Soup - Campbells, Minestrone','Soup - Campbells, Minestrone',1157,157000,1,1,1),(189,0,58,225000,'Spic And Span All Purpose','Spic And Span All Purpose',1158,240000,2,1,1),(190,0,59,213000,'Plate Pie Foil','Plate Pie Foil',1159,228000,1,1,2),(191,0,60,141000,'Brocolinni - Gaylan, Chinese','Brocolinni - Gaylan, Chinese',1160,156000,1,1,3),(192,0,14,50000,'Vector Energy Bar','Vector Energy Bar',1161,65000,1,1,1),(193,0,33,46000,'Ecolab - Orange Frc, Cleaner','Ecolab - Orange Frc, Cleaner',1162,61000,1,1,2),(194,0,10,61000,'Sauce - Ranch Dressing','Sauce - Ranch Dressing',1163,76000,2,1,2),(195,0,43,151000,'Sour Puss Raspberry','Sour Puss Raspberry',1164,166000,1,1,3),(196,0,24,89000,'Cherries - Bing, Canned','Cherries - Bing, Canned',1165,104000,2,1,2),(197,0,32,209000,'Tarts Assorted','Tarts Assorted',1166,224000,1,1,3),(198,0,26,61000,'Stock - Beef, White','Stock - Beef, White',1167,76000,2,1,1),(199,0,26,130000,'Lobster - Tail, 3 - 4 Oz','Lobster - Tail, 3 - 4 Oz',1168,145000,1,1,1),(200,0,42,213000,'Water - Aquafina Vitamin','Water - Aquafina Vitamin',1169,228000,1,1,1),(201,0,19,194000,'Soap - Pine Sol Floor Cleaner','Soap - Pine Sol Floor Cleaner',1170,209000,1,1,2),(202,0,10,79000,'Eggs - Extra Large','Eggs - Extra Large',1171,94000,2,1,2),(203,0,34,32000,'Soup - Knorr, Country Bean','Soup - Knorr, Country Bean',1172,47000,1,1,3),(204,0,28,139000,'Pork - Back, Long Cut, Boneless','Pork - Back, Long Cut, Boneless',1173,154000,1,1,2),(205,0,31,116000,'Mushroom - White Button','Mushroom - White Button',1174,131000,2,1,1),(206,0,11,148000,'Table Cloth 62x114 Colour','Table Cloth 62x114 Colour',1175,163000,1,1,2),(207,0,52,139000,'Veal - Osso Bucco','Veal - Osso Bucco',1176,154000,1,1,1),(208,0,14,236000,'Bread - Rye','Bread - Rye',1177,251000,1,1,1),(209,0,58,44000,'Sobe - Green Tea','Sobe - Green Tea',1178,59000,1,1,3),(210,0,35,196000,'Sauce - White, Mix','Sauce - White, Mix',1179,211000,1,1,1),(211,0,41,132000,'Oven Mitts - 15 Inch','Oven Mitts - 15 Inch',1180,147000,2,1,2),(212,0,39,54000,'Beans - Kidney, Canned','Beans - Kidney, Canned',1181,69000,1,1,3),(213,0,12,90000,'Cheese - Grie Des Champ','Cheese - Grie Des Champ',1182,105000,2,1,3),(214,0,35,38000,'Tuna - Loin','Tuna - Loin',1183,53000,2,1,3),(215,0,28,138000,'Oil - Margarine','Oil - Margarine',1184,153000,2,1,2),(216,0,25,90000,'Godiva White Chocolate','Godiva White Chocolate',1185,105000,2,1,1),(217,0,32,21000,'Veal - Kidney','Veal - Kidney',1186,36000,2,1,3),(218,0,25,52000,'Bread Roll Foccacia','Bread Roll Foccacia',1187,67000,2,1,3),(219,0,19,180000,'Wine - Red, Antinori Santa','Wine - Red, Antinori Santa',1188,195000,1,1,2),(220,0,11,25000,'Cheese - Manchego, Spanish','Cheese - Manchego, Spanish',1189,40000,2,1,2),(221,0,39,35000,'Wine - Valpolicella Masi','Wine - Valpolicella Masi',1190,50000,2,1,1),(222,0,49,87000,'Mousse - Banana Chocolate','Mousse - Banana Chocolate',1191,102000,2,1,2),(223,0,16,77000,'Beer - Steamwhistle','Beer - Steamwhistle',1192,92000,2,1,2),(224,0,26,107000,'Lychee','Lychee',1193,122000,2,1,3),(225,0,24,53000,'Basil - Thai','Basil - Thai',1194,68000,1,1,2),(226,0,31,163000,'Aromat Spice / Seasoning','Aromat Spice / Seasoning',1195,178000,2,1,3),(227,0,22,171000,'Apricots - Halves','Apricots - Halves',1196,186000,2,1,2),(228,0,60,117000,'Bay Leaf Ground','Bay Leaf Ground',1197,132000,1,1,1),(229,0,19,54000,'Coffee - Dark Roast','Coffee - Dark Roast',1198,69000,2,1,2),(230,0,57,135000,'Lettuce - Iceberg','Lettuce - Iceberg',1199,150000,2,1,2),(231,0,16,32000,'Oven Mitts 17 Inch','Oven Mitts 17 Inch',1200,47000,1,1,2),(232,0,50,203000,'Squash - Guords','Squash - Guords',1201,218000,1,1,1),(233,0,43,203000,'Cheese - Le Cheve Noir','Cheese - Le Cheve Noir',1202,218000,1,1,1),(234,0,54,157000,'Sterno - Chafing Dish Fuel','Sterno - Chafing Dish Fuel',1203,172000,1,1,2),(235,0,30,157000,'Ham - Smoked, Bone - In','Ham - Smoked, Bone - In',1204,172000,2,1,2),(236,0,28,65000,'Filter - Coffee','Filter - Coffee',1205,80000,2,1,3),(237,0,41,70000,'Juice - Propel Sport','Juice - Propel Sport',1206,85000,2,1,3),(238,0,12,138000,'Wine - Puligny Montrachet A.','Wine - Puligny Montrachet A.',1207,153000,1,1,2),(239,0,27,232000,'Chocolate Bar - Oh Henry','Chocolate Bar - Oh Henry',1208,247000,1,1,2),(240,0,39,26000,'Kahlua','Kahlua',1209,41000,1,1,1),(241,0,55,121000,'Mix Pina Colada','Mix Pina Colada',1210,136000,1,1,1),(242,0,47,42000,'Garlic - Primerba, Paste','Garlic - Primerba, Paste',1211,57000,2,1,1),(243,0,59,65000,'Crackers - Soda / Saltins','Crackers - Soda / Saltins',1212,80000,1,1,2),(244,0,43,183000,'Sour Cream','Sour Cream',1213,198000,1,1,2),(245,0,30,234000,'Chutney Sauce - Mango','Chutney Sauce - Mango',1214,249000,1,1,3),(246,0,60,137000,'Wine - White, Lindemans Bin 95','Wine - White, Lindemans Bin 95',1215,152000,2,1,1),(247,0,48,201000,'Oysters - Smoked','Oysters - Smoked',1216,216000,1,1,2),(248,0,53,108000,'Fruit Salad Deluxe','Fruit Salad Deluxe',1217,123000,1,1,3),(249,0,58,157000,'Soho Lychee Liqueur','Soho Lychee Liqueur',1218,172000,2,1,3),(250,0,22,209000,'Milk - Chocolate 500ml','Milk - Chocolate 500ml',1219,224000,2,1,2),(251,0,26,90000,'Foil - 4oz Custard Cup','Foil - 4oz Custard Cup',1220,105000,2,1,3),(252,0,53,40000,'Wine - Vidal Icewine Magnotta','Wine - Vidal Icewine Magnotta',1221,55000,2,1,2),(253,0,28,148000,'Ice Cream Bar - Hagen Daz','Ice Cream Bar - Hagen Daz',1222,163000,2,1,3),(254,0,20,133000,'Apricots - Halves','Apricots - Halves',1223,148000,1,1,3),(255,0,59,208000,'Bay Leaf Ground','Bay Leaf Ground',1224,223000,2,1,2),(256,0,23,155000,'Flax Seed','Flax Seed',1225,170000,2,1,3),(257,0,29,133000,'Wine - Zinfandel California 2002','Wine - Zinfandel California 2002',1226,148000,1,1,1),(258,0,16,183000,'Tea - Vanilla Chai','Tea - Vanilla Chai',1227,198000,2,1,3),(259,0,36,32000,'Gatorade - Lemon Lime','Gatorade - Lemon Lime',1228,47000,2,1,3),(260,0,18,63000,'Tamarillo','Tamarillo',1229,78000,1,1,3),(261,0,25,201000,'Honey - Liquid','Honey - Liquid',1230,216000,1,1,3),(262,0,12,99000,'Alize Red Passion','Alize Red Passion',1231,114000,1,1,3),(263,0,25,110000,'Blue Curacao - Marie Brizard','Blue Curacao - Marie Brizard',1232,125000,1,1,3),(264,0,28,235000,'Flour - All Purpose','Flour - All Purpose',1233,250000,2,1,2),(265,0,54,128000,'Pepper - Red Bell','Pepper - Red Bell',1234,143000,1,1,3),(266,0,25,152000,'Bok Choy - Baby','Bok Choy - Baby',1235,167000,1,1,3),(267,0,56,126000,'Fruit Salad Deluxe','Fruit Salad Deluxe',1236,141000,2,1,1),(268,0,41,158000,'Cheese - Provolone','Cheese - Provolone',1237,173000,2,1,1),(269,0,27,161000,'Carroway Seed','Carroway Seed',1238,176000,2,1,3),(270,0,52,80000,'Wine - Red, Gallo, Merlot','Wine - Red, Gallo, Merlot',1239,95000,1,1,3),(271,0,19,135000,'Sandwich Wrap','Sandwich Wrap',1240,150000,1,1,1),(272,0,32,186000,'Trueblue - Blueberry Cranberry','Trueblue - Blueberry Cranberry',1241,201000,2,1,3),(273,0,40,38000,'Garbage Bags - Black','Garbage Bags - Black',1242,53000,2,1,2),(274,0,45,86000,'Crackers - Graham','Crackers - Graham',1243,101000,1,1,3),(275,0,45,66000,'Cookie Dough - Peanut Butter','Cookie Dough - Peanut Butter',1244,81000,2,1,2),(276,0,29,55000,'Spice - Paprika','Spice - Paprika',1245,70000,2,1,1),(277,0,51,58000,'Bread - Bagels, Mini','Bread - Bagels, Mini',1246,73000,1,1,3),(278,0,56,110000,'Ham - Virginia','Ham - Virginia',1247,125000,1,1,3),(279,0,18,125000,'Buttons','Buttons',1248,140000,1,1,2),(280,0,14,43000,'Plastic Arrow Stir Stick','Plastic Arrow Stir Stick',1249,58000,1,1,3),(281,0,55,58000,'Chicken - Breast, 5 - 7 Oz','Chicken - Breast, 5 - 7 Oz',1250,73000,2,1,2),(282,0,21,145000,'Muffin Puck Ww Carrot','Muffin Puck Ww Carrot',1251,160000,1,1,1),(283,0,31,69000,'Loquat','Loquat',1252,84000,1,1,2),(284,0,32,124000,'Dragon Fruit','Dragon Fruit',1253,139000,1,1,2),(285,0,58,162000,'Appetizer - Spring Roll, Veg','Appetizer - Spring Roll, Veg',1254,177000,1,1,1),(286,0,30,190000,'Parsley - Fresh','Parsley - Fresh',1255,205000,1,1,2),(287,0,17,211000,'Muffin - Zero Transfat','Muffin - Zero Transfat',1256,226000,1,1,2),(288,0,37,234000,'Tea - Grapefruit Green Tea','Tea - Grapefruit Green Tea',1257,249000,1,1,1),(289,0,23,56000,'Energy Drink - Redbull 355ml','Energy Drink - Redbull 355ml',1258,71000,1,1,2),(290,0,45,26000,'Thyme - Dried','Thyme - Dried',1259,41000,2,1,3),(291,0,44,182000,'Bread - Crumbs, Bulk','Bread - Crumbs, Bulk',1260,197000,1,1,3),(292,0,26,111000,'Sour Puss Raspberry','Sour Puss Raspberry',1261,126000,1,1,1),(293,0,39,230000,'Beets - Mini Golden','Beets - Mini Golden',1262,245000,1,1,2),(294,0,55,95000,'Cleaner - Bleach','Cleaner - Bleach',1263,110000,2,1,3),(295,0,46,238000,'Flavouring Vanilla Artificial','Flavouring Vanilla Artificial',1264,253000,2,1,2),(296,0,57,189000,'Lotus Leaves','Lotus Leaves',1265,204000,2,1,3),(297,0,34,211000,'Pop Shoppe Cream Soda','Pop Shoppe Cream Soda',1266,226000,1,1,3),(298,0,42,237000,'Red Currants','Red Currants',1267,252000,1,1,1),(299,0,47,67000,'Crawfish','Crawfish',1268,82000,1,1,2),(300,0,47,76000,'Beans - Soya Bean','Beans - Soya Bean',1269,91000,1,1,2),(301,0,35,164000,'Tea - Lemon Green Tea','Tea - Lemon Green Tea',1270,179000,2,1,2),(302,0,25,107000,'Creme De Banane - Marie','Creme De Banane - Marie',1271,122000,1,1,3),(303,0,10,24000,'Oats Large Flake','Oats Large Flake',1272,39000,1,1,1),(304,0,15,20000,'Lemonade - Natural, 591 Ml','Lemonade - Natural, 591 Ml',1273,35000,1,1,3),(305,0,35,244000,'Cheese - Brie','Cheese - Brie',1274,259000,1,1,3),(306,0,18,210000,'Sugar - Sweet N Low, Individual','Sugar - Sweet N Low, Individual',1275,225000,2,1,3),(307,0,26,65000,'Soup - Campbells Chicken','Soup - Campbells Chicken',1276,80000,1,1,2),(308,0,17,145000,'Energy Drink','Energy Drink',1277,160000,2,1,3),(309,0,49,47000,'Brandy - Orange, Mc Guiness','Brandy - Orange, Mc Guiness',1278,62000,2,1,1),(310,0,30,18000,'Wine - Red, Mouton Cadet','Wine - Red, Mouton Cadet',1279,33000,2,1,2),(311,0,45,165000,'Tray - 12in Rnd Blk','Tray - 12in Rnd Blk',1280,180000,1,1,3),(312,0,25,53000,'Salmon - Sockeye Raw','Salmon - Sockeye Raw',1281,68000,2,1,3),(313,0,31,221000,'Raisin - Golden','Raisin - Golden',1282,236000,1,1,2),(314,0,17,227000,'Lumpfish Black','Lumpfish Black',1283,242000,1,1,2),(315,0,37,222000,'Brandy - Orange, Mc Guiness','Brandy - Orange, Mc Guiness',1284,237000,2,1,3),(316,0,21,177000,'Cake - Pancake','Cake - Pancake',1285,192000,2,1,1),(317,0,36,203000,'Chicken - Breast, 5 - 7 Oz','Chicken - Breast, 5 - 7 Oz',1286,218000,1,1,3),(318,0,55,233000,'Anchovy Paste - 56 G Tube','Anchovy Paste - 56 G Tube',1287,248000,2,1,1),(319,0,58,71000,'French Kiss Vanilla','French Kiss Vanilla',1288,86000,2,1,2),(320,0,14,108000,'Dooleys Toffee','Dooleys Toffee',1289,123000,2,1,1),(321,0,39,78000,'Cookies - Englishbay Oatmeal','Cookies - Englishbay Oatmeal',1290,93000,1,1,3),(322,0,42,48000,'Bread - Olive','Bread - Olive',1291,63000,1,1,1),(323,0,32,226000,'Rice - Sushi','Rice - Sushi',1292,241000,1,1,3),(324,0,24,32000,'Salmon - Fillets','Salmon - Fillets',1293,47000,1,1,3),(325,0,15,167000,'Tomatoes - Plum, Canned','Tomatoes - Plum, Canned',1294,182000,1,1,3),(326,0,46,20000,'Aspic - Amber','Aspic - Amber',1295,35000,2,1,2),(327,0,20,51000,'Yogurt - Cherry, 175 Gr','Yogurt - Cherry, 175 Gr',1296,66000,2,1,2),(328,0,53,180000,'Cheese - Cheddar, Medium','Cheese - Cheddar, Medium',1297,195000,1,1,3),(329,0,46,27000,'Ice Cream - Chocolate','Ice Cream - Chocolate',1298,42000,1,1,3),(330,0,10,46000,'Cake - Lemon Chiffon','Cake - Lemon Chiffon',1299,61000,2,1,3),(331,0,55,132000,'Pork - Bacon, Double Smoked','Pork - Bacon, Double Smoked',1300,147000,2,1,1),(332,0,32,39000,'Carbonated Water - Lemon Lime','Carbonated Water - Lemon Lime',1301,54000,1,1,2),(333,0,34,18000,'Creme De Banane - Marie','Creme De Banane - Marie',1302,33000,1,1,1),(334,0,16,189000,'Beer - Blue Light','Beer - Blue Light',1303,204000,1,1,1),(335,0,21,174000,'Beef Ground Medium','Beef Ground Medium',1304,189000,2,1,2),(336,0,44,53000,'Lamb - Sausage Casings','Lamb - Sausage Casings',1305,68000,1,1,3),(337,0,48,194000,'Apple - Delicious, Red','Apple - Delicious, Red',1306,209000,2,1,3),(338,0,49,90000,'Peach - Fresh','Peach - Fresh',1307,105000,2,1,1),(339,0,38,87000,'Rice - Sushi','Rice - Sushi',1308,102000,1,1,2),(340,0,33,150000,'Juice - Grapefruit, 341 Ml','Juice - Grapefruit, 341 Ml',1309,165000,1,1,3),(341,0,41,238000,'Plate Foam Laminated 9in Blk','Plate Foam Laminated 9in Blk',1310,253000,2,1,1),(342,0,46,23000,'Tea - Darjeeling, Azzura','Tea - Darjeeling, Azzura',1311,38000,2,1,2),(343,0,46,83000,'Pork - European Side Bacon','Pork - European Side Bacon',1312,98000,1,1,2),(344,0,32,98000,'Trout Rainbow Whole','Trout Rainbow Whole',1313,113000,1,1,2),(345,0,10,224000,'Chinese Foods - Chicken Wing','Chinese Foods - Chicken Wing',1314,239000,1,1,2),(346,0,50,109000,'Cake Slab','Cake Slab',1315,124000,2,1,3),(347,0,58,90000,'Roe - Flying Fish','Roe - Flying Fish',1316,105000,2,1,1),(348,0,26,108000,'Glass - Wine, Plastic, Clear 5 Oz','Glass - Wine, Plastic, Clear 5 Oz',1317,123000,1,1,3),(349,0,48,18000,'Sprouts Dikon','Sprouts Dikon',1318,33000,1,1,3),(350,0,50,218000,'Oil - Peanut','Oil - Peanut',1319,233000,2,1,2),(351,0,48,83000,'Sausage - Blood Pudding','Sausage - Blood Pudding',1320,98000,2,1,3),(352,0,28,214000,'Carbonated Water - Blackcherry','Carbonated Water - Blackcherry',1321,229000,2,1,1),(353,0,39,104000,'Nantucket - Pomegranate Pear','Nantucket - Pomegranate Pear',1322,119000,1,1,1),(354,0,52,92000,'Chocolate - Pistoles, White','Chocolate - Pistoles, White',1323,107000,1,1,2),(355,0,28,133000,'Carbonated Water - Orange','Carbonated Water - Orange',1324,148000,2,1,3),(356,0,28,137000,'Hand Towel','Hand Towel',1325,152000,2,1,1),(357,0,45,35000,'Tea - Herbal - 6 Asst','Tea - Herbal - 6 Asst',1326,50000,2,1,2),(358,0,29,218000,'Chicken - Bones','Chicken - Bones',1327,233000,2,1,2),(359,0,53,29000,'Juice - Apple Cider','Juice - Apple Cider',1328,44000,1,1,1),(360,0,13,180000,'Wine - Red Oakridge Merlot','Wine - Red Oakridge Merlot',1329,195000,1,1,1),(361,0,51,94000,'Aspic - Amber','Aspic - Amber',1330,109000,1,1,2),(362,0,55,147000,'Lamb - Loin, Trimmed, Boneless','Lamb - Loin, Trimmed, Boneless',1331,162000,1,1,1),(363,0,11,204000,'Apple - Custard','Apple - Custard',1332,219000,1,1,1),(364,0,33,94000,'Napkin - Beverage 1 Ply','Napkin - Beverage 1 Ply',1333,109000,1,1,1),(365,0,18,77000,'Fish - Base, Bouillion','Fish - Base, Bouillion',1334,92000,2,1,2),(366,0,36,86000,'Lettuce - Lambs Mash','Lettuce - Lambs Mash',1335,101000,1,1,2),(367,0,12,180000,'Wine - Sake','Wine - Sake',1336,195000,1,1,1),(368,0,47,159000,'Sauce - Gravy, Au Jus, Mix','Sauce - Gravy, Au Jus, Mix',1337,174000,1,1,3),(369,0,35,237000,'Fennel - Seeds','Fennel - Seeds',1338,252000,1,1,3),(370,0,25,223000,'Beans - Black Bean, Dry','Beans - Black Bean, Dry',1339,238000,1,1,2),(371,0,60,155000,'Mushroom - Morels, Dry','Mushroom - Morels, Dry',1340,170000,2,1,3),(372,0,12,89000,'Cup - 6oz, Foam','Cup - 6oz, Foam',1341,104000,1,1,2),(373,0,22,199000,'Broom And Broom Rack White','Broom And Broom Rack White',1342,214000,2,1,2),(374,0,14,241000,'Figs','Figs',1343,256000,1,1,3),(375,0,47,124000,'Lemon Pepper','Lemon Pepper',1344,139000,2,1,2),(376,0,32,115000,'Skewers - Bamboo','Skewers - Bamboo',1345,130000,1,1,1),(377,0,57,188000,'Scallop - St. Jaques','Scallop - St. Jaques',1346,203000,2,1,1),(378,0,28,107000,'Muffin - Zero Transfat','Muffin - Zero Transfat',1347,122000,1,1,1),(379,0,12,192000,'Pork - Hock And Feet Attached','Pork - Hock And Feet Attached',1348,207000,2,1,3),(380,0,18,152000,'Basil - Primerba, Paste','Basil - Primerba, Paste',1349,167000,1,1,3),(381,0,43,169000,'Turkey - Breast, Boneless Sk On','Turkey - Breast, Boneless Sk On',1350,184000,1,1,1),(382,0,49,140000,'Beef Striploin Aaa','Beef Striploin Aaa',1351,155000,2,1,1),(383,0,57,176000,'Salt And Pepper Mix - White','Salt And Pepper Mix - White',1352,191000,2,1,2),(384,0,25,209000,'Juice - Propel Sport','Juice - Propel Sport',1353,224000,2,1,1),(385,0,45,32000,'Sugar - Cubes','Sugar - Cubes',1354,47000,1,1,1),(386,0,41,218000,'Cabbage - Red','Cabbage - Red',1355,233000,1,1,1),(387,0,59,42000,'Trueblue - Blueberry 12x473ml','Trueblue - Blueberry 12x473ml',1356,57000,1,1,3),(388,0,12,242000,'Seedlings - Buckwheat, Organic','Seedlings - Buckwheat, Organic',1357,257000,2,1,2),(389,0,24,132000,'Mcgillicuddy Vanilla Schnap','Mcgillicuddy Vanilla Schnap',1358,147000,1,1,2),(390,0,22,152000,'Chilli Paste, Ginger Garlic','Chilli Paste, Ginger Garlic',1359,167000,2,1,1),(391,0,32,115000,'Banana - Green','Banana - Green',1360,130000,1,1,2),(392,0,33,99000,'Onions - Cooking','Onions - Cooking',1361,114000,2,1,1),(393,0,60,134000,'Stock - Veal, Brown','Stock - Veal, Brown',1362,149000,2,1,3),(394,0,37,123000,'Nutmeg - Ground','Nutmeg - Ground',1363,138000,2,1,1),(395,0,46,199000,'Coconut Milk - Unsweetened','Coconut Milk - Unsweetened',1364,214000,2,1,2),(396,0,58,138000,'Water, Tap','Water, Tap',1365,153000,1,1,3),(397,0,42,79000,'Wine - Black Tower Qr','Wine - Black Tower Qr',1366,94000,2,1,1),(398,0,25,197000,'Water - San Pellegrino','Water - San Pellegrino',1367,212000,1,1,1),(399,0,42,32000,'Flower - Daisies','Flower - Daisies',1368,47000,1,1,1),(400,0,23,19000,'Soup - Campbells Asian Noodle','Soup - Campbells Asian Noodle',1369,34000,1,1,1),(401,0,29,216000,'Calaloo','Calaloo',1370,231000,1,1,3),(402,0,18,71000,'Chicken - Bones','Chicken - Bones',1371,86000,1,1,3),(403,0,44,159000,'Coconut - Whole','Coconut - Whole',1372,174000,2,1,1),(404,0,53,96000,'Turkey - Breast, Smoked','Turkey - Breast, Smoked',1373,111000,2,1,1),(405,0,21,221000,'Sauce - Fish 25 Ozf Bottle','Sauce - Fish 25 Ozf Bottle',1374,236000,2,1,3),(406,0,38,97000,'Nantucket - Orange Mango Cktl','Nantucket - Orange Mango Cktl',1375,112000,1,1,3),(407,0,17,41000,'Wine - White, Pinot Grigio','Wine - White, Pinot Grigio',1376,56000,2,1,2),(408,0,14,132000,'Garam Marsala','Garam Marsala',1377,147000,1,1,2),(409,0,59,53000,'Truffle - Whole Black Peeled','Truffle - Whole Black Peeled',1378,68000,2,1,1),(410,0,41,85000,'Wanton Wrap','Wanton Wrap',1379,100000,1,1,3),(411,0,16,250000,'Venison - Liver','Venison - Liver',1380,265000,2,1,3),(412,0,52,44000,'Lamb Tenderloin Nz Fr','Lamb Tenderloin Nz Fr',1381,59000,2,1,1),(413,0,47,154000,'Cabbage - Green','Cabbage - Green',1382,169000,1,1,1),(414,0,19,154000,'Beef - Rib Roast, Cap On','Beef - Rib Roast, Cap On',1383,169000,1,1,1),(415,0,46,59000,'Carrots - Mini Red Organic','Carrots - Mini Red Organic',1384,74000,1,1,2),(416,0,60,49000,'Ostrich - Fan Fillet','Ostrich - Fan Fillet',1385,64000,1,1,1),(417,0,53,53000,'Bag - Bread, White, Plain','Bag - Bread, White, Plain',1386,68000,1,1,3),(418,0,22,100000,'Bread - Olive','Bread - Olive',1387,115000,1,1,2),(419,0,45,91000,'Dc - Frozen Momji','Dc - Frozen Momji',1388,106000,2,1,2),(420,0,46,140000,'Wine - Red Oakridge Merlot','Wine - Red Oakridge Merlot',1389,155000,1,1,3),(421,0,35,177000,'Wine - Red, Cabernet Merlot','Wine - Red, Cabernet Merlot',1390,192000,2,1,1),(422,0,28,212000,'Wine - Magnotta - Pinot Gris Sr','Wine - Magnotta - Pinot Gris Sr',1391,227000,2,1,2),(423,0,24,46000,'Glass Clear 8 Oz','Glass Clear 8 Oz',1392,61000,2,1,2),(424,0,28,47000,'Everfresh Products','Everfresh Products',1393,62000,1,1,2),(425,0,58,79000,'Bread - 10 Grain Parisian','Bread - 10 Grain Parisian',1394,94000,1,1,2),(426,0,42,239000,'Beer - Heinekin','Beer - Heinekin',1395,254000,2,1,3),(427,0,29,240000,'Tequila Rose Cream Liquor','Tequila Rose Cream Liquor',1396,255000,2,1,1),(428,0,59,230000,'Beef - Prime Rib Aaa','Beef - Prime Rib Aaa',1397,245000,1,1,1),(429,0,47,180000,'Cattail Hearts','Cattail Hearts',1398,195000,2,1,2),(430,0,47,192000,'Seedlings - Buckwheat, Organic','Seedlings - Buckwheat, Organic',1399,207000,2,1,2),(431,0,36,170000,'Arizona - Plum Green Tea','Arizona - Plum Green Tea',1400,185000,2,1,1),(432,0,28,25000,'Appetizer - Seafood Assortment','Appetizer - Seafood Assortment',1401,40000,2,1,2),(433,0,25,68000,'Juice - Cranberry 284ml','Juice - Cranberry 284ml',1402,83000,2,1,2),(434,0,28,247000,'Extract - Rum','Extract - Rum',1403,262000,2,1,1),(435,0,57,77000,'Turnip - Wax','Turnip - Wax',1404,92000,1,1,1),(436,0,38,97000,'Bread - Triangle White','Bread - Triangle White',1405,112000,1,1,3),(437,0,60,236000,'Pork - Liver','Pork - Liver',1406,251000,1,1,2),(438,0,22,173000,'Juice - Cranberry 284ml','Juice - Cranberry 284ml',1407,188000,1,1,2),(439,0,25,140000,'Carrots - Jumbo','Carrots - Jumbo',1408,155000,1,1,3),(440,0,51,163000,'Pork - Backfat','Pork - Backfat',1409,178000,1,1,1),(441,0,14,147000,'Baking Soda','Baking Soda',1410,162000,2,1,3),(442,0,10,227000,'Beer - Camerons Cream Ale','Beer - Camerons Cream Ale',1411,242000,2,1,3),(443,0,50,211000,'Cheese - Parmigiano Reggiano','Cheese - Parmigiano Reggiano',1412,226000,2,1,3),(444,0,59,125000,'Crab - Imitation Flakes','Crab - Imitation Flakes',1413,140000,1,1,1),(445,0,32,208000,'Pepperoni Slices','Pepperoni Slices',1414,223000,1,1,3),(446,0,24,182000,'Absolut Citron','Absolut Citron',1415,197000,1,1,1),(447,0,17,36000,'Clams - Littleneck, Whole','Clams - Littleneck, Whole',1416,51000,2,1,2),(448,0,52,85000,'Beets - Candy Cane, Organic','Beets - Candy Cane, Organic',1417,100000,2,1,1),(449,0,49,64000,'Tart Shells - Sweet, 2','Tart Shells - Sweet, 2',1418,79000,1,1,2),(450,0,27,51000,'Sauce Tomato Pouch','Sauce Tomato Pouch',1419,66000,2,1,1),(451,0,31,44000,'Bread - Sour Batard','Bread - Sour Batard',1420,59000,2,1,1),(452,0,12,53000,'Chef Hat 20cm','Chef Hat 20cm',1421,68000,2,1,2),(453,0,59,115000,'Milkettes - 2%','Milkettes - 2%',1422,130000,2,1,1),(454,0,45,164000,'Vodka - Smirnoff','Vodka - Smirnoff',1423,179000,1,1,2),(455,0,38,225000,'Cheese - Cambozola','Cheese - Cambozola',1424,240000,2,1,3),(456,0,46,149000,'Sugar - Brown','Sugar - Brown',1425,164000,2,1,3),(457,0,55,54000,'Flower - Leather Leaf Fern','Flower - Leather Leaf Fern',1426,69000,1,1,2),(458,0,24,41000,'Magnotta Bel Paese Red','Magnotta Bel Paese Red',1427,56000,1,1,1),(459,0,50,25000,'Lid Tray - 12in Dome','Lid Tray - 12in Dome',1428,40000,2,1,1),(460,0,16,222000,'Wine - Gato Negro Cabernet','Wine - Gato Negro Cabernet',1429,237000,2,1,2),(461,0,20,81000,'Tomato - Green','Tomato - Green',1430,96000,1,1,2),(462,0,46,192000,'Juice - Ocean Spray Cranberry','Juice - Ocean Spray Cranberry',1431,207000,1,1,1),(463,0,56,232000,'Langers - Cranberry Cocktail','Langers - Cranberry Cocktail',1432,247000,1,1,2),(464,0,29,98000,'Puff Pastry - Sheets','Puff Pastry - Sheets',1433,113000,2,1,2),(465,0,22,245000,'Wasabi Paste','Wasabi Paste',1434,260000,2,1,2),(466,0,11,211000,'Muffin Chocolate Individual Wrap','Muffin Chocolate Individual Wrap',1435,226000,1,1,3),(467,0,31,72000,'Arctic Char - Fillets','Arctic Char - Fillets',1436,87000,1,1,1),(468,0,12,180000,'Steamers White','Steamers White',1437,195000,1,1,3),(469,0,59,198000,'Mayonnaise - Individual Pkg','Mayonnaise - Individual Pkg',1438,213000,1,1,1),(470,0,44,200000,'Rosemary - Primerba, Paste','Rosemary - Primerba, Paste',1439,215000,2,1,1),(471,0,34,156000,'Appetizer - Assorted Box','Appetizer - Assorted Box',1440,171000,2,1,2),(472,0,29,165000,'Juice - Apple Cider','Juice - Apple Cider',1441,180000,2,1,2),(473,0,35,103000,'Flower - Potmums','Flower - Potmums',1442,118000,1,1,1),(474,0,26,240000,'Sprouts - Alfalfa','Sprouts - Alfalfa',1443,255000,2,1,3),(475,0,15,170000,'Snapple - Iced Tea Peach','Snapple - Iced Tea Peach',1444,185000,2,1,3),(476,0,37,116000,'Bread - Focaccia Quarter','Bread - Focaccia Quarter',1445,131000,1,1,3),(477,0,30,53000,'Syrup - Chocolate','Syrup - Chocolate',1446,68000,2,1,2),(478,0,31,135000,'Sprouts - China Rose','Sprouts - China Rose',1447,150000,1,1,1),(479,0,54,29000,'Chocolate - Mi - Amere Semi','Chocolate - Mi - Amere Semi',1448,44000,2,1,3),(480,0,13,195000,'Rabbit - Saddles','Rabbit - Saddles',1449,210000,1,1,2),(481,0,49,166000,'Cookie Choc','Cookie Choc',1450,181000,1,1,2),(482,0,44,231000,'Latex Rubber Gloves Size 9','Latex Rubber Gloves Size 9',1451,246000,1,1,3),(483,0,13,171000,'Chick Peas - Dried','Chick Peas - Dried',1452,186000,2,1,1),(484,0,26,148000,'Cucumber - English','Cucumber - English',1453,163000,1,1,2),(485,0,31,208000,'Cheese - Swiss','Cheese - Swiss',1454,223000,1,1,1),(486,0,14,111000,'Nut - Chestnuts, Whole','Nut - Chestnuts, Whole',1455,126000,1,1,1),(487,0,19,149000,'Jolt Cola - Electric Blue','Jolt Cola - Electric Blue',1456,164000,2,1,3),(488,0,45,160000,'Longos - Assorted Sandwich','Longos - Assorted Sandwich',1457,175000,1,1,3),(489,0,54,105000,'Huck White Towels','Huck White Towels',1458,120000,1,1,3),(490,0,27,28000,'Crackers - Water','Crackers - Water',1459,43000,2,1,3),(491,0,11,43000,'Puree - Raspberry','Puree - Raspberry',1460,58000,2,1,2),(492,0,18,114000,'Tuna - Salad Premix','Tuna - Salad Premix',1461,129000,2,1,3),(493,0,46,190000,'Wine - Two Oceans Sauvignon','Wine - Two Oceans Sauvignon',1462,205000,2,1,3),(494,0,15,125000,'Food Colouring - Red','Food Colouring - Red',1463,140000,2,1,1),(495,0,28,37000,'Thyme - Lemon, Fresh','Thyme - Lemon, Fresh',1464,52000,2,1,3),(496,0,37,26000,'Nut - Almond, Blanched, Sliced','Nut - Almond, Blanched, Sliced',1465,41000,2,1,1),(497,0,38,238000,'Food Colouring - Orange','Food Colouring - Orange',1466,253000,1,1,3),(498,0,19,161000,'Doilies - 8, Paper','Doilies - 8, Paper',1467,176000,2,1,2),(499,0,24,74000,'Wine - Winzer Krems Gruner','Wine - Winzer Krems Gruner',1468,89000,1,1,1),(500,0,53,103000,'Pork - Bacon, Double Smoked','Pork - Bacon, Double Smoked',1469,118000,1,1,3),(501,0,0,0,NULL,'Nokia',NULL,0,2,1,NULL),(502,0,0,0,NULL,'Nokia2',NULL,0,2,1,NULL),(503,0,20,0,'Very hard','Nokia2',NULL,400,2,1,NULL),(504,0,10,0,'Very harddd','Nokia3',NULL,1000,2,1,NULL),(505,0,10,0,'Very harddd','Nokia3',NULL,1000,2,1,NULL),(506,0,10,0,'Very harddd','Nokia3',NULL,1000,2,1,NULL),(507,0,10,0,'Very harddd','Nokia3',NULL,1000,2,1,NULL),(508,0,10,0,'Very harddd','Nokia3',NULL,1000,2,1,NULL),(509,0,0,0,'','jkkghg',NULL,0,2,1,NULL),(510,0,0,0,'Ti min ph. Hy yu ti','Trn Quang Hi',NULL,0,2,1,NULL);
/*!40000 ALTER TABLE `product` ENABLE KEYS */;
UNLOCK TABLES;

--
-- Table structure for table `product_component`
--

DROP TABLE IF EXISTS `product_component`;
/*!40101 SET @saved_cs_client     = @@character_set_client */;
/*!50503 SET character_set_client = utf8mb4 */;
CREATE TABLE `product_component` (
  `product_component_id` bigint NOT NULL AUTO_INCREMENT,
  `required_quantity` bigint DEFAULT NULL,
  `total_cost` double DEFAULT NULL,
  `user_id` bigint DEFAULT NULL,
  `ingredient_id` bigint DEFAULT NULL,
  `product_id` bigint DEFAULT NULL,
  PRIMARY KEY (`product_component_id`),
  KEY `product_component_user_id_index` (`user_id`),
  KEY `product_component_product_id_index` (`product_id`),
  KEY `product_component_ingredient_id_index` (`ingredient_id`),
  CONSTRAINT `FK59ur8bog2ssxylw0qo28aumci` FOREIGN KEY (`product_id`) REFERENCES `product` (`product_id`),
  CONSTRAINT `FK99pdjvmou23eb10r2uj3x34p7` FOREIGN KEY (`ingredient_id`) REFERENCES `ingredient` (`ingredient_id`)
) ENGINE=InnoDB AUTO_INCREMENT=538 DEFAULT CHARSET=utf8mb4 COLLATE=utf8mb4_0900_ai_ci;
/*!40101 SET character_set_client = @saved_cs_client */;

--
-- Dumping data for table `product_component`
--

LOCK TABLES `product_component` WRITE;
/*!40000 ALTER TABLE `product_component` DISABLE KEYS */;
INSERT INTO `product_component` VALUES (1,2,176000,2,13,1),(2,3,90000,1,2,2),(3,1,7000,1,8,2),(4,2,102000,1,5,3),(5,1,12000,2,7,3),(6,2,124000,2,1,4),(7,1,12000,1,7,4),(8,1,7000,2,8,4),(9,2,82000,2,3,5),(10,1,7000,2,8,5),(11,2,62000,2,11,6),(12,2,120000,2,15,7),(13,1,51000,2,5,8),(14,1,15000,2,6,8),(15,1,44000,1,13,9),(16,1,12000,1,7,9),(17,2,60000,2,2,10),(18,1,23000,1,10,10),(19,2,60000,1,2,11),(20,1,22000,1,4,11),(21,2,124000,2,1,12),(22,2,62000,1,11,12),(23,1,29000,1,12,13),(24,1,40000,1,14,14),(25,2,88000,2,13,15),(26,1,15000,1,9,15),(27,2,176000,2,13,1),(28,3,90000,1,2,2),(29,1,7000,2,8,2),(30,2,102000,1,5,3),(31,1,12000,2,7,3),(32,2,124000,2,1,4),(33,1,12000,1,7,4),(34,1,7000,2,8,4),(35,2,82000,2,3,5),(36,1,7000,2,8,5),(37,2,62000,1,11,6),(38,2,120000,2,15,7),(39,1,51000,1,5,8),(40,1,15000,1,6,8),(41,1,44000,2,13,9),(42,1,12000,2,7,9),(43,2,60000,2,2,10),(44,1,23000,1,10,10),(45,2,60000,1,2,11),(46,1,22000,2,4,11),(47,2,124000,2,1,12),(48,2,62000,1,11,12),(49,1,29000,1,12,13),(50,1,40000,2,14,14),(51,2,88000,1,13,15),(52,1,15000,1,9,15),(53,1,81000,1,48,16),(54,1,80000,1,84,17),(55,1,90000,1,73,18),(56,1,44000,2,13,19),(57,1,81000,2,48,20),(58,2,152000,1,98,21),(59,2,154000,1,45,22),(60,2,212000,2,32,23),(61,2,200000,1,26,24),(62,2,168000,2,31,25),(63,1,72000,1,76,26),(64,2,152000,1,89,27),(65,1,110000,2,17,28),(66,2,120000,2,15,29),(67,2,158000,1,23,30),(68,2,236000,1,70,31),(69,1,84000,2,80,32),(70,1,89000,2,91,33),(71,2,88000,2,13,34),(72,1,88000,2,93,35),(73,1,111000,2,24,36),(74,2,150000,1,41,37),(75,2,168000,1,31,38),(76,1,101000,1,33,39),(77,1,90000,2,73,40),(78,1,103000,2,64,41),(79,1,116000,2,100,42),(80,1,15000,2,9,43),(81,1,77000,2,45,44),(82,1,115000,2,96,45),(83,2,154000,2,45,46),(84,2,194000,1,38,47),(85,1,84000,1,54,48),(86,1,84000,2,55,49),(87,2,88000,1,13,50),(88,1,75000,2,97,51),(89,1,68000,1,47,52),(90,1,77000,1,45,53),(91,1,83000,1,81,54),(92,1,118000,1,70,55),(93,1,15000,2,6,56),(94,2,154000,1,20,57),(95,2,168000,1,80,58),(96,2,164000,1,39,59),(97,2,184000,2,57,60),(98,2,182000,1,65,61),(99,2,168000,1,55,62),(100,1,102000,1,78,63),(101,1,89000,2,25,64),(102,2,212000,1,92,65),(103,1,98000,2,82,66),(104,1,97000,1,36,67),(105,2,136000,1,34,68),(106,1,82000,2,62,69),(107,1,51000,2,5,70),(108,1,97000,2,38,71),(109,1,99000,1,77,72),(110,2,184000,2,71,73),(111,2,222000,2,24,74),(112,2,24000,2,7,75),(113,1,103000,1,60,76),(114,2,168000,2,80,77),(115,2,228000,2,18,78),(116,1,78000,2,49,79),(117,1,106000,1,92,80),(118,2,46000,1,10,81),(119,1,72000,1,76,82),(120,2,136000,2,47,83),(121,1,15000,1,6,84),(122,2,220000,2,90,85),(123,2,202000,1,33,86),(124,2,178000,2,91,87),(125,2,164000,2,58,88),(126,1,60000,1,15,89),(127,2,82000,2,3,90),(128,2,238000,1,67,91),(129,1,112000,2,27,92),(130,2,168000,2,31,93),(131,1,99000,1,77,94),(132,1,106000,1,88,95),(133,2,58000,2,12,96),(134,1,88000,1,93,97),(135,1,120000,2,30,98),(136,2,196000,1,72,99),(137,1,69000,1,68,100),(138,3,288000,2,244,101),(139,1,114000,2,18,102),(140,1,15000,1,357,103),(141,3,174000,1,228,104),(142,3,354000,1,70,105),(143,3,330000,1,164,106),(144,2,38000,2,111,107),(145,3,309000,2,64,108),(146,3,63000,2,485,109),(147,2,204000,1,234,110),(148,1,49000,2,214,111),(149,2,226000,2,368,112),(150,2,148000,2,198,113),(151,2,150000,1,387,114),(152,3,210000,2,337,115),(153,3,300000,1,26,116),(154,3,126000,2,117,117),(155,2,30000,2,9,118),(156,2,54000,1,192,119),(157,3,210000,2,432,120),(158,3,294000,2,82,121),(159,1,47000,1,114,122),(160,1,104000,1,323,123),(161,3,279000,1,275,124),(162,3,72000,1,404,125),(163,2,142000,2,195,126),(164,1,106000,1,261,127),(165,1,19000,1,222,128),(166,1,115000,1,327,129),(167,2,164000,1,466,130),(168,2,126000,1,351,131),(169,1,15000,2,357,132),(170,1,23000,1,229,133),(171,3,297000,1,77,134),(172,3,270000,1,194,135),(173,1,19000,1,238,136),(174,2,174000,1,110,137),(175,1,104000,1,335,138),(176,2,34000,2,345,139),(177,3,93000,1,219,140),(178,3,246000,2,58,141),(179,2,98000,2,132,142),(180,2,68000,1,486,143),(181,3,252000,1,35,144),(182,2,110000,2,217,145),(183,1,61000,1,479,146),(184,2,82000,1,242,147),(185,3,330000,2,272,148),(186,2,174000,2,133,149),(187,1,25000,1,347,150),(188,1,49000,2,339,151),(189,2,220000,1,154,152),(190,2,188000,1,249,153),(191,1,116000,2,286,154),(192,2,48000,1,179,155),(193,1,111000,2,40,156),(194,3,165000,1,159,157),(195,2,158000,2,177,158),(196,1,30000,1,408,159),(197,1,12000,1,7,160),(198,1,62000,2,309,161),(199,1,100000,1,26,162),(200,1,83000,1,201,163),(201,2,86000,1,425,164),(202,1,111000,2,24,165),(203,2,34000,1,345,166),(204,2,64000,1,152,167),(205,1,69000,1,226,168),(206,2,240000,2,174,169),(207,1,33000,1,188,170),(208,2,226000,1,420,171),(209,2,136000,2,34,172),(210,3,48000,2,412,173),(211,2,162000,1,457,174),(212,2,156000,2,49,175),(213,1,40000,2,371,176),(214,3,75000,2,211,177),(215,1,93000,2,439,178),(216,2,138000,2,61,179),(217,2,188000,1,487,180),(218,1,98000,2,251,181),(219,1,59000,2,296,182),(220,1,119000,2,227,183),(221,3,180000,1,246,184),(222,1,81000,2,48,185),(223,1,30000,2,2,186),(224,3,351000,2,364,187),(225,2,34000,1,313,188),(226,3,300000,2,472,189),(227,2,108000,1,424,190),(228,3,351000,1,200,191),(229,1,58000,1,228,192),(230,3,333000,1,40,193),(231,3,120000,2,14,194),(232,3,96000,1,452,195),(233,3,63000,2,218,196),(234,2,204000,1,234,197),(235,3,87000,2,12,198),(236,1,80000,1,361,199),(237,3,66000,1,267,200),(238,3,264000,1,252,201),(239,1,95000,2,458,202),(240,2,194000,1,36,203),(241,2,138000,1,303,204),(242,1,96000,2,407,205),(243,3,315000,1,125,206),(244,1,92000,1,403,207),(245,3,159000,1,140,208),(246,2,78000,1,490,209),(247,2,152000,1,29,210),(248,2,158000,2,177,211),(249,2,34000,1,297,212),(250,3,231000,2,454,213),(251,3,288000,2,379,214),(252,3,204000,2,34,215),(253,1,76000,2,29,216),(254,3,231000,2,45,217),(255,2,232000,2,138,218),(256,2,208000,1,56,219),(257,3,264000,2,362,220),(258,1,40000,2,143,221),(259,1,47000,2,130,222),(260,3,63000,2,218,223),(261,1,92000,2,199,224),(262,1,113000,1,343,225),(263,3,126000,2,117,226),(264,1,104000,2,56,227),(265,2,36000,1,429,228),(266,2,118000,2,477,229),(267,1,115000,2,96,230),(268,3,243000,1,48,231),(269,3,96000,1,452,232),(270,2,94000,1,114,233),(271,1,49000,1,214,234),(272,3,174000,2,228,235),(273,1,39000,2,497,236),(274,1,22000,2,299,237),(275,2,102000,1,5,238),(276,1,25000,1,126,239),(277,2,68000,1,116,240),(278,1,83000,1,201,241),(279,1,41000,2,155,242),(280,2,240000,1,174,243),(281,2,184000,1,403,244),(282,3,228000,1,492,245),(283,1,58000,2,250,246),(284,2,94000,1,276,247),(285,2,50000,1,126,248),(286,3,276000,2,305,249),(287,3,117000,2,146,250),(288,2,120000,2,314,251),(289,2,166000,2,131,252),(290,1,77000,2,212,253),(291,2,54000,1,168,254),(292,1,83000,2,201,255),(293,2,124000,2,1,256),(294,1,92000,1,403,257),(295,1,23000,2,10,258),(296,1,60000,2,342,259),(297,3,261000,1,180,260),(298,1,40000,1,371,261),(299,3,72000,1,316,262),(300,1,108000,1,465,263),(301,1,42000,2,378,264),(302,3,339000,1,494,265),(303,2,208000,1,335,266),(304,1,71000,2,195,267),(305,1,97000,2,468,268),(306,1,28000,2,253,269),(307,1,79000,1,363,270),(308,2,208000,1,56,271),(309,1,102000,2,190,272),(310,2,224000,2,282,273),(311,1,70000,1,337,274),(312,2,98000,2,339,275),(313,2,158000,2,183,276),(314,2,232000,1,399,277),(315,2,54000,1,445,278),(316,1,76000,1,29,279),(317,2,94000,1,310,280),(318,2,104000,2,463,281),(319,3,360000,1,383,282),(320,3,267000,1,25,283),(321,2,168000,1,476,284),(322,3,276000,1,305,285),(323,1,70000,1,95,286),(324,3,246000,1,62,287),(325,2,222000,1,24,288),(326,2,164000,1,433,289),(327,3,267000,2,91,290),(328,2,150000,1,156,291),(329,3,36000,1,7,292),(330,1,80000,1,66,293),(331,3,249000,2,308,294),(332,3,174000,2,341,295),(333,3,111000,2,279,296),(334,1,54000,1,374,297),(335,3,252000,1,31,298),(336,3,252000,1,31,299),(337,1,83000,1,63,300),(338,2,38000,2,222,301),(339,1,113000,1,420,302),(340,3,87000,1,435,303),(341,3,45000,1,414,304),(342,1,112000,1,264,305),(343,3,252000,2,80,306),(344,2,46000,1,104,307),(345,3,111000,2,279,308),(346,1,115000,2,86,309),(347,3,228000,2,89,310),(348,1,102000,1,190,311),(349,1,87000,2,180,312),(350,1,117000,1,328,313),(351,1,92000,1,101,314),(352,3,219000,2,22,315),(353,3,276000,2,305,316),(354,3,285000,1,458,317),(355,3,99000,2,377,318),(356,1,23000,2,10,319),(357,3,342000,2,416,320),(358,3,303000,1,52,321),(359,2,46000,1,10,322),(360,3,288000,1,394,323),(361,1,93000,1,439,324),(362,2,88000,1,13,325),(363,2,230000,2,245,326),(364,3,321000,2,189,327),(365,1,105000,1,208,328),(366,2,200000,1,472,329),(367,3,57000,2,238,330),(368,1,74000,2,270,331),(369,3,120000,1,139,332),(370,3,297000,1,382,333),(371,2,226000,1,494,334),(372,2,158000,2,321,335),(373,3,315000,1,125,336),(374,2,222000,2,162,337),(375,1,79000,2,434,338),(376,1,79000,1,183,339),(377,3,141000,1,114,340),(378,1,77000,2,20,341),(379,1,36000,2,258,342),(380,1,23000,1,229,343),(381,2,222000,1,372,344),(382,3,234000,1,173,345),(383,2,188000,2,249,346),(384,3,315000,2,225,347),(385,1,57000,1,375,348),(386,2,166000,1,201,349),(387,3,360000,2,381,350),(388,1,60000,2,302,351),(389,1,85000,2,367,352),(390,1,18000,1,429,353),(391,1,75000,1,41,354),(392,3,270000,2,417,355),(393,2,214000,2,461,356),(394,3,312000,2,56,357),(395,1,37000,2,398,358),(396,1,92000,1,318,359),(397,3,210000,1,395,360),(398,3,237000,1,23,361),(399,2,90000,1,427,362),(400,1,80000,1,66,363),(401,2,232000,1,51,364),(402,2,180000,2,53,365),(403,1,96000,1,113,366),(404,3,288000,1,407,367),(405,3,81000,1,192,368),(406,3,123000,1,242,369),(407,2,166000,1,131,370),(408,2,90000,2,427,371),(409,3,345000,1,245,372),(410,3,81000,2,443,373),(411,1,81000,1,481,374),(412,2,180000,2,73,375),(413,3,276000,1,421,376),(414,2,80000,2,388,377),(415,1,79000,1,177,378),(416,1,21000,2,218,379),(417,2,206000,1,60,380),(418,1,39000,1,146,381),(419,3,204000,2,47,382),(420,2,204000,2,298,383),(421,2,50000,2,347,384),(422,2,116000,1,341,385),(423,1,16000,1,166,386),(424,2,138000,1,303,387),(425,1,114000,2,18,388),(426,1,76000,1,178,389),(427,1,49000,2,339,390),(428,3,270000,1,160,391),(429,1,112000,2,282,392),(430,1,18000,2,429,393),(431,1,102000,2,298,394),(432,1,51000,2,202,395),(433,1,42000,1,117,396),(434,2,122000,2,479,397),(435,3,288000,1,43,398),(436,1,37000,1,279,399),(437,3,342000,1,266,400),(438,3,150000,1,493,401),(439,3,216000,1,165,402),(440,1,18000,2,346,403),(441,3,255000,2,233,404),(442,1,25000,2,126,405),(443,2,164000,1,433,406),(444,3,282000,2,284,407),(445,1,110000,1,122,408),(446,3,108000,2,258,409),(447,2,216000,1,422,410),(448,1,104000,2,335,411),(449,3,261000,2,411,412),(450,1,68000,1,47,413),(451,2,60000,1,2,414),(452,2,122000,1,370,415),(453,1,53000,1,344,416),(454,2,124000,1,109,417),(455,1,40000,1,14,418),(456,1,73000,2,239,419),(457,1,75000,1,156,420),(458,3,207000,2,61,421),(459,3,228000,2,338,422),(460,1,15000,2,6,423),(461,1,60000,1,15,424),(462,2,144000,1,59,425),(463,2,120000,2,246,426),(464,3,252000,2,55,427),(465,2,136000,1,34,428),(466,3,36000,2,7,429),(467,3,246000,2,433,430),(468,1,47000,2,144,431),(469,2,184000,2,421,432),(470,3,258000,2,172,433),(471,2,140000,2,95,434),(472,3,336000,1,459,435),(473,3,21000,1,8,436),(474,1,72000,1,165,437),(475,3,114000,1,301,438),(476,3,21000,1,8,439),(477,1,27000,1,135,440),(478,2,46000,2,153,441),(479,3,87000,2,360,442),(480,2,214000,2,340,443),(481,3,342000,1,119,444),(482,2,170000,1,75,445),(483,2,228000,1,18,446),(484,2,58000,2,366,447),(485,1,117000,2,273,448),(486,3,210000,1,268,449),(487,1,114000,2,18,450),(488,1,107000,2,287,451),(489,1,120000,2,381,452),(490,1,88000,2,42,453),(491,2,178000,1,69,454),(492,1,31000,2,219,455),(493,1,76000,2,384,456),(494,2,144000,1,265,457),(495,1,120000,1,174,458),(496,3,294000,2,72,459),(497,2,214000,2,340,460),(498,1,95000,1,482,461),(499,1,69000,1,389,462),(500,2,214000,1,498,463),(501,2,160000,2,324,464),(502,3,63000,2,124,465),(503,3,51000,1,150,466),(504,3,171000,1,375,467),(505,3,114000,1,426,468),(506,3,45000,1,6,469),(507,1,27000,2,248,470),(508,1,105000,2,225,471),(509,2,84000,2,378,472),(510,2,230000,1,216,473),(511,3,81000,2,445,474),(512,1,85000,2,75,475),(513,3,333000,1,40,476),(514,2,152000,2,473,477),(515,2,54000,1,248,478),(516,3,105000,2,317,479),(517,2,120000,1,342,480),(518,1,68000,1,257,481),(519,1,106000,1,261,482),(520,1,84000,2,31,483),(521,3,333000,1,372,484),(522,3,210000,1,268,485),(523,1,75000,1,221,486),(524,1,60000,2,302,487),(525,1,25000,1,347,488),(526,3,357000,1,329,489),(527,2,184000,2,101,490),(528,2,228000,2,18,491),(529,2,132000,2,288,492),(530,2,212000,2,386,493),(531,3,309000,2,64,494),(532,1,110000,2,164,495),(533,2,222000,2,127,496),(534,3,159000,1,140,497),(535,1,32000,2,320,498),(536,1,87000,1,180,499),(537,1,27000,1,438,500);
/*!40000 ALTER TABLE `product_component` ENABLE KEYS */;
UNLOCK TABLES;

--
-- Table structure for table `product_group`
--

DROP TABLE IF EXISTS `product_group`;
/*!40101 SET @saved_cs_client     = @@character_set_client */;
/*!50503 SET character_set_client = utf8mb4 */;
CREATE TABLE `product_group` (
  `product_group_id` bigint NOT NULL AUTO_INCREMENT,
  `name` varchar(255) DEFAULT NULL,
  `user_id` bigint DEFAULT NULL,
  PRIMARY KEY (`product_group_id`),
  KEY `product_group_user_id_index` (`user_id`)
) ENGINE=InnoDB AUTO_INCREMENT=4 DEFAULT CHARSET=utf8mb4 COLLATE=utf8mb4_0900_ai_ci;
/*!40101 SET character_set_client = @saved_cs_client */;

--
-- Dumping data for table `product_group`
--

LOCK TABLES `product_group` WRITE;
/*!40000 ALTER TABLE `product_group` DISABLE KEYS */;
INSERT INTO `product_group` VALUES (1,'Appetizer',1),(2,'Entree',2),(3,'Dessert',2);
/*!40000 ALTER TABLE `product_group` ENABLE KEYS */;
UNLOCK TABLES;

--
-- Table structure for table `product_left_log`
--

DROP TABLE IF EXISTS `product_left_log`;
/*!40101 SET @saved_cs_client     = @@character_set_client */;
/*!50503 SET character_set_client = utf8mb4 */;
CREATE TABLE `product_left_log` (
  `product_left_log_id` bigint NOT NULL AUTO_INCREMENT,
  `amount_left_change` int DEFAULT NULL,
  `creation_time` datetime DEFAULT NULL,
  `message` varchar(1000) DEFAULT NULL,
  `staff_id` bigint DEFAULT NULL,
  `user_id` bigint DEFAULT NULL,
  `product_id` bigint DEFAULT NULL,
  PRIMARY KEY (`product_left_log_id`),
  KEY `product_left_log_user_id_index` (`user_id`),
  KEY `product_left_log_product_id_index` (`product_id`),
  KEY `product_left_log_staff_id_index` (`staff_id`),
  CONSTRAINT `FK5wnlsgf0spxk24pwp2s2ydsno` FOREIGN KEY (`product_id`) REFERENCES `product` (`product_id`)
) ENGINE=InnoDB AUTO_INCREMENT=116 DEFAULT CHARSET=utf8mb4 COLLATE=utf8mb4_0900_ai_ci;
/*!40101 SET character_set_client = @saved_cs_client */;

--
-- Dumping data for table `product_left_log`
--

LOCK TABLES `product_left_log` WRITE;
/*!40000 ALTER TABLE `product_left_log` DISABLE KEYS */;
INSERT INTO `product_left_log` VALUES (1,-1,'2021-06-15 00:00:00','New order',5,5,1),(2,-1,'2021-06-15 00:00:00','New order',5,5,9),(3,-2,'2021-06-16 00:00:00','New order',8,8,3),(4,-1,'2021-06-20 00:00:00','New order',9,9,2),(5,-1,'2021-06-20 00:00:00','New order',9,9,13),(6,-1,'2021-06-21 00:00:00','New order',10,10,12),(7,-1,'2021-06-22 00:00:00','New order',12,12,15),(8,-1,'2021-06-22 00:00:00','New order',12,12,13),(9,-2,'2021-06-23 00:00:00','New order',14,14,5),(10,-1,'2021-06-26 00:00:00','New order',3,3,10),(11,-1,'2021-06-26 00:00:00','New order',3,3,6),(12,-2,'2021-06-28 00:00:00','New order',8,8,8),(13,-1,'2021-06-29 00:00:00','New order',9,9,11),(14,-1,'2021-06-29 00:00:00','New order',9,9,14),(15,-2,'2021-06-30 00:00:00','New order',7,7,2),(16,-1,'2021-07-02 00:00:00','New order',6,6,4),(17,-1,'2021-07-02 00:00:00','New order',6,6,6),(18,-2,'2021-07-05 00:00:00','New order',4,4,15),(19,-1,'2021-07-06 00:00:00','New order',15,15,10),(20,-1,'2021-07-06 00:00:00','New order',15,15,11),(21,-2,'2021-07-07 00:00:00','New order',13,13,9),(22,-1,'2021-07-08 00:00:00','New order',11,11,1),(23,-1,'2021-07-08 00:00:00','New order',11,11,2),(24,-2,'2021-07-09 00:00:00','New order',6,6,7),(25,-1,'2021-07-10 00:00:00','New order',10,10,5),(26,-1,'2021-07-10 00:00:00','New order',10,10,6),(27,-2,'2021-07-12 00:00:00','New order',12,12,1),(28,-1,'2021-07-13 00:00:00','New order',14,14,8),(29,-1,'2021-07-15 00:00:00','New order',14,14,13),(30,-2,'2021-07-15 00:00:00','New order',8,8,4),(31,-2,'2021-09-10 23:31:36','More orders',79,79,16),(32,-2,'2021-09-16 13:17:04','More orders',58,58,9),(33,-2,'2021-09-13 11:00:52','More orders',52,52,98),(34,-2,'2021-09-07 04:12:27','More orders',87,87,60),(35,-2,'2021-10-07 17:03:07','More orders',77,77,8),(36,-2,'2021-11-03 21:05:31','More orders',22,22,57),(37,-2,'2021-10-24 22:08:45','More orders',82,82,61),(38,-2,'2021-10-02 00:01:38','More orders',41,41,33),(39,-2,'2021-08-26 21:11:56','More orders',58,58,82),(40,-1,'2021-07-26 02:55:20','More orders',66,66,11),(41,-1,'2021-09-19 17:31:45','More orders',58,58,10),(42,-2,'2021-08-19 03:17:48','More orders',89,89,15),(43,-2,'2021-09-17 11:52:34','More orders',73,73,44),(44,-2,'2021-09-20 03:55:59','More orders',98,98,74),(45,-2,'2021-08-29 19:56:27','More orders',69,69,40),(46,-1,'2021-08-26 07:35:24','More orders',51,51,76),(47,-1,'2021-09-16 14:17:45','More orders',46,46,60),(48,-1,'2021-09-21 16:15:43','More orders',79,79,72),(49,-2,'2021-07-17 19:24:35','More orders',55,55,78),(50,-2,'2021-08-14 11:08:57','More orders',37,37,75),(51,-1,'2021-07-27 15:52:25','More orders',20,20,42),(52,-2,'2021-08-19 05:16:44','More orders',88,88,82),(53,-1,'2021-09-20 18:30:13','More orders',80,80,85),(54,-2,'2021-10-06 11:30:01','More orders',37,37,78),(55,-1,'2021-10-26 18:29:36','More orders',42,42,33),(56,-1,'2021-10-30 01:50:38','More orders',99,99,32),(57,-1,'2021-09-07 10:53:28','More orders',68,68,61),(58,-1,'2021-08-01 00:59:35','More orders',43,43,6),(59,-2,'2021-08-25 01:55:52','More orders',8,8,50),(60,-2,'2021-08-19 00:28:55','More orders',14,14,28),(61,-2,'2021-08-22 01:50:04','More orders',46,46,91),(62,-2,'2021-08-20 07:34:21','More orders',86,86,72),(63,-2,'2021-08-19 20:28:59','More orders',94,94,87),(64,-2,'2021-10-12 02:28:24','More orders',9,9,17),(65,-2,'2021-10-02 00:55:12','More orders',61,61,25),(66,-1,'2021-09-17 11:48:39','More orders',81,81,74),(67,-1,'2021-09-29 02:24:00','More orders',20,20,96),(68,-2,'2021-10-17 13:29:04','More orders',57,57,54),(69,-2,'2021-08-02 09:50:35','More orders',23,23,84),(70,-1,'2021-10-28 05:11:09','More orders',46,46,57),(71,-2,'2021-08-14 11:00:06','More orders',59,59,31),(72,-2,'2021-10-24 21:43:33','More orders',58,58,86),(73,-1,'2021-10-07 19:49:39','More orders',13,13,36),(74,-2,'2021-08-09 22:10:38','More orders',88,88,21),(75,-2,'2021-09-28 21:42:00','More orders',3,3,99),(76,-2,'2021-08-03 21:01:38','More orders',49,49,28),(77,-1,'2021-08-11 16:11:32','More orders',35,35,42),(78,-1,'2021-07-18 19:55:39','More orders',28,28,29),(79,-1,'2021-09-26 00:43:30','More orders',36,36,16),(80,-2,'2021-07-28 15:09:35','More orders',93,93,94),(81,-2,'2021-09-13 01:24:57','More orders',60,60,19),(82,-1,'2021-10-16 16:54:54','More orders',17,17,15),(83,-2,'2021-09-16 22:54:09','More orders',8,8,18),(84,-1,'2021-08-01 22:55:53','More orders',85,85,45),(85,-1,'2021-09-09 05:19:46','More orders',1,1,68),(86,-2,'2021-07-23 02:40:20','More orders',52,52,7),(87,-1,'2021-08-18 06:07:43','More orders',54,54,31),(88,-2,'2021-08-03 06:19:26','More orders',16,16,33),(89,-2,'2021-08-22 12:36:17','More orders',18,18,70),(90,-1,'2021-07-20 16:51:03','More orders',40,40,49),(91,-1,'2021-09-06 00:29:04','More orders',46,46,37),(92,-2,'2021-07-17 18:30:38','More orders',9,9,36),(93,-1,'2021-08-16 20:23:33','More orders',7,7,71),(94,-1,'2021-08-15 01:00:04','More orders',9,9,45),(95,-1,'2021-10-04 10:42:08','More orders',20,20,10),(96,-1,'2021-07-19 16:57:45','More orders',76,76,17),(97,-2,'2021-08-27 23:35:31','More orders',19,19,52),(98,-1,'2021-08-21 10:50:32','More orders',66,66,7),(99,-2,'2021-09-19 06:12:04','More orders',71,71,82),(100,-1,'2021-08-20 09:33:31','More orders',56,56,88),(101,-2,'2021-09-30 09:22:37','More orders',69,69,95),(102,-2,'2021-09-16 22:31:52','More orders',74,74,8),(103,-1,'2021-07-30 18:41:44','More orders',63,63,54),(104,-1,'2021-07-16 12:37:53','More orders',93,93,48),(105,-2,'2021-10-18 19:26:30','More orders',77,77,75),(106,-1,'2021-10-12 03:11:08','More orders',2,2,31),(107,-2,'2021-10-17 06:43:30','More orders',82,82,31),(108,-2,'2021-08-28 07:34:41','More orders',3,3,59),(109,-1,'2021-10-03 17:17:34','More orders',66,66,2),(110,-2,'2021-09-09 16:12:28','More orders',21,21,32),(111,-2,'2021-09-11 17:18:30','More orders',9,9,31),(112,-1,'2021-09-13 11:12:13','More orders',80,80,31),(113,-1,'2021-10-10 10:10:10','More orders',74,74,59),(114,-2,'2021-10-20 15:08:23','More orders',28,28,2),(115,-1,'2021-10-25 17:18:19','More orders',19,19,32);
/*!40000 ALTER TABLE `product_left_log` ENABLE KEYS */;
UNLOCK TABLES;

--
-- Table structure for table `purchase`
--

DROP TABLE IF EXISTS `purchase`;
/*!40101 SET @saved_cs_client     = @@character_set_client */;
/*!50503 SET character_set_client = utf8mb4 */;
CREATE TABLE `purchase` (
  `purchase_id` bigint NOT NULL AUTO_INCREMENT,
  `creation_time` datetime DEFAULT NULL,
  `expiry_date` datetime DEFAULT NULL,
  `message` varchar(1000) DEFAULT NULL,
  `total_cost` double DEFAULT '0',
  `plan_id` bigint NOT NULL,
  `user_id` bigint NOT NULL,
  PRIMARY KEY (`purchase_id`),
  KEY `purchase_user_id_index` (`user_id`),
  KEY `FKgfjsk9koc95lsw8hbvyw76atf` (`plan_id`),
  CONSTRAINT `FK86i0stm7cqsglqptdvjij1k3m` FOREIGN KEY (`user_id`) REFERENCES `user` (`user_id`),
  CONSTRAINT `FKgfjsk9koc95lsw8hbvyw76atf` FOREIGN KEY (`plan_id`) REFERENCES `plan` (`plan_id`)
) ENGINE=InnoDB AUTO_INCREMENT=501 DEFAULT CHARSET=utf8mb4 COLLATE=utf8mb4_0900_ai_ci;
/*!40101 SET character_set_client = @saved_cs_client */;

--
-- Dumping data for table `purchase`
--

LOCK TABLES `purchase` WRITE;
/*!40000 ALTER TABLE `purchase` DISABLE KEYS */;
INSERT INTO `purchase` VALUES (1,'2021-09-22 14:00:16','2021-10-22 14:00:16','Buy new plan',108000,46,2),(2,'2021-09-23 06:20:02','2021-10-23 06:20:02','Buy new plan',208000,36,1),(3,'2021-10-26 15:13:52','2021-11-26 15:13:52','Buy new plan',312000,43,1),(4,'2021-08-04 13:41:34','2021-09-04 13:41:34','Buy new plan',156000,7,2),(5,'2021-11-17 03:04:14','2021-12-17 03:04:14','Buy new plan',250000,3,2),(6,'2021-08-24 06:40:16','2021-09-24 06:40:16','Buy new plan',108000,46,1),(7,'2021-10-17 06:44:32','2021-11-17 06:44:32','Buy new plan',239000,18,2),(8,'2021-08-19 05:55:50','2021-09-19 05:55:50','Buy new plan',350000,2,2),(9,'2021-11-16 21:32:38','2021-12-16 21:32:38','Buy new plan',449000,6,2),(10,'2021-10-30 11:27:18','2021-11-30 11:27:18','Buy new plan',309000,22,1),(11,'2021-09-10 07:48:14','2021-10-10 07:48:14','Buy new plan',122000,42,2),(12,'2021-09-09 05:18:44','2021-10-09 05:18:44','Buy new plan',216000,45,1),(13,'2021-10-05 04:20:12','2021-11-05 04:20:12','Buy new plan',394000,47,2),(14,'2021-08-24 01:38:28','2021-09-24 01:38:28','Buy new plan',200000,1,1),(15,'2021-08-31 01:33:33','2021-09-30 01:33:33','Buy new plan',223000,12,2),(16,'2021-08-17 23:06:17','2021-09-17 23:06:17','Buy new plan',109000,9,1),(17,'2021-09-26 18:08:30','2021-10-26 18:08:30','Buy new plan',156000,7,1),(18,'2021-07-15 01:58:19','2021-08-15 01:58:19','Buy new plan',449000,6,1),(19,'2021-08-18 03:11:05','2021-09-18 03:11:05','Buy new plan',168000,11,1),(20,'2021-08-18 07:22:38','2021-09-18 07:22:38','Buy new plan',208000,36,1),(21,'2021-08-20 20:40:57','2021-09-20 20:40:57','Buy new plan',394000,47,2),(22,'2021-09-28 17:07:55','2021-10-28 17:07:55','Buy new plan',311000,26,1),(23,'2021-11-14 22:58:11','2021-12-14 22:58:11','Buy new plan',208000,39,1),(24,'2021-10-30 08:25:08','2021-11-30 08:25:08','Buy new plan',289000,17,2),(25,'2021-08-18 13:56:48','2021-09-18 13:56:48','Buy new plan',289000,17,2),(26,'2021-11-05 15:54:04','2021-12-05 15:54:04','Buy new plan',158000,35,2),(27,'2021-09-29 21:22:48','2021-10-29 21:22:48','Buy new plan',309000,22,1),(28,'2021-07-28 10:54:53','2021-08-28 10:54:53','Buy new plan',449000,6,2),(29,'2021-07-25 23:28:03','2021-08-25 23:28:03','Buy new plan',111000,13,1),(30,'2021-07-24 22:15:39','2021-08-24 22:15:39','Buy new plan',108000,46,1),(31,'2021-10-30 15:51:20','2021-11-30 15:51:20','Buy new plan',208000,39,1),(32,'2021-08-21 05:28:45','2021-09-21 05:28:45','Buy new plan',449000,6,2),(33,'2021-11-19 07:50:20','2021-12-19 07:50:20','Buy new plan',100000,15,2),(34,'2021-10-25 19:18:01','2021-11-25 19:18:01','Buy new plan',449000,6,2),(35,'2021-09-04 02:15:10','2021-10-04 02:15:10','Buy new plan',150000,33,1),(36,'2021-08-06 09:08:52','2021-09-06 09:08:52','Buy new plan',216000,45,2),(37,'2021-11-12 01:13:50','2021-12-12 01:13:50','Buy new plan',121000,29,2),(38,'2021-07-19 10:29:03','2021-08-19 10:29:03','Buy new plan',156000,7,2),(39,'2021-07-15 02:28:03','2021-08-15 02:28:03','Buy new plan',108000,46,2),(40,'2021-07-27 03:15:43','2021-08-27 03:15:43','Buy new plan',223000,12,1),(41,'2021-10-02 12:20:59','2021-11-02 12:20:59','Buy new plan',227000,19,2),(42,'2021-11-11 06:56:40','2021-12-11 06:56:40','Buy new plan',109000,9,1),(43,'2021-10-11 17:10:30','2021-11-11 17:10:30','Buy new plan',100000,38,1),(44,'2021-10-16 16:45:25','2021-11-16 16:45:25','Buy new plan',111000,13,2),(45,'2021-08-11 20:40:52','2021-09-11 20:40:52','Buy new plan',350000,2,1),(46,'2021-09-25 16:05:51','2021-10-25 16:05:51','Buy new plan',227000,19,2),(47,'2021-07-24 20:03:42','2021-08-24 20:03:42','Buy new plan',165000,37,1),(48,'2021-08-30 07:44:52','2021-09-30 07:44:52','Buy new plan',166000,30,1),(49,'2021-09-07 16:15:22','2021-10-07 16:15:22','Buy new plan',208000,36,2),(50,'2021-09-24 22:25:32','2021-10-24 22:25:32','Buy new plan',208000,39,2),(51,'2021-10-18 14:12:08','2021-11-18 14:12:08','Buy new plan',100000,38,1),(52,'2021-11-21 10:25:33','2021-12-21 10:25:33','Buy new plan',289000,24,1),(53,'2021-08-13 17:59:29','2021-09-13 17:59:29','Buy new plan',262000,5,2),(54,'2021-07-18 09:51:50','2021-08-18 09:51:50','Buy new plan',250000,3,2),(55,'2021-11-20 15:01:36','2021-12-20 15:01:36','Buy new plan',140000,49,1),(56,'2021-09-28 00:25:53','2021-10-28 00:25:53','Buy new plan',158000,35,2),(57,'2021-08-07 10:45:11','2021-09-07 10:45:11','Buy new plan',121000,29,1),(58,'2021-10-04 04:18:26','2021-11-04 04:18:26','Buy new plan',339000,40,2),(59,'2021-10-12 03:52:53','2021-11-12 03:52:53','Buy new plan',223000,12,1),(60,'2021-11-05 23:41:20','2021-12-05 23:41:20','Buy new plan',100000,38,2),(61,'2021-08-22 08:00:52','2021-09-22 08:00:52','Buy new plan',600000,4,1),(62,'2021-09-15 12:06:07','2021-10-15 12:06:07','Buy new plan',156000,7,2),(63,'2021-10-08 23:18:16','2021-11-08 23:18:16','Buy new plan',309000,22,1),(64,'2021-08-08 06:52:26','2021-09-08 06:52:26','Buy new plan',208000,39,1),(65,'2021-08-01 04:56:17','2021-09-01 04:56:17','Buy new plan',121000,29,1),(66,'2021-07-29 22:39:36','2021-08-29 22:39:36','Buy new plan',314000,28,1),(67,'2021-08-05 15:57:09','2021-09-05 15:57:09','Buy new plan',250000,3,2),(68,'2021-11-03 17:32:11','2021-12-03 17:32:11','Buy new plan',166000,30,2),(69,'2021-09-25 16:53:38','2021-10-25 16:53:38','Buy new plan',339000,40,2),(70,'2021-10-26 10:14:51','2021-11-26 10:14:51','Buy new plan',439000,10,1),(71,'2021-11-16 01:58:31','2021-12-16 01:58:31','Buy new plan',121000,29,2),(72,'2021-10-15 17:04:18','2021-11-15 17:04:18','Buy new plan',111000,13,1),(73,'2021-09-09 16:31:23','2021-10-09 16:31:23','Buy new plan',166000,30,2),(74,'2021-07-29 11:21:12','2021-08-29 11:21:12','Buy new plan',109000,9,2),(75,'2021-07-20 15:23:24','2021-08-20 15:23:24','Buy new plan',262000,5,2),(76,'2021-10-16 05:09:30','2021-11-16 05:09:30','Buy new plan',216000,45,2),(77,'2021-10-30 13:23:37','2021-11-30 13:23:37','Buy new plan',111000,13,1),(78,'2021-09-08 19:08:44','2021-10-08 19:08:44','Buy new plan',149000,27,1),(79,'2021-09-28 21:44:05','2021-10-28 21:44:05','Buy new plan',345000,48,1),(80,'2021-11-01 22:45:28','2021-12-01 22:45:28','Buy new plan',135000,8,2),(81,'2021-10-21 14:48:02','2021-11-21 14:48:02','Buy new plan',108000,46,1),(82,'2021-07-28 19:15:53','2021-08-28 19:15:53','Buy new plan',600000,4,1),(83,'2021-07-26 13:54:17','2021-08-26 13:54:17','Buy new plan',150000,33,1),(84,'2021-07-18 06:36:27','2021-08-18 06:36:27','Buy new plan',350000,2,2),(85,'2021-08-30 14:57:45','2021-09-30 14:57:45','Buy new plan',168000,11,1),(86,'2021-08-07 13:28:49','2021-09-07 13:28:49','Buy new plan',345000,48,1),(87,'2021-09-29 15:31:41','2021-10-29 15:31:41','Buy new plan',262000,5,2),(88,'2021-09-01 05:48:28','2021-10-01 05:48:28','Buy new plan',366000,31,2),(89,'2021-10-02 00:10:21','2021-11-02 00:10:21','Buy new plan',339000,40,1),(90,'2021-10-19 09:56:22','2021-11-19 09:56:22','Buy new plan',109000,9,2),(91,'2021-08-12 00:34:12','2021-09-12 00:34:12','Buy new plan',213000,21,1),(92,'2021-08-10 19:40:24','2021-09-10 19:40:24','Buy new plan',314000,28,1),(93,'2021-11-17 03:07:46','2021-12-17 03:07:46','Buy new plan',135000,25,1),(94,'2021-11-11 14:07:46','2021-12-11 14:07:46','Buy new plan',312000,43,1),(95,'2021-08-18 10:43:12','2021-09-18 10:43:12','Buy new plan',100000,38,1),(96,'2021-08-19 12:08:53','2021-09-19 12:08:53','Buy new plan',439000,10,1),(97,'2021-11-06 15:07:44','2021-12-06 15:07:44','Buy new plan',208000,36,2),(98,'2021-07-17 23:48:07','2021-08-17 23:48:07','Buy new plan',345000,48,2),(99,'2021-10-16 02:23:51','2021-11-16 02:23:51','Buy new plan',150000,33,1),(100,'2021-11-17 14:50:02','2021-12-17 14:50:02','Buy new plan',227000,19,1),(101,'2021-10-22 09:53:06','2021-11-22 09:53:06','Buy new plan',216000,45,2),(102,'2021-10-14 05:54:49','2021-11-14 05:54:49','Buy new plan',289000,17,1),(103,'2021-08-06 21:00:43','2021-09-06 21:00:43','Buy new plan',250000,3,1),(104,'2021-09-13 00:46:29','2021-10-13 00:46:29','Buy new plan',439000,10,1),(105,'2021-11-11 03:47:49','2021-12-11 03:47:49','Buy new plan',339000,40,1),(106,'2021-11-01 06:44:26','2021-12-01 06:44:26','Buy new plan',309000,22,1),(107,'2021-09-11 14:33:44','2021-10-11 14:33:44','Buy new plan',339000,40,1),(108,'2021-11-23 07:11:21','2021-12-23 07:11:21','Buy new plan',366000,31,2),(109,'2021-10-02 12:45:30','2021-11-02 12:45:30','Buy new plan',158000,35,2),(110,'2021-09-15 01:13:15','2021-10-15 01:13:15','Buy new plan',262000,34,2),(111,'2021-08-26 12:22:20','2021-09-26 12:22:20','Buy new plan',223000,12,1),(112,'2021-08-05 05:37:30','2021-09-05 05:37:30','Buy new plan',439000,10,1),(113,'2021-09-04 15:31:22','2021-10-04 15:31:22','Buy new plan',168000,11,2),(114,'2021-08-19 23:22:54','2021-09-19 23:22:54','Buy new plan',311000,26,1),(115,'2021-08-01 17:18:33','2021-09-01 17:18:33','Buy new plan',216000,45,2),(116,'2021-09-19 06:23:24','2021-10-19 06:23:24','Buy new plan',108000,46,2),(117,'2021-09-30 02:04:57','2021-10-30 02:04:57','Buy new plan',190000,44,1),(118,'2021-09-24 14:58:20','2021-10-24 14:58:20','Buy new plan',150000,33,2),(119,'2021-07-25 15:32:31','2021-08-25 15:32:31','Buy new plan',262000,34,2),(120,'2021-07-27 17:37:35','2021-08-27 17:37:35','Buy new plan',239000,18,2),(121,'2021-10-11 00:55:28','2021-11-11 00:55:28','Buy new plan',100000,38,2),(122,'2021-09-25 06:43:12','2021-10-25 06:43:12','Buy new plan',165000,37,1),(123,'2021-09-19 18:53:18','2021-10-19 18:53:18','Buy new plan',213000,21,2),(124,'2021-08-09 10:36:43','2021-09-09 10:36:43','Buy new plan',368000,41,1),(125,'2021-09-06 19:45:32','2021-10-06 19:45:32','Buy new plan',190000,44,2),(126,'2021-11-17 17:50:58','2021-12-17 17:50:58','Buy new plan',190000,44,1),(127,'2021-09-26 17:07:34','2021-10-26 17:07:34','Buy new plan',368000,41,2),(128,'2021-10-28 08:45:01','2021-11-28 08:45:01','Buy new plan',227000,19,1),(129,'2021-11-01 02:36:06','2021-12-01 02:36:06','Buy new plan',213000,21,1),(130,'2021-10-13 02:09:26','2021-11-13 02:09:26','Buy new plan',170000,50,1),(131,'2021-10-24 14:03:36','2021-11-24 14:03:36','Buy new plan',158000,35,2),(132,'2021-07-30 15:32:53','2021-08-30 15:32:53','Buy new plan',135000,25,2),(133,'2021-10-22 06:00:08','2021-11-22 06:00:08','Buy new plan',239000,18,1),(134,'2021-09-26 10:00:53','2021-10-26 10:00:53','Buy new plan',187000,14,2),(135,'2021-11-20 04:54:36','2021-12-20 04:54:36','Buy new plan',289000,17,1),(136,'2021-07-18 01:13:15','2021-08-18 01:13:15','Buy new plan',368000,41,1),(137,'2021-10-13 09:39:13','2021-11-13 09:39:13','Buy new plan',449000,6,1),(138,'2021-10-25 06:50:56','2021-11-25 06:50:56','Buy new plan',262000,5,2),(139,'2021-08-03 13:12:53','2021-09-03 13:12:53','Buy new plan',156000,7,2),(140,'2021-09-06 03:20:08','2021-10-06 03:20:08','Buy new plan',213000,21,2),(141,'2021-11-07 13:15:28','2021-12-07 13:15:28','Buy new plan',330000,32,1),(142,'2021-09-05 01:49:35','2021-10-05 01:49:35','Buy new plan',394000,47,1),(143,'2021-09-07 04:00:57','2021-10-07 04:00:57','Buy new plan',165000,37,2),(144,'2021-09-27 08:58:25','2021-10-27 08:58:25','Buy new plan',122000,42,1),(145,'2021-09-19 04:48:44','2021-10-19 04:48:44','Buy new plan',350000,2,1),(146,'2021-08-08 23:45:22','2021-09-08 23:45:22','Buy new plan',366000,31,2),(147,'2021-10-29 02:12:17','2021-11-29 02:12:17','Buy new plan',170000,50,1),(148,'2021-10-03 10:46:43','2021-11-03 10:46:43','Buy new plan',262000,5,2),(149,'2021-08-30 11:15:58','2021-09-30 11:15:58','Buy new plan',289000,24,2),(150,'2021-08-06 13:39:27','2021-09-06 13:39:27','Buy new plan',156000,7,1),(151,'2021-09-04 17:02:32','2021-10-04 17:02:32','Buy new plan',111000,13,1),(152,'2021-10-09 11:47:11','2021-11-09 11:47:11','Buy new plan',190000,44,2),(153,'2021-11-09 18:10:59','2021-12-09 18:10:59','Buy new plan',314000,28,1),(154,'2021-08-01 14:48:17','2021-09-01 14:48:17','Buy new plan',135000,8,2),(155,'2021-11-15 08:37:21','2021-12-15 08:37:21','Buy new plan',156000,7,2),(156,'2021-09-07 16:18:32','2021-10-07 16:18:32','Buy new plan',109000,9,2),(157,'2021-08-20 08:41:23','2021-09-20 08:41:23','Buy new plan',135000,25,1),(158,'2021-10-02 15:12:10','2021-11-02 15:12:10','Buy new plan',108000,46,1),(159,'2021-10-26 02:32:18','2021-11-26 02:32:18','Buy new plan',449000,6,1),(160,'2021-10-08 13:48:46','2021-11-08 13:48:46','Buy new plan',208000,39,1),(161,'2021-10-27 08:03:53','2021-11-27 08:03:53','Buy new plan',314000,28,2),(162,'2021-08-10 14:34:32','2021-09-10 14:34:32','Buy new plan',309000,22,2),(163,'2021-10-20 00:35:15','2021-11-20 00:35:15','Buy new plan',289000,24,1),(164,'2021-10-25 10:41:26','2021-11-25 10:41:26','Buy new plan',449000,6,2),(165,'2021-11-12 12:50:53','2021-12-12 12:50:53','Buy new plan',156000,7,1),(166,'2021-07-15 12:11:53','2021-08-15 12:11:53','Buy new plan',187000,14,1),(167,'2021-08-17 13:00:10','2021-09-17 13:00:10','Buy new plan',200000,1,2),(168,'2021-09-14 13:33:17','2021-10-14 13:33:17','Buy new plan',111000,13,1),(169,'2021-08-19 05:34:21','2021-09-19 05:34:21','Buy new plan',109000,9,1),(170,'2021-10-10 22:26:27','2021-11-10 22:26:27','Buy new plan',449000,6,2),(171,'2021-07-18 20:28:13','2021-08-18 20:28:13','Buy new plan',200000,1,1),(172,'2021-11-20 07:27:21','2021-12-20 07:27:21','Buy new plan',165000,37,1),(173,'2021-10-01 22:04:25','2021-11-01 22:04:25','Buy new plan',262000,34,2),(174,'2021-08-29 23:50:44','2021-09-29 23:50:44','Buy new plan',135000,8,2),(175,'2021-08-05 09:21:19','2021-09-05 09:21:19','Buy new plan',100000,38,2),(176,'2021-09-07 01:19:56','2021-10-07 01:19:56','Buy new plan',111000,13,2),(177,'2021-08-02 21:27:02','2021-09-02 21:27:02','Buy new plan',170000,50,2),(178,'2021-10-06 11:49:28','2021-11-06 11:49:28','Buy new plan',111000,13,1),(179,'2021-10-16 10:38:14','2021-11-16 10:38:14','Buy new plan',111000,13,1),(180,'2021-09-03 10:34:59','2021-10-03 10:34:59','Buy new plan',135000,25,2),(181,'2021-10-23 00:29:14','2021-11-23 00:29:14','Buy new plan',158000,35,1),(182,'2021-10-20 10:40:03','2021-11-20 10:40:03','Buy new plan',170000,50,2),(183,'2021-08-20 14:16:03','2021-09-20 14:16:03','Buy new plan',108000,46,2),(184,'2021-08-12 03:39:05','2021-09-12 03:39:05','Buy new plan',121000,29,1),(185,'2021-08-01 03:26:52','2021-09-01 03:26:52','Buy new plan',600000,4,2),(186,'2021-09-02 03:13:18','2021-10-02 03:13:18','Buy new plan',158000,35,2),(187,'2021-08-03 06:54:21','2021-09-03 06:54:21','Buy new plan',223000,12,2),(188,'2021-10-05 08:59:05','2021-11-05 08:59:05','Buy new plan',250000,3,2),(189,'2021-10-12 13:51:46','2021-11-12 13:51:46','Buy new plan',314000,28,1),(190,'2021-10-26 05:53:46','2021-11-26 05:53:46','Buy new plan',121000,29,1),(191,'2021-10-05 22:35:05','2021-11-05 22:35:05','Buy new plan',187000,14,2),(192,'2021-08-14 01:42:58','2021-09-14 01:42:58','Buy new plan',330000,32,1),(193,'2021-09-30 04:39:44','2021-10-30 04:39:44','Buy new plan',227000,19,2),(194,'2021-09-12 08:49:37','2021-10-12 08:49:37','Buy new plan',108000,46,2),(195,'2021-08-02 01:21:03','2021-09-02 01:21:03','Buy new plan',203000,23,2),(196,'2021-11-12 12:05:22','2021-12-12 12:05:22','Buy new plan',121000,29,2),(197,'2021-08-06 23:08:07','2021-09-06 23:08:07','Buy new plan',309000,22,1),(198,'2021-11-17 21:32:17','2021-12-17 21:32:17','Buy new plan',203000,23,2),(199,'2021-07-25 23:23:23','2021-08-25 23:23:23','Buy new plan',345000,48,2),(200,'2021-07-26 08:10:08','2021-08-26 08:10:08','Buy new plan',309000,22,1),(201,'2021-08-08 06:46:36','2021-09-08 06:46:36','Buy new plan',100000,15,2),(202,'2021-07-21 14:11:59','2021-08-21 14:11:59','Buy new plan',449000,6,2),(203,'2021-09-14 03:18:21','2021-10-14 03:18:21','Buy new plan',100000,38,2),(204,'2021-11-11 14:41:12','2021-12-11 14:41:12','Buy new plan',213000,21,1),(205,'2021-10-16 11:52:05','2021-11-16 11:52:05','Buy new plan',339000,40,2),(206,'2021-08-01 07:01:00','2021-09-01 07:01:00','Buy new plan',100000,38,1),(207,'2021-09-28 11:50:35','2021-10-28 11:50:35','Buy new plan',227000,19,2),(208,'2021-07-15 01:14:35','2021-08-15 01:14:35','Buy new plan',166000,30,1),(209,'2021-10-12 22:46:06','2021-11-12 22:46:06','Buy new plan',122000,42,2),(210,'2021-09-19 06:21:37','2021-10-19 06:21:37','Buy new plan',213000,21,1),(211,'2021-07-30 10:11:19','2021-08-30 10:11:19','Buy new plan',121000,29,1),(212,'2021-08-04 19:53:51','2021-09-04 19:53:51','Buy new plan',166000,30,1),(213,'2021-07-23 12:59:53','2021-08-23 12:59:53','Buy new plan',168000,11,1),(214,'2021-07-27 03:21:06','2021-08-27 03:21:06','Buy new plan',289000,17,2),(215,'2021-07-18 15:28:43','2021-08-18 15:28:43','Buy new plan',140000,49,2),(216,'2021-07-16 22:58:59','2021-08-16 22:58:59','Buy new plan',312000,43,1),(217,'2021-10-31 04:47:00','2021-11-30 04:47:00','Buy new plan',319000,20,2),(218,'2021-08-11 07:44:53','2021-09-11 07:44:53','Buy new plan',239000,18,2),(219,'2021-10-18 04:01:39','2021-11-18 04:01:39','Buy new plan',121000,29,1),(220,'2021-09-26 04:21:02','2021-10-26 04:21:02','Buy new plan',312000,43,1),(221,'2021-11-13 01:56:37','2021-12-13 01:56:37','Buy new plan',149000,27,2),(222,'2021-08-04 18:34:00','2021-09-04 18:34:00','Buy new plan',262000,5,2),(223,'2021-08-12 22:42:29','2021-09-12 22:42:29','Buy new plan',190000,44,2),(224,'2021-08-14 12:41:45','2021-09-14 12:41:45','Buy new plan',250000,3,1),(225,'2021-10-13 03:40:06','2021-11-13 03:40:06','Buy new plan',366000,31,2),(226,'2021-07-24 23:58:04','2021-08-24 23:58:04','Buy new plan',140000,49,2),(227,'2021-10-08 16:35:10','2021-11-08 16:35:10','Buy new plan',200000,1,2),(228,'2021-10-05 01:08:59','2021-11-05 01:08:59','Buy new plan',135000,8,1),(229,'2021-09-16 21:33:30','2021-10-16 21:33:30','Buy new plan',100000,38,2),(230,'2021-07-16 15:27:10','2021-08-16 15:27:10','Buy new plan',111000,13,1),(231,'2021-11-10 20:27:06','2021-12-10 20:27:06','Buy new plan',140000,49,2),(232,'2021-10-05 00:17:22','2021-11-05 00:17:22','Buy new plan',156000,7,1),(233,'2021-11-21 01:47:54','2021-12-21 01:47:54','Buy new plan',100000,38,1),(234,'2021-08-18 03:22:53','2021-09-18 03:22:53','Buy new plan',239000,18,1),(235,'2021-07-23 14:02:53','2021-08-23 14:02:53','Buy new plan',289000,24,2),(236,'2021-10-29 14:54:53','2021-11-29 14:54:53','Buy new plan',168000,16,1),(237,'2021-08-21 01:12:14','2021-09-21 01:12:14','Buy new plan',449000,6,1),(238,'2021-10-12 18:58:57','2021-11-12 18:58:57','Buy new plan',262000,34,2),(239,'2021-10-04 00:17:10','2021-11-04 00:17:10','Buy new plan',170000,50,1),(240,'2021-10-19 16:47:09','2021-11-19 16:47:09','Buy new plan',394000,47,1),(241,'2021-08-18 01:10:10','2021-09-18 01:10:10','Buy new plan',165000,37,2),(242,'2021-09-15 20:49:23','2021-10-15 20:49:23','Buy new plan',122000,42,1),(243,'2021-11-12 14:47:50','2021-12-12 14:47:50','Buy new plan',394000,47,2),(244,'2021-09-14 05:55:59','2021-10-14 05:55:59','Buy new plan',439000,10,1),(245,'2021-10-18 17:18:06','2021-11-18 17:18:06','Buy new plan',109000,9,2),(246,'2021-09-08 20:19:02','2021-10-08 20:19:02','Buy new plan',111000,13,2),(247,'2021-07-28 05:36:13','2021-08-28 05:36:13','Buy new plan',100000,38,1),(248,'2021-10-13 16:41:04','2021-11-13 16:41:04','Buy new plan',140000,49,1),(249,'2021-09-05 06:26:17','2021-10-05 06:26:17','Buy new plan',366000,31,2),(250,'2021-09-20 03:54:25','2021-10-20 03:54:25','Buy new plan',439000,10,1),(251,'2021-08-04 02:31:14','2021-09-04 02:31:14','Buy new plan',600000,4,1),(252,'2021-10-08 06:30:11','2021-11-08 06:30:11','Buy new plan',368000,41,1),(253,'2021-07-23 15:50:18','2021-08-23 15:50:18','Buy new plan',122000,42,2),(254,'2021-07-20 11:52:21','2021-08-20 11:52:21','Buy new plan',208000,36,2),(255,'2021-10-17 08:32:11','2021-11-17 08:32:11','Buy new plan',350000,2,1),(256,'2021-11-22 03:15:15','2021-12-22 03:15:15','Buy new plan',250000,3,1),(257,'2021-09-11 03:14:59','2021-10-11 03:14:59','Buy new plan',439000,10,1),(258,'2021-10-16 05:36:11','2021-11-16 05:36:11','Buy new plan',165000,37,2),(259,'2021-08-30 20:53:07','2021-09-30 20:53:07','Buy new plan',135000,8,2),(260,'2021-08-21 07:13:51','2021-09-21 07:13:51','Buy new plan',311000,26,2),(261,'2021-07-17 13:54:25','2021-08-17 13:54:25','Buy new plan',600000,4,1),(262,'2021-09-18 15:42:35','2021-10-18 15:42:35','Buy new plan',216000,45,2),(263,'2021-10-05 21:33:43','2021-11-05 21:33:43','Buy new plan',439000,10,1),(264,'2021-08-29 16:36:27','2021-09-29 16:36:27','Buy new plan',187000,14,1),(265,'2021-10-09 14:50:17','2021-11-09 14:50:17','Buy new plan',312000,43,2),(266,'2021-10-09 17:23:54','2021-11-09 17:23:54','Buy new plan',227000,19,1),(267,'2021-08-05 09:34:40','2021-09-05 09:34:40','Buy new plan',168000,16,1),(268,'2021-07-29 12:07:13','2021-08-29 12:07:13','Buy new plan',289000,24,2),(269,'2021-10-04 12:12:36','2021-11-04 12:12:36','Buy new plan',309000,22,1),(270,'2021-07-20 15:21:30','2021-08-20 15:21:30','Buy new plan',158000,35,1),(271,'2021-11-17 21:53:03','2021-12-17 21:53:03','Buy new plan',109000,9,2),(272,'2021-10-18 19:52:34','2021-11-18 19:52:34','Buy new plan',208000,39,1),(273,'2021-11-19 14:30:21','2021-12-19 14:30:21','Buy new plan',227000,19,2),(274,'2021-10-16 15:01:07','2021-11-16 15:01:07','Buy new plan',314000,28,2),(275,'2021-09-02 06:37:20','2021-10-02 06:37:20','Buy new plan',166000,30,2),(276,'2021-09-15 19:17:41','2021-10-15 19:17:41','Buy new plan',168000,16,2),(277,'2021-10-01 15:14:13','2021-11-01 15:14:13','Buy new plan',339000,40,1),(278,'2021-10-23 22:27:19','2021-11-23 22:27:19','Buy new plan',250000,3,1),(279,'2021-08-10 07:43:17','2021-09-10 07:43:17','Buy new plan',312000,43,2),(280,'2021-08-14 23:18:21','2021-09-14 23:18:21','Buy new plan',449000,6,1),(281,'2021-11-19 19:57:04','2021-12-19 19:57:04','Buy new plan',140000,49,1),(282,'2021-10-10 00:35:36','2021-11-10 00:35:36','Buy new plan',121000,29,1),(283,'2021-09-29 22:07:45','2021-10-29 22:07:45','Buy new plan',108000,46,2),(284,'2021-08-19 12:48:15','2021-09-19 12:48:15','Buy new plan',312000,43,2),(285,'2021-11-01 07:30:45','2021-12-01 07:30:45','Buy new plan',149000,27,1),(286,'2021-10-28 20:38:55','2021-11-28 20:38:55','Buy new plan',156000,7,1),(287,'2021-10-11 12:00:39','2021-11-11 12:00:39','Buy new plan',250000,3,1),(288,'2021-08-28 04:03:31','2021-09-28 04:03:31','Buy new plan',368000,41,2),(289,'2021-11-10 10:41:46','2021-12-10 10:41:46','Buy new plan',140000,49,1),(290,'2021-07-17 00:41:06','2021-08-17 00:41:06','Buy new plan',227000,19,2),(291,'2021-10-06 14:15:20','2021-11-06 14:15:20','Buy new plan',108000,46,2),(292,'2021-08-16 01:54:55','2021-09-16 01:54:55','Buy new plan',289000,24,1),(293,'2021-10-27 18:34:19','2021-11-27 18:34:19','Buy new plan',150000,33,2),(294,'2021-10-24 20:26:40','2021-11-24 20:26:40','Buy new plan',339000,40,2),(295,'2021-08-10 09:33:07','2021-09-10 09:33:07','Buy new plan',170000,50,2),(296,'2021-08-25 20:35:35','2021-09-25 20:35:35','Buy new plan',166000,30,1),(297,'2021-08-25 02:20:46','2021-09-25 02:20:46','Buy new plan',345000,48,1),(298,'2021-09-02 07:42:23','2021-10-02 07:42:23','Buy new plan',350000,2,2),(299,'2021-11-09 02:16:31','2021-12-09 02:16:31','Buy new plan',187000,14,1),(300,'2021-10-31 23:14:55','2021-11-30 23:14:55','Buy new plan',187000,14,1),(301,'2021-09-12 08:45:40','2021-10-12 08:45:40','Buy new plan',149000,27,2),(302,'2021-07-18 11:33:22','2021-08-18 11:33:22','Buy new plan',368000,41,1),(303,'2021-10-12 23:35:51','2021-11-12 23:35:51','Buy new plan',311000,26,1),(304,'2021-08-29 09:02:47','2021-09-29 09:02:47','Buy new plan',156000,7,2),(305,'2021-10-30 02:40:54','2021-11-30 02:40:54','Buy new plan',156000,7,2),(306,'2021-10-24 11:31:49','2021-11-24 11:31:49','Buy new plan',223000,12,1),(307,'2021-07-15 21:43:18','2021-08-15 21:43:18','Buy new plan',165000,37,2),(308,'2021-08-06 01:32:14','2021-09-06 01:32:14','Buy new plan',200000,1,2),(309,'2021-10-04 07:53:44','2021-11-04 07:53:44','Buy new plan',312000,43,2),(310,'2021-07-28 15:24:00','2021-08-28 15:24:00','Buy new plan',111000,13,1),(311,'2021-10-01 07:17:08','2021-11-01 07:17:08','Buy new plan',208000,36,1),(312,'2021-10-04 20:04:03','2021-11-04 20:04:03','Buy new plan',100000,38,2),(313,'2021-07-27 13:04:18','2021-08-27 13:04:18','Buy new plan',166000,30,2),(314,'2021-08-27 17:08:57','2021-09-27 17:08:57','Buy new plan',208000,39,1),(315,'2021-08-22 08:06:54','2021-09-22 08:06:54','Buy new plan',600000,4,2),(316,'2021-08-02 20:16:28','2021-09-02 20:16:28','Buy new plan',250000,3,1),(317,'2021-07-23 20:32:13','2021-08-23 20:32:13','Buy new plan',350000,2,1),(318,'2021-10-10 10:32:05','2021-11-10 10:32:05','Buy new plan',140000,49,2),(319,'2021-07-21 20:30:56','2021-08-21 20:30:56','Buy new plan',208000,39,2),(320,'2021-11-12 22:08:51','2021-12-12 22:08:51','Buy new plan',108000,46,2),(321,'2021-10-10 19:10:45','2021-11-10 19:10:45','Buy new plan',111000,13,2),(322,'2021-07-17 00:08:05','2021-08-17 00:08:05','Buy new plan',149000,27,2),(323,'2021-09-10 19:45:43','2021-10-10 19:45:43','Buy new plan',216000,45,1),(324,'2021-10-12 13:44:54','2021-11-12 13:44:54','Buy new plan',312000,43,1),(325,'2021-07-23 06:58:13','2021-08-23 06:58:13','Buy new plan',366000,31,1),(326,'2021-10-22 10:45:13','2021-11-22 10:45:13','Buy new plan',289000,24,1),(327,'2021-10-23 21:18:11','2021-11-23 21:18:11','Buy new plan',314000,28,2),(328,'2021-08-02 13:15:51','2021-09-02 13:15:51','Buy new plan',100000,15,2),(329,'2021-11-22 09:38:20','2021-12-22 09:38:20','Buy new plan',368000,41,1),(330,'2021-07-21 06:21:33','2021-08-21 06:21:33','Buy new plan',223000,12,2),(331,'2021-11-04 07:00:36','2021-12-04 07:00:36','Buy new plan',150000,33,2),(332,'2021-10-10 12:13:17','2021-11-10 12:13:17','Buy new plan',330000,32,2),(333,'2021-11-12 12:46:52','2021-12-12 12:46:52','Buy new plan',135000,8,2),(334,'2021-08-04 23:41:55','2021-09-04 23:41:55','Buy new plan',190000,44,1),(335,'2021-11-01 17:02:01','2021-12-01 17:02:01','Buy new plan',190000,44,2),(336,'2021-09-25 09:23:22','2021-10-25 09:23:22','Buy new plan',339000,40,2),(337,'2021-10-22 07:57:14','2021-11-22 07:57:14','Buy new plan',168000,16,1),(338,'2021-08-16 04:35:23','2021-09-16 04:35:23','Buy new plan',109000,9,1),(339,'2021-09-25 08:36:29','2021-10-25 08:36:29','Buy new plan',140000,49,1),(340,'2021-08-28 23:47:48','2021-09-28 23:47:48','Buy new plan',289000,17,1),(341,'2021-09-06 00:23:50','2021-10-06 00:23:50','Buy new plan',158000,35,2),(342,'2021-07-15 09:42:10','2021-08-15 09:42:10','Buy new plan',311000,26,2),(343,'2021-11-19 22:05:06','2021-12-19 22:05:06','Buy new plan',135000,25,2),(344,'2021-07-16 11:48:50','2021-08-16 11:48:50','Buy new plan',108000,46,2),(345,'2021-08-01 17:21:59','2021-09-01 17:21:59','Buy new plan',350000,2,1),(346,'2021-10-27 07:31:44','2021-11-27 07:31:44','Buy new plan',289000,24,2),(347,'2021-10-02 15:47:47','2021-11-02 15:47:47','Buy new plan',223000,12,1),(348,'2021-09-14 22:22:53','2021-10-14 22:22:53','Buy new plan',165000,37,1),(349,'2021-08-28 01:12:41','2021-09-28 01:12:41','Buy new plan',345000,48,2),(350,'2021-11-22 01:08:07','2021-12-22 01:08:07','Buy new plan',314000,28,2),(351,'2021-08-16 23:02:37','2021-09-16 23:02:37','Buy new plan',394000,47,1),(352,'2021-08-16 12:08:18','2021-09-16 12:08:18','Buy new plan',140000,49,2),(353,'2021-08-28 02:09:01','2021-09-28 02:09:01','Buy new plan',600000,4,1),(354,'2021-09-11 07:50:08','2021-10-11 07:50:08','Buy new plan',309000,22,1),(355,'2021-10-16 07:56:51','2021-11-16 07:56:51','Buy new plan',394000,47,2),(356,'2021-08-26 14:34:50','2021-09-26 14:34:50','Buy new plan',319000,20,1),(357,'2021-10-25 14:27:17','2021-11-25 14:27:17','Buy new plan',156000,7,2),(358,'2021-10-07 18:39:01','2021-11-07 18:39:01','Buy new plan',289000,24,1),(359,'2021-11-01 06:52:28','2021-12-01 06:52:28','Buy new plan',170000,50,1),(360,'2021-09-04 23:04:08','2021-10-04 23:04:08','Buy new plan',149000,27,2),(361,'2021-10-16 04:06:50','2021-11-16 04:06:50','Buy new plan',150000,33,1),(362,'2021-10-10 13:13:18','2021-11-10 13:13:18','Buy new plan',262000,34,2),(363,'2021-10-16 08:04:28','2021-11-16 08:04:28','Buy new plan',319000,20,1),(364,'2021-09-27 11:59:30','2021-10-27 11:59:30','Buy new plan',170000,50,1),(365,'2021-09-16 08:23:02','2021-10-16 08:23:02','Buy new plan',208000,39,2),(366,'2021-10-01 10:34:24','2021-11-01 10:34:24','Buy new plan',190000,44,1),(367,'2021-11-16 14:15:03','2021-12-16 14:15:03','Buy new plan',350000,2,1),(368,'2021-07-25 18:33:29','2021-08-25 18:33:29','Buy new plan',149000,27,1),(369,'2021-11-13 01:45:53','2021-12-13 01:45:53','Buy new plan',121000,29,1),(370,'2021-10-20 17:22:31','2021-11-20 17:22:31','Buy new plan',111000,13,2),(371,'2021-09-21 15:20:21','2021-10-21 15:20:21','Buy new plan',314000,28,2),(372,'2021-11-18 18:38:35','2021-12-18 18:38:35','Buy new plan',170000,50,2),(373,'2021-09-19 21:29:36','2021-10-19 21:29:36','Buy new plan',168000,16,1),(374,'2021-09-17 08:57:50','2021-10-17 08:57:50','Buy new plan',121000,29,2),(375,'2021-10-10 22:16:08','2021-11-10 22:16:08','Buy new plan',108000,46,2),(376,'2021-08-09 13:39:57','2021-09-09 13:39:57','Buy new plan',122000,42,1),(377,'2021-08-20 14:21:59','2021-09-20 14:21:59','Buy new plan',203000,23,1),(378,'2021-10-20 12:30:06','2021-11-20 12:30:06','Buy new plan',208000,36,1),(379,'2021-11-03 00:55:51','2021-12-03 00:55:51','Buy new plan',111000,13,2),(380,'2021-08-17 09:20:11','2021-09-17 09:20:11','Buy new plan',449000,6,1),(381,'2021-09-18 17:11:18','2021-10-18 17:11:18','Buy new plan',100000,38,1),(382,'2021-10-01 16:54:57','2021-11-01 16:54:57','Buy new plan',135000,25,1),(383,'2021-09-25 22:49:21','2021-10-25 22:49:21','Buy new plan',156000,7,2),(384,'2021-10-19 09:19:13','2021-11-19 09:19:13','Buy new plan',168000,11,2),(385,'2021-08-16 15:57:37','2021-09-16 15:57:37','Buy new plan',158000,35,2),(386,'2021-11-20 12:56:16','2021-12-20 12:56:16','Buy new plan',339000,40,2),(387,'2021-11-23 11:17:41','2021-12-23 11:17:41','Buy new plan',216000,45,1),(388,'2021-09-21 22:03:37','2021-10-21 22:03:37','Buy new plan',250000,3,1),(389,'2021-07-23 15:10:32','2021-08-23 15:10:32','Buy new plan',121000,29,1),(390,'2021-11-16 05:59:46','2021-12-16 05:59:46','Buy new plan',158000,35,2),(391,'2021-10-19 21:37:05','2021-11-19 21:37:05','Buy new plan',165000,37,2),(392,'2021-10-10 10:20:22','2021-11-10 10:20:22','Buy new plan',330000,32,1),(393,'2021-10-08 07:42:53','2021-11-08 07:42:53','Buy new plan',394000,47,1),(394,'2021-10-02 20:03:03','2021-11-02 20:03:03','Buy new plan',208000,39,2),(395,'2021-11-19 14:31:47','2021-12-19 14:31:47','Buy new plan',350000,2,1),(396,'2021-09-27 07:30:47','2021-10-27 07:30:47','Buy new plan',216000,45,1),(397,'2021-09-24 07:58:37','2021-10-24 07:58:37','Buy new plan',289000,17,2),(398,'2021-11-09 00:35:43','2021-12-09 00:35:43','Buy new plan',170000,50,1),(399,'2021-11-19 01:56:24','2021-12-19 01:56:24','Buy new plan',108000,46,2),(400,'2021-10-09 09:38:46','2021-11-09 09:38:46','Buy new plan',330000,32,2),(401,'2021-11-19 02:25:43','2021-12-19 02:25:43','Buy new plan',309000,22,2),(402,'2021-07-27 23:24:25','2021-08-27 23:24:25','Buy new plan',223000,12,1),(403,'2021-11-08 06:28:31','2021-12-08 06:28:31','Buy new plan',108000,46,1),(404,'2021-10-17 23:22:59','2021-11-17 23:22:59','Buy new plan',122000,42,1),(405,'2021-08-23 19:06:30','2021-09-23 19:06:30','Buy new plan',213000,21,1),(406,'2021-11-05 20:55:39','2021-12-05 20:55:39','Buy new plan',166000,30,1),(407,'2021-09-20 07:43:23','2021-10-20 07:43:23','Buy new plan',158000,35,2),(408,'2021-09-03 13:47:56','2021-10-03 13:47:56','Buy new plan',262000,34,2),(409,'2021-10-30 00:06:44','2021-11-30 00:06:44','Buy new plan',168000,16,1),(410,'2021-10-12 04:45:44','2021-11-12 04:45:44','Buy new plan',149000,27,2),(411,'2021-08-05 09:44:25','2021-09-05 09:44:25','Buy new plan',208000,36,2),(412,'2021-08-13 21:38:19','2021-09-13 21:38:19','Buy new plan',170000,50,2),(413,'2021-10-06 03:16:36','2021-11-06 03:16:36','Buy new plan',208000,39,2),(414,'2021-09-23 11:25:04','2021-10-23 11:25:04','Buy new plan',190000,44,1),(415,'2021-10-12 11:00:53','2021-11-12 11:00:53','Buy new plan',350000,2,2),(416,'2021-08-25 18:24:12','2021-09-25 18:24:12','Buy new plan',166000,30,1),(417,'2021-11-04 08:34:14','2021-12-04 08:34:14','Buy new plan',368000,41,2),(418,'2021-10-05 16:27:33','2021-11-05 16:27:33','Buy new plan',289000,17,1),(419,'2021-09-25 09:11:12','2021-10-25 09:11:12','Buy new plan',223000,12,1),(420,'2021-08-31 00:08:39','2021-09-30 00:08:39','Buy new plan',156000,7,1),(421,'2021-08-06 05:49:04','2021-09-06 05:49:04','Buy new plan',140000,49,2),(422,'2021-09-13 03:13:53','2021-10-13 03:13:53','Buy new plan',203000,23,1),(423,'2021-11-13 21:13:36','2021-12-13 21:13:36','Buy new plan',227000,19,2),(424,'2021-09-07 03:20:24','2021-10-07 03:20:24','Buy new plan',135000,25,2),(425,'2021-10-17 06:49:37','2021-11-17 06:49:37','Buy new plan',239000,18,2),(426,'2021-07-21 16:03:14','2021-08-21 16:03:14','Buy new plan',168000,16,1),(427,'2021-10-23 06:50:32','2021-11-23 06:50:32','Buy new plan',203000,23,2),(428,'2021-07-28 00:13:48','2021-08-28 00:13:48','Buy new plan',168000,16,2),(429,'2021-09-03 04:41:19','2021-10-03 04:41:19','Buy new plan',439000,10,2),(430,'2021-09-28 10:42:26','2021-10-28 10:42:26','Buy new plan',200000,1,1),(431,'2021-08-19 04:11:12','2021-09-19 04:11:12','Buy new plan',135000,25,1),(432,'2021-07-24 07:05:52','2021-08-24 07:05:52','Buy new plan',203000,23,1),(433,'2021-07-19 00:58:16','2021-08-19 00:58:16','Buy new plan',339000,40,1),(434,'2021-09-21 13:33:47','2021-10-21 13:33:47','Buy new plan',366000,31,2),(435,'2021-09-29 05:03:50','2021-10-29 05:03:50','Buy new plan',158000,35,2),(436,'2021-09-16 02:37:59','2021-10-16 02:37:59','Buy new plan',330000,32,1),(437,'2021-08-24 16:59:05','2021-09-24 16:59:05','Buy new plan',350000,2,1),(438,'2021-10-25 04:36:19','2021-11-25 04:36:19','Buy new plan',187000,14,1),(439,'2021-07-22 06:59:16','2021-08-22 06:59:16','Buy new plan',168000,16,2),(440,'2021-07-25 19:30:23','2021-08-25 19:30:23','Buy new plan',208000,36,1),(441,'2021-10-07 17:06:50','2021-11-07 17:06:50','Buy new plan',366000,31,2),(442,'2021-09-04 02:56:48','2021-10-04 02:56:48','Buy new plan',140000,49,2),(443,'2021-10-11 06:57:20','2021-11-11 06:57:20','Buy new plan',345000,48,1),(444,'2021-07-24 15:21:58','2021-08-24 15:21:58','Buy new plan',216000,45,2),(445,'2021-08-19 00:39:10','2021-09-19 00:39:10','Buy new plan',166000,30,1),(446,'2021-10-16 10:28:50','2021-11-16 10:28:50','Buy new plan',111000,13,1),(447,'2021-11-14 14:56:54','2021-12-14 14:56:54','Buy new plan',135000,25,1),(448,'2021-08-05 07:44:29','2021-09-05 07:44:29','Buy new plan',165000,37,1),(449,'2021-10-19 21:08:36','2021-11-19 21:08:36','Buy new plan',439000,10,1),(450,'2021-08-21 07:17:24','2021-09-21 07:17:24','Buy new plan',208000,36,1),(451,'2021-09-04 02:56:12','2021-10-04 02:56:12','Buy new plan',350000,2,1),(452,'2021-08-02 16:31:21','2021-09-02 16:31:21','Buy new plan',170000,50,2),(453,'2021-09-13 21:19:16','2021-10-13 21:19:16','Buy new plan',122000,42,1),(454,'2021-09-17 16:40:00','2021-10-17 16:40:00','Buy new plan',168000,11,1),(455,'2021-09-08 02:43:58','2021-10-08 02:43:58','Buy new plan',121000,29,1),(456,'2021-09-22 04:44:07','2021-10-22 04:44:07','Buy new plan',439000,10,2),(457,'2021-10-20 13:55:05','2021-11-20 13:55:05','Buy new plan',187000,14,1),(458,'2021-08-20 01:51:15','2021-09-20 01:51:15','Buy new plan',339000,40,2),(459,'2021-07-19 11:51:55','2021-08-19 11:51:55','Buy new plan',135000,8,1),(460,'2021-08-22 08:22:10','2021-09-22 08:22:10','Buy new plan',239000,18,1),(461,'2021-10-10 02:08:38','2021-11-10 02:08:38','Buy new plan',187000,14,1),(462,'2021-11-08 19:06:01','2021-12-08 19:06:01','Buy new plan',227000,19,2),(463,'2021-08-24 02:50:00','2021-09-24 02:50:00','Buy new plan',200000,1,1),(464,'2021-07-22 21:44:13','2021-08-22 21:44:13','Buy new plan',345000,48,1),(465,'2021-08-13 03:39:41','2021-09-13 03:39:41','Buy new plan',158000,35,1),(466,'2021-10-03 00:42:50','2021-11-03 00:42:50','Buy new plan',366000,31,1),(467,'2021-09-05 00:38:08','2021-10-05 00:38:08','Buy new plan',345000,48,2),(468,'2021-09-15 23:45:50','2021-10-15 23:45:50','Buy new plan',140000,49,1),(469,'2021-10-26 19:00:27','2021-11-26 19:00:27','Buy new plan',345000,48,2),(470,'2021-10-22 23:55:01','2021-11-22 23:55:01','Buy new plan',122000,42,1),(471,'2021-09-27 22:41:06','2021-10-27 22:41:06','Buy new plan',239000,18,2),(472,'2021-08-04 08:18:21','2021-09-04 08:18:21','Buy new plan',187000,14,2),(473,'2021-07-22 22:49:53','2021-08-22 22:49:53','Buy new plan',223000,12,2),(474,'2021-07-18 19:25:35','2021-08-18 19:25:35','Buy new plan',213000,21,2),(475,'2021-09-15 08:50:10','2021-10-15 08:50:10','Buy new plan',239000,18,1),(476,'2021-09-15 11:00:22','2021-10-15 11:00:22','Buy new plan',149000,27,1),(477,'2021-07-17 05:27:05','2021-08-17 05:27:05','Buy new plan',330000,32,2),(478,'2021-09-23 15:37:26','2021-10-23 15:37:26','Buy new plan',135000,25,1),(479,'2021-08-09 00:52:54','2021-09-09 00:52:54','Buy new plan',366000,31,1),(480,'2021-11-06 22:26:10','2021-12-06 22:26:10','Buy new plan',121000,29,1),(481,'2021-09-16 07:18:04','2021-10-16 07:18:04','Buy new plan',170000,50,1),(482,'2021-09-23 16:36:28','2021-10-23 16:36:28','Buy new plan',187000,14,2),(483,'2021-10-17 22:51:54','2021-11-17 22:51:54','Buy new plan',289000,17,2),(484,'2021-10-01 17:23:08','2021-11-01 17:23:08','Buy new plan',190000,44,1),(485,'2021-08-23 08:37:12','2021-09-23 08:37:12','Buy new plan',289000,17,2),(486,'2021-08-22 23:45:44','2021-09-22 23:45:44','Buy new plan',600000,4,2),(487,'2021-08-03 16:01:14','2021-09-03 16:01:14','Buy new plan',319000,20,1),(488,'2021-11-21 22:30:43','2021-12-21 22:30:43','Buy new plan',208000,36,1),(489,'2021-11-05 04:37:05','2021-12-05 04:37:05','Buy new plan',309000,22,2),(490,'2021-10-09 01:55:45','2021-11-09 01:55:45','Buy new plan',140000,49,1),(491,'2021-08-30 19:49:13','2021-09-30 19:49:13','Buy new plan',314000,28,2),(492,'2021-10-28 06:32:00','2021-11-28 06:32:00','Buy new plan',122000,42,1),(493,'2021-09-16 21:13:32','2021-10-16 21:13:32','Buy new plan',135000,25,2),(494,'2021-07-26 14:56:02','2021-08-26 14:56:02','Buy new plan',140000,49,1),(495,'2021-09-07 19:55:10','2021-10-07 19:55:10','Buy new plan',213000,21,1),(496,'2021-07-18 20:32:57','2021-08-18 20:32:57','Buy new plan',262000,5,1),(497,'2021-09-03 02:41:14','2021-10-03 02:41:14','Buy new plan',187000,14,1),(498,'2021-09-20 18:17:26','2021-10-20 18:17:26','Buy new plan',350000,2,1),(499,'2021-08-29 13:45:32','2021-09-29 13:45:32','Buy new plan',289000,17,1),(500,'2021-10-01 09:29:02','2021-11-01 09:29:02','Buy new plan',121000,29,1);
/*!40000 ALTER TABLE `purchase` ENABLE KEYS */;
UNLOCK TABLES;

--
-- Table structure for table `role`
--

DROP TABLE IF EXISTS `role`;
/*!40101 SET @saved_cs_client     = @@character_set_client */;
/*!50503 SET character_set_client = utf8mb4 */;
CREATE TABLE `role` (
  `roleid` bigint NOT NULL AUTO_INCREMENT,
  `name` varchar(10) DEFAULT NULL,
  PRIMARY KEY (`roleid`),
  UNIQUE KEY `UK_8sewwnpamngi6b1dwaa88askk` (`name`)
) ENGINE=InnoDB AUTO_INCREMENT=2 DEFAULT CHARSET=utf8mb4 COLLATE=utf8mb4_0900_ai_ci;
/*!40101 SET character_set_client = @saved_cs_client */;

--
-- Dumping data for table `role`
--

LOCK TABLES `role` WRITE;
/*!40000 ALTER TABLE `role` DISABLE KEYS */;
INSERT INTO `role` VALUES (1,'USER');
/*!40000 ALTER TABLE `role` ENABLE KEYS */;
UNLOCK TABLES;

--
-- Table structure for table `salary_log`
--

DROP TABLE IF EXISTS `salary_log`;
/*!40101 SET @saved_cs_client     = @@character_set_client */;
/*!50503 SET character_set_client = utf8mb4 */;
CREATE TABLE `salary_log` (
  `salary_log_id` bigint NOT NULL AUTO_INCREMENT,
  `creation_time` datetime DEFAULT NULL,
  `salary` double DEFAULT NULL,
  `staff_id` bigint DEFAULT NULL,
  `user_id` bigint DEFAULT NULL,
  PRIMARY KEY (`salary_log_id`),
  KEY `salary_log_user_id_index` (`user_id`),
  KEY `salary_log_staff_id_index` (`staff_id`)
) ENGINE=InnoDB AUTO_INCREMENT=501 DEFAULT CHARSET=utf8mb4 COLLATE=utf8mb4_0900_ai_ci;
/*!40101 SET character_set_client = @saved_cs_client */;

--
-- Dumping data for table `salary_log`
--

LOCK TABLES `salary_log` WRITE;
/*!40000 ALTER TABLE `salary_log` DISABLE KEYS */;
INSERT INTO `salary_log` VALUES (1,'2021-07-02 00:00:00',15000000,1,1),(2,'2021-07-02 00:00:00',15000000,2,2),(3,'2021-07-06 00:00:00',7000000,3,1),(4,'2021-07-06 00:00:00',7000000,4,2),(5,'2021-07-06 00:00:00',6000000,5,1),(6,'2021-07-06 00:00:00',6000000,6,2),(7,'2021-07-06 00:00:00',6000000,7,2),(8,'2021-07-06 00:00:00',6000000,8,2),(9,'2021-07-06 00:00:00',6000000,9,2),(10,'2021-07-06 00:00:00',6000000,10,1),(11,'2021-07-06 00:00:00',6000000,11,2),(12,'2021-07-06 00:00:00',6000000,12,1),(13,'2021-07-06 00:00:00',6000000,13,2),(14,'2021-07-06 00:00:00',6000000,14,2),(15,'2021-07-06 00:00:00',6000000,15,1),(16,'2021-07-02 00:00:00',15000000,1,1),(17,'2021-07-02 00:00:00',15000000,2,2),(18,'2021-07-06 00:00:00',7000000,3,1),(19,'2021-07-06 00:00:00',7000000,4,2),(20,'2021-07-06 00:00:00',6000000,5,1),(21,'2021-07-06 00:00:00',6000000,6,2),(22,'2021-07-06 00:00:00',6000000,7,2),(23,'2021-07-06 00:00:00',6000000,8,2),(24,'2021-07-06 00:00:00',6000000,9,2),(25,'2021-07-06 00:00:00',6000000,10,1),(26,'2021-07-06 00:00:00',6000000,11,2),(27,'2021-07-06 00:00:00',6000000,12,1),(28,'2021-07-06 00:00:00',6000000,13,2),(29,'2021-07-06 00:00:00',6000000,14,2),(30,'2021-07-06 00:00:00',6000000,15,1),(31,'2020-07-26 13:53:48',6000000,23,1),(32,'2020-08-29 22:11:23',6000000,40,1),(33,'2020-10-09 20:26:56',6000000,31,1),(34,'2021-06-18 00:11:00',6000000,35,2),(35,'2021-11-01 00:42:25',6000000,81,2),(36,'2021-06-02 07:11:04',6000000,99,1),(37,'2020-07-15 01:33:59',6000000,54,2),(38,'2020-10-25 18:48:44',6000000,70,1),(39,'2020-10-04 04:33:48',6000000,88,2),(40,'2021-01-02 03:56:19',6000000,28,2),(41,'2020-12-01 20:42:08',6000000,77,2),(42,'2020-08-24 00:23:05',6000000,100,2),(43,'2021-01-12 18:35:30',6000000,67,1),(44,'2021-10-04 23:19:26',6000000,37,2),(45,'2020-10-13 12:13:47',6000000,82,1),(46,'2021-03-12 19:58:37',15000000,1,1),(47,'2020-11-09 21:35:16',6000000,56,1),(48,'2021-06-25 08:31:14',6000000,76,1),(49,'2021-03-09 14:33:11',6000000,11,2),(50,'2021-07-23 00:28:47',6000000,29,2),(51,'2021-10-01 23:46:51',6000000,12,1),(52,'2021-03-09 06:54:33',6000000,70,1),(53,'2020-12-15 17:16:34',6000000,15,1),(54,'2020-07-25 02:55:50',6000000,65,2),(55,'2020-07-11 22:15:44',6000000,77,2),(56,'2021-01-19 03:18:07',6000000,91,1),(57,'2020-12-04 02:17:53',6000000,22,2),(58,'2021-02-10 15:49:15',6000000,38,1),(59,'2021-09-13 09:22:06',6000000,23,1),(60,'2020-07-13 09:12:12',15000000,2,2),(61,'2020-10-16 17:16:15',6000000,39,2),(62,'2021-01-04 02:37:01',6000000,87,2),(63,'2021-06-12 10:06:43',6000000,21,2),(64,'2021-03-28 03:04:42',6000000,40,1),(65,'2021-04-16 18:03:50',6000000,39,2),(66,'2021-03-16 09:31:36',6000000,75,2),(67,'2020-11-25 11:26:49',6000000,58,2),(68,'2021-10-01 07:29:54',6000000,63,2),(69,'2020-12-12 00:59:37',6000000,41,2),(70,'2021-10-06 15:58:54',6000000,15,1),(71,'2021-08-09 01:13:29',6000000,50,1),(72,'2020-11-22 10:07:14',6000000,7,2),(73,'2021-10-18 17:43:25',6000000,86,1),(74,'2021-08-27 05:37:48',6000000,5,1),(75,'2021-06-18 11:10:13',6000000,68,1),(76,'2021-10-19 12:31:06',6000000,24,1),(77,'2021-06-22 00:08:28',6000000,15,1),(78,'2021-08-11 20:51:40',15000000,2,2),(79,'2021-09-03 23:28:29',6000000,66,1),(80,'2020-07-11 03:05:42',6000000,23,1),(81,'2021-09-02 16:10:31',6000000,16,1),(82,'2021-10-13 05:18:06',6000000,9,2),(83,'2020-12-09 01:45:37',6000000,98,1),(84,'2020-12-31 06:34:48',6000000,60,1),(85,'2021-02-27 05:45:32',6000000,9,2),(86,'2020-07-19 14:58:24',6000000,64,2),(87,'2021-04-09 15:30:53',6000000,92,2),(88,'2021-06-24 20:29:37',6000000,68,1),(89,'2021-08-21 14:27:53',6000000,62,2),(90,'2021-08-21 21:21:10',6000000,8,2),(91,'2020-12-15 16:37:34',6000000,54,2),(92,'2021-10-29 17:28:58',6000000,43,2),(93,'2021-07-13 06:01:36',6000000,53,1),(94,'2021-03-05 08:33:59',6000000,38,1),(95,'2020-08-28 06:00:05',6000000,28,2),(96,'2021-01-10 23:52:37',6000000,25,1),(97,'2021-09-30 23:19:18',6000000,42,2),(98,'2021-07-31 14:10:50',6000000,36,1),(99,'2021-07-08 01:04:54',6000000,52,2),(100,'2021-11-21 04:56:14',6000000,498,2),(101,'2021-10-12 05:36:27',6000000,130,2),(102,'2021-07-30 17:51:42',6000000,152,2),(103,'2021-09-14 00:15:47',6000000,370,2),(104,'2021-09-20 12:39:31',6000000,396,1),(105,'2021-08-07 04:08:55',6000000,369,1),(106,'2021-11-19 00:22:57',6000000,156,2),(107,'2021-08-23 19:59:26',6000000,170,1),(108,'2021-11-12 22:48:04',6000000,385,2),(109,'2021-10-14 08:15:54',6000000,413,2),(110,'2021-09-30 04:42:11',6000000,408,2),(111,'2021-10-08 10:58:45',6000000,302,2),(112,'2021-11-20 12:45:23',6000000,284,2),(113,'2021-10-25 18:35:56',6000000,13,2),(114,'2021-09-15 15:36:04',6000000,212,1),(115,'2021-08-16 20:07:02',6000000,21,2),(116,'2021-10-16 03:05:57',6000000,470,2),(117,'2021-10-23 17:31:02',6000000,286,2),(118,'2021-10-11 21:09:53',6000000,18,2),(119,'2021-10-24 09:45:01',6000000,233,2),(120,'2021-09-19 18:06:00',6000000,111,1),(121,'2021-08-27 22:43:31',6000000,355,2),(122,'2021-10-18 22:05:04',6000000,439,2),(123,'2021-09-21 05:57:50',6000000,133,2),(124,'2021-08-03 11:55:13',6000000,347,1),(125,'2021-08-14 23:47:07',6000000,337,2),(126,'2021-09-11 04:34:12',6000000,142,2),(127,'2021-09-05 18:46:06',6000000,200,2),(128,'2021-07-31 23:06:07',6000000,72,2),(129,'2021-08-09 23:41:56',6000000,261,1),(130,'2021-07-20 19:35:19',6000000,87,2),(131,'2021-11-05 20:08:46',6000000,152,2),(132,'2021-11-18 09:09:08',6000000,500,2),(133,'2021-11-23 17:46:26',6000000,41,2),(134,'2021-10-29 02:55:17',6000000,205,1),(135,'2021-11-10 08:07:22',6000000,404,1),(136,'2021-09-16 06:22:29',6000000,402,2),(137,'2021-09-05 00:19:58',6000000,300,2),(138,'2021-10-15 14:11:42',6000000,294,2),(139,'2021-10-29 07:56:51',6000000,67,1),(140,'2021-10-05 06:53:50',6000000,453,1),(141,'2021-08-11 16:18:26',6000000,65,2),(142,'2021-09-21 21:20:45',6000000,467,1),(143,'2021-08-30 19:50:26',6000000,136,1),(144,'2021-07-16 00:54:46',6000000,279,1),(145,'2021-07-16 17:01:06',6000000,487,1),(146,'2021-09-29 04:45:39',6000000,99,1),(147,'2021-08-01 06:23:20',6000000,33,1),(148,'2021-08-20 08:57:46',6000000,369,1),(149,'2021-09-28 04:02:24',6000000,245,2),(150,'2021-10-17 15:40:11',6000000,115,1),(151,'2021-09-24 12:45:40',6000000,341,2),(152,'2021-09-26 10:49:38',6000000,359,2),(153,'2021-10-11 16:29:01',6000000,272,1),(154,'2021-11-18 07:01:08',6000000,283,2),(155,'2021-08-21 00:17:10',6000000,99,1),(156,'2021-10-26 01:23:05',6000000,144,2),(157,'2021-08-01 14:00:13',6000000,425,1),(158,'2021-09-03 09:32:17',6000000,189,2),(159,'2021-08-15 23:57:49',6000000,173,2),(160,'2021-08-11 06:51:32',6000000,295,1),(161,'2021-09-04 02:28:09',6000000,455,1),(162,'2021-09-09 07:22:38',6000000,391,1),(163,'2021-10-23 12:59:34',6000000,87,2),(164,'2021-09-30 07:53:21',6000000,265,1),(165,'2021-09-26 13:02:37',6000000,61,2),(166,'2021-08-13 21:04:33',6000000,10,1),(167,'2021-09-19 02:01:02',6000000,368,1),(168,'2021-11-04 19:38:03',6000000,309,2),(169,'2021-09-28 16:14:17',6000000,438,1),(170,'2021-11-08 11:25:56',6000000,266,2),(171,'2021-07-19 18:03:09',6000000,13,2),(172,'2021-09-24 22:21:05',6000000,269,1),(173,'2021-09-14 23:48:49',6000000,306,2),(174,'2021-10-08 00:05:46',6000000,222,1),(175,'2021-08-16 21:43:24',6000000,190,2),(176,'2021-11-19 21:13:01',6000000,283,2),(177,'2021-09-01 10:46:15',6000000,344,1),(178,'2021-08-17 01:30:20',6000000,369,1),(179,'2021-10-12 12:11:42',6000000,316,2),(180,'2021-09-06 15:13:20',6000000,470,2),(181,'2021-10-21 17:19:44',6000000,401,2),(182,'2021-07-19 19:14:24',6000000,95,1),(183,'2021-09-05 04:46:26',6000000,272,1),(184,'2021-11-09 07:23:29',6000000,73,2),(185,'2021-09-10 12:25:20',6000000,49,2),(186,'2021-09-08 20:09:08',6000000,27,1),(187,'2021-10-06 09:34:03',6000000,487,1),(188,'2021-10-28 08:55:02',6000000,354,1),(189,'2021-10-15 10:09:56',6000000,309,2),(190,'2021-09-14 17:42:24',6000000,483,2),(191,'2021-09-17 23:59:27',6000000,486,1),(192,'2021-08-07 04:31:18',6000000,480,1),(193,'2021-08-13 14:14:08',6000000,442,1),(194,'2021-07-31 10:39:10',6000000,268,2),(195,'2021-10-20 20:25:34',6000000,16,1),(196,'2021-08-27 16:11:31',6000000,274,1),(197,'2021-09-03 23:49:36',6000000,324,1),(198,'2021-08-05 03:08:29',6000000,294,2),(199,'2021-09-04 18:07:50',15000000,1,1),(200,'2021-09-01 02:42:35',6000000,120,1),(201,'2021-08-06 06:25:19',6000000,98,1),(202,'2021-10-08 16:18:54',6000000,130,2),(203,'2021-08-18 18:46:09',6000000,356,1),(204,'2021-10-31 07:37:36',6000000,388,1),(205,'2021-11-23 06:27:49',6000000,371,2),(206,'2021-10-17 11:55:56',6000000,193,2),(207,'2021-09-13 00:42:19',6000000,351,2),(208,'2021-08-25 07:39:09',6000000,175,2),(209,'2021-11-03 00:40:55',6000000,322,2),(210,'2021-07-27 20:46:40',6000000,84,1),(211,'2021-07-25 14:53:49',6000000,452,2),(212,'2021-08-29 21:36:54',6000000,10,1),(213,'2021-10-10 20:00:45',6000000,194,1),(214,'2021-07-30 12:39:08',6000000,440,2),(215,'2021-10-25 04:00:11',6000000,116,2),(216,'2021-10-09 02:14:11',6000000,261,1),(217,'2021-11-02 05:15:45',6000000,454,2),(218,'2021-11-13 21:48:11',6000000,486,1),(219,'2021-11-10 10:47:51',6000000,68,1),(220,'2021-09-23 16:24:50',6000000,382,1),(221,'2021-08-18 13:58:31',6000000,204,2),(222,'2021-09-13 01:48:28',6000000,375,1),(223,'2021-10-11 20:47:47',6000000,262,2),(224,'2021-08-30 11:08:02',6000000,183,2),(225,'2021-10-25 10:32:57',6000000,131,1),(226,'2021-08-23 20:28:07',6000000,103,2),(227,'2021-11-21 05:40:28',6000000,120,1),(228,'2021-08-19 08:20:01',6000000,294,2),(229,'2021-11-01 18:15:51',6000000,110,1),(230,'2021-09-05 00:52:02',6000000,165,1),(231,'2021-08-23 05:07:55',6000000,495,2),(232,'2021-07-16 03:15:28',6000000,480,1),(233,'2021-07-18 01:29:34',6000000,416,2),(234,'2021-08-30 04:51:29',6000000,137,2),(235,'2021-08-30 11:19:07',6000000,439,2),(236,'2021-08-03 12:45:11',6000000,284,2),(237,'2021-10-30 21:58:06',6000000,102,2),(238,'2021-09-04 01:53:49',6000000,158,2),(239,'2021-09-30 10:30:40',6000000,483,2),(240,'2021-09-29 03:37:20',6000000,441,2),(241,'2021-11-08 02:52:24',6000000,257,2),(242,'2021-11-18 10:29:29',6000000,461,2),(243,'2021-10-31 20:11:06',6000000,32,1),(244,'2021-11-03 03:46:03',6000000,279,1),(245,'2021-08-20 16:50:26',6000000,296,2),(246,'2021-11-09 16:20:26',6000000,142,2),(247,'2021-09-11 17:42:53',6000000,322,2),(248,'2021-11-02 19:40:06',6000000,182,2),(249,'2021-10-31 16:23:48',6000000,443,1),(250,'2021-07-30 06:39:53',6000000,171,2),(251,'2021-08-11 16:41:44',6000000,25,1),(252,'2021-10-09 04:26:18',6000000,110,1),(253,'2021-08-13 05:53:50',6000000,475,1),(254,'2021-08-14 08:18:59',6000000,44,1),(255,'2021-09-29 14:55:33',6000000,293,2),(256,'2021-10-16 09:49:56',6000000,335,2),(257,'2021-09-14 22:35:26',6000000,296,2),(258,'2021-10-08 23:14:55',6000000,472,2),(259,'2021-11-16 21:42:08',6000000,475,1),(260,'2021-10-10 01:16:29',6000000,455,1),(261,'2021-08-13 23:49:41',6000000,350,2),(262,'2021-11-17 01:05:29',6000000,383,1),(263,'2021-08-03 14:11:20',6000000,368,1),(264,'2021-11-21 04:20:58',6000000,188,2),(265,'2021-10-11 20:17:52',6000000,336,2),(266,'2021-08-28 06:22:18',6000000,117,1),(267,'2021-10-25 18:34:56',6000000,76,1),(268,'2021-07-21 08:51:22',6000000,30,1),(269,'2021-08-05 09:03:52',6000000,419,2),(270,'2021-09-21 08:41:48',6000000,7,2),(271,'2021-10-19 21:09:41',6000000,276,2),(272,'2021-09-08 20:02:49',6000000,359,2),(273,'2021-11-15 12:45:30',6000000,465,1),(274,'2021-09-04 15:23:43',6000000,248,1),(275,'2021-07-20 01:47:19',6000000,344,1),(276,'2021-08-10 04:51:11',6000000,476,2),(277,'2021-07-20 04:08:28',6000000,347,1),(278,'2021-08-04 04:14:06',6000000,308,1),(279,'2021-09-11 16:54:00',6000000,497,1),(280,'2021-11-08 05:54:20',6000000,61,2),(281,'2021-11-02 16:23:23',6000000,312,2),(282,'2021-07-25 08:46:48',6000000,377,2),(283,'2021-10-24 22:50:18',6000000,449,1),(284,'2021-11-21 11:15:21',6000000,112,1),(285,'2021-08-31 09:06:38',6000000,215,1),(286,'2021-11-22 14:29:14',6000000,240,1),(287,'2021-09-10 15:21:45',6000000,51,2),(288,'2021-08-16 09:38:49',6000000,35,2),(289,'2021-10-16 18:09:42',6000000,22,2),(290,'2021-11-16 10:38:39',6000000,5,1),(291,'2021-10-03 17:32:24',6000000,458,1),(292,'2021-09-03 01:24:37',6000000,275,2),(293,'2021-09-19 03:01:48',6000000,500,2),(294,'2021-07-23 05:59:35',6000000,177,1),(295,'2021-11-13 12:23:30',6000000,382,1),(296,'2021-09-28 20:19:02',6000000,378,2),(297,'2021-07-17 00:47:52',6000000,245,2),(298,'2021-09-27 20:45:56',6000000,90,2),(299,'2021-08-23 21:48:59',6000000,213,2),(300,'2021-07-30 05:28:03',6000000,294,2),(301,'2021-08-18 05:17:51',6000000,330,2),(302,'2021-10-08 03:22:17',6000000,271,2),(303,'2021-09-20 22:46:30',6000000,361,1),(304,'2021-08-07 04:00:02',6000000,493,2),(305,'2021-10-10 23:04:52',6000000,382,1),(306,'2021-11-09 01:40:51',6000000,429,2),(307,'2021-09-29 19:48:26',6000000,498,2),(308,'2021-07-30 04:25:41',6000000,202,1),(309,'2021-09-07 16:40:08',6000000,17,2),(310,'2021-10-08 10:08:06',6000000,480,1),(311,'2021-09-11 15:00:45',6000000,346,1),(312,'2021-08-01 20:20:56',6000000,289,2),(313,'2021-07-21 09:28:14',6000000,408,2),(314,'2021-11-17 03:36:48',6000000,174,1),(315,'2021-11-21 16:58:39',6000000,143,1),(316,'2021-08-04 22:31:30',6000000,194,1),(317,'2021-08-07 04:16:03',6000000,38,1),(318,'2021-09-24 09:27:49',6000000,109,1),(319,'2021-08-16 20:39:23',6000000,432,1),(320,'2021-10-23 00:52:09',6000000,333,1),(321,'2021-11-06 15:01:34',6000000,369,1),(322,'2021-10-19 02:40:20',6000000,344,1),(323,'2021-11-01 03:21:53',6000000,111,1),(324,'2021-07-19 10:12:02',6000000,25,1),(325,'2021-09-15 20:26:53',6000000,292,2),(326,'2021-07-24 07:06:52',6000000,385,2),(327,'2021-07-20 02:44:26',6000000,48,1),(328,'2021-10-04 06:17:58',6000000,86,1),(329,'2021-07-31 23:32:56',6000000,283,2),(330,'2021-07-18 03:24:12',6000000,155,1),(331,'2021-10-09 02:23:24',6000000,428,2),(332,'2021-11-11 03:48:17',6000000,174,1),(333,'2021-10-23 12:51:33',6000000,87,2),(334,'2021-11-20 12:32:28',6000000,412,2),(335,'2021-11-07 11:47:28',6000000,297,1),(336,'2021-09-20 03:14:46',6000000,250,2),(337,'2021-10-17 19:20:09',6000000,357,2),(338,'2021-11-22 14:08:21',6000000,35,2),(339,'2021-09-15 05:16:04',6000000,104,2),(340,'2021-11-22 13:59:28',6000000,414,1),(341,'2021-08-31 15:53:27',6000000,259,1),(342,'2021-10-25 11:58:58',6000000,50,1),(343,'2021-10-07 12:08:40',6000000,474,1),(344,'2021-09-20 11:48:20',6000000,220,2),(345,'2021-10-03 09:14:28',6000000,178,2),(346,'2021-09-22 01:36:34',6000000,230,1),(347,'2021-09-14 04:38:09',6000000,117,1),(348,'2021-11-12 01:19:29',6000000,392,2),(349,'2021-08-27 05:38:41',6000000,108,2),(350,'2021-09-28 18:41:12',6000000,366,1),(351,'2021-07-24 04:04:14',7000000,3,1),(352,'2021-11-16 15:05:13',6000000,417,2),(353,'2021-08-13 00:36:33',6000000,74,2),(354,'2021-10-11 15:49:03',6000000,119,1),(355,'2021-09-25 06:21:45',6000000,375,1),(356,'2021-09-19 10:35:51',6000000,15,1),(357,'2021-10-04 00:48:29',6000000,451,2),(358,'2021-10-01 15:17:34',6000000,207,2),(359,'2021-11-15 07:53:45',6000000,184,2),(360,'2021-08-16 14:58:54',6000000,297,1),(361,'2021-08-14 09:14:27',6000000,434,1),(362,'2021-08-04 06:56:04',6000000,279,1),(363,'2021-07-23 13:14:34',6000000,90,2),(364,'2021-08-05 08:05:28',6000000,113,1),(365,'2021-11-02 02:53:30',6000000,294,2),(366,'2021-07-26 00:26:25',6000000,132,2),(367,'2021-10-17 04:49:51',6000000,277,2),(368,'2021-08-30 08:10:40',6000000,488,2),(369,'2021-09-16 16:25:35',6000000,109,1),(370,'2021-10-04 05:04:20',6000000,78,2),(371,'2021-08-07 06:44:16',6000000,66,1),(372,'2021-08-31 20:15:37',6000000,95,1),(373,'2021-10-31 08:02:47',6000000,277,2),(374,'2021-11-12 07:23:44',6000000,97,1),(375,'2021-09-10 03:40:09',6000000,153,1),(376,'2021-07-21 21:27:35',6000000,476,2),(377,'2021-10-06 15:07:30',6000000,420,1),(378,'2021-11-12 14:55:58',6000000,172,2),(379,'2021-07-27 03:54:08',6000000,101,1),(380,'2021-10-31 07:18:41',6000000,487,1),(381,'2021-09-10 19:48:11',6000000,129,1),(382,'2021-08-19 00:07:35',6000000,187,1),(383,'2021-09-10 04:16:30',6000000,47,2),(384,'2021-07-27 22:55:26',6000000,175,2),(385,'2021-10-13 02:32:13',6000000,230,1),(386,'2021-09-06 06:03:04',6000000,128,2),(387,'2021-09-17 22:12:34',6000000,446,2),(388,'2021-08-04 15:57:22',6000000,348,2),(389,'2021-08-30 21:50:40',6000000,402,2),(390,'2021-09-29 02:03:14',6000000,464,2),(391,'2021-11-11 06:06:13',6000000,114,2),(392,'2021-10-17 08:54:46',6000000,176,2),(393,'2021-10-08 20:29:30',6000000,37,2),(394,'2021-07-29 17:06:08',6000000,156,2),(395,'2021-08-13 15:17:48',6000000,171,2),(396,'2021-09-01 03:43:25',6000000,387,1),(397,'2021-07-20 00:50:51',6000000,419,2),(398,'2021-11-09 00:59:02',6000000,436,2),(399,'2021-09-12 08:41:04',6000000,423,2),(400,'2021-10-21 10:21:24',6000000,306,2),(401,'2021-09-13 09:17:00',6000000,261,1),(402,'2021-10-03 19:55:48',6000000,387,1),(403,'2021-10-10 07:25:14',6000000,150,1),(404,'2021-07-29 06:53:02',6000000,88,2),(405,'2021-11-14 17:18:06',6000000,491,2),(406,'2021-07-25 01:46:45',6000000,190,2),(407,'2021-09-01 01:38:22',6000000,478,1),(408,'2021-10-01 09:30:35',6000000,318,1),(409,'2021-10-16 01:47:24',6000000,154,2),(410,'2021-10-26 14:20:05',6000000,318,1),(411,'2021-10-22 19:25:42',6000000,125,1),(412,'2021-10-08 02:11:55',6000000,173,2),(413,'2021-07-27 22:50:36',6000000,487,1),(414,'2021-09-03 13:02:12',6000000,416,2),(415,'2021-11-14 23:33:24',6000000,119,1),(416,'2021-09-03 22:10:18',6000000,348,2),(417,'2021-10-30 22:20:10',6000000,383,1),(418,'2021-08-31 05:04:33',6000000,371,2),(419,'2021-09-07 19:33:01',6000000,203,2),(420,'2021-07-22 20:14:27',6000000,402,2),(421,'2021-10-26 09:11:45',6000000,401,2),(422,'2021-09-18 17:10:02',6000000,298,1),(423,'2021-08-27 12:03:42',6000000,288,1),(424,'2021-08-07 09:44:40',6000000,45,1),(425,'2021-08-20 10:45:07',6000000,358,2),(426,'2021-10-23 10:07:38',6000000,158,2),(427,'2021-10-22 14:44:48',6000000,214,2),(428,'2021-09-01 13:59:43',6000000,96,2),(429,'2021-09-14 11:48:53',6000000,337,2),(430,'2021-09-05 23:14:48',6000000,396,1),(431,'2021-10-17 07:58:54',6000000,470,2),(432,'2021-09-20 13:20:08',6000000,161,2),(433,'2021-10-13 15:24:35',6000000,393,1),(434,'2021-09-03 00:35:58',6000000,484,2),(435,'2021-07-25 17:52:32',6000000,238,1),(436,'2021-09-06 05:14:22',6000000,240,1),(437,'2021-09-06 13:02:12',6000000,485,2),(438,'2021-09-22 07:49:47',6000000,205,1),(439,'2021-09-10 23:04:37',6000000,67,1),(440,'2021-08-09 19:53:34',6000000,220,2),(441,'2021-08-04 00:51:17',6000000,398,2),(442,'2021-11-18 15:21:10',6000000,329,1),(443,'2021-09-10 17:40:38',6000000,450,2),(444,'2021-11-14 02:11:17',6000000,262,2),(445,'2021-09-24 10:12:07',6000000,461,2),(446,'2021-08-24 23:11:13',6000000,20,2),(447,'2021-07-28 02:21:38',6000000,216,2),(448,'2021-07-17 10:41:06',6000000,18,2),(449,'2021-10-03 06:32:47',6000000,442,1),(450,'2021-11-11 07:26:45',6000000,158,2),(451,'2021-08-29 15:33:45',6000000,460,1),(452,'2021-10-11 19:45:55',6000000,329,1),(453,'2021-07-16 10:51:49',6000000,262,2),(454,'2021-10-29 16:45:30',6000000,322,2),(455,'2021-08-11 23:23:22',6000000,326,2),(456,'2021-11-18 08:50:35',6000000,164,1),(457,'2021-08-10 12:21:08',6000000,341,2),(458,'2021-08-08 23:06:41',6000000,210,1),(459,'2021-10-27 23:34:18',6000000,27,1),(460,'2021-11-17 22:57:01',6000000,7,2),(461,'2021-08-02 01:28:19',6000000,452,2),(462,'2021-09-13 04:29:20',6000000,238,1),(463,'2021-08-09 15:45:44',6000000,335,2),(464,'2021-07-22 21:52:16',6000000,460,1),(465,'2021-09-20 06:45:29',6000000,296,2),(466,'2021-08-12 18:26:48',6000000,99,1),(467,'2021-08-05 23:10:12',6000000,107,1),(468,'2021-07-31 21:59:57',6000000,238,1),(469,'2021-10-13 16:28:18',6000000,369,1),(470,'2021-08-11 20:04:40',6000000,128,2),(471,'2021-11-23 06:51:04',6000000,32,1),(472,'2021-11-03 18:31:56',6000000,278,1),(473,'2021-09-29 03:07:20',6000000,293,2),(474,'2021-11-21 15:33:05',6000000,129,1),(475,'2021-09-02 05:53:58',6000000,265,1),(476,'2021-08-26 21:24:28',6000000,439,2),(477,'2021-08-12 21:21:39',6000000,400,2),(478,'2021-11-20 15:37:23',6000000,182,2),(479,'2021-07-17 19:52:04',6000000,207,2),(480,'2021-11-17 20:50:56',6000000,492,1),(481,'2021-09-03 20:33:58',6000000,336,2),(482,'2021-07-26 23:33:57',6000000,204,2),(483,'2021-10-26 13:57:42',6000000,13,2),(484,'2021-11-06 17:43:19',6000000,450,2),(485,'2021-11-09 12:08:47',6000000,212,1),(486,'2021-10-24 11:02:11',6000000,210,1),(487,'2021-11-07 22:03:34',6000000,411,2),(488,'2021-08-16 21:23:38',6000000,427,1),(489,'2021-07-23 05:54:31',6000000,399,1),(490,'2021-10-24 20:50:50',6000000,214,2),(491,'2021-08-09 06:08:18',6000000,373,2),(492,'2021-11-21 06:27:11',6000000,222,1),(493,'2021-10-08 20:20:57',6000000,490,2),(494,'2021-08-11 06:38:09',6000000,283,2),(495,'2021-08-29 09:02:40',6000000,445,2),(496,'2021-08-07 08:13:59',6000000,376,2),(497,'2021-11-16 15:55:46',6000000,43,2),(498,'2021-09-28 04:39:14',6000000,89,2),(499,'2021-10-14 16:12:20',6000000,316,2),(500,'2021-07-30 23:10:10',6000000,313,2);
/*!40000 ALTER TABLE `salary_log` ENABLE KEYS */;
UNLOCK TABLES;

--
-- Table structure for table `sell_order`
--

DROP TABLE IF EXISTS `sell_order`;
/*!40101 SET @saved_cs_client     = @@character_set_client */;
/*!50503 SET character_set_client = utf8mb4 */;
CREATE TABLE `sell_order` (
  `sell_order_id` bigint NOT NULL AUTO_INCREMENT,
  `actual_discount_cash` double DEFAULT '0',
  `actual_discount_percentage` double DEFAULT '0',
  `age_group` varchar(255) DEFAULT NULL,
  `creation_time` datetime DEFAULT NULL,
  `customer_message` varchar(1000) DEFAULT NULL,
  `final_cost` double DEFAULT NULL,
  `gender` varchar(255) DEFAULT NULL,
  `real_cost` double DEFAULT NULL,
  `status` varchar(255) DEFAULT NULL,
  `user_id` bigint DEFAULT NULL,
  `customer_id` bigint DEFAULT NULL,
  `discount_id` bigint DEFAULT NULL,
  PRIMARY KEY (`sell_order_id`),
  KEY `sell_order_user_id_index` (`user_id`),
  KEY `sell_order_customer_id_index` (`customer_id`),
  KEY `sell_order_discount_id_index` (`discount_id`),
  KEY `sell_order_creation_time_index` (`creation_time`),
  CONSTRAINT `FKjdk02h3vt4x77pkfcykvtdhqp` FOREIGN KEY (`discount_id`) REFERENCES `discount` (`discount_id`),
  CONSTRAINT `FKqwrurng4dlomoi49goxtuoqtk` FOREIGN KEY (`customer_id`) REFERENCES `customer` (`customer_id`)
) ENGINE=InnoDB AUTO_INCREMENT=506 DEFAULT CHARSET=utf8mb4 COLLATE=utf8mb4_0900_ai_ci;
/*!40101 SET character_set_client = @saved_cs_client */;

--
-- Dumping data for table `sell_order`
--

LOCK TABLES `sell_order` WRITE;
/*!40000 ALTER TABLE `sell_order` DISABLE KEYS */;
INSERT INTO `sell_order` VALUES (1,0,0,'UNKNOWN','2021-06-15 00:00:00','Good',240000,'UNKNOWN',260000,'FINISHED',1,1,NULL),(2,0,0,'UNKNOWN','2021-06-16 00:00:00','Not bad',270000,'UNKNOWN',270000,'FINISHED',2,2,NULL),(3,0,0,'UNKNOWN','2021-06-20 00:00:00','Excellent',155000,'UNKNOWN',155000,'FINISHED',2,3,NULL),(4,0,0,'UNKNOWN','2021-06-21 00:00:00','Fantastic',205000,'UNKNOWN',205000,'FINISHED',2,4,NULL),(5,0,0,'UNKNOWN','2021-06-22 00:00:00','Very good',165000,'UNKNOWN',165000,'FINISHED',1,5,NULL),(6,0,0,'UNKNOWN','2021-06-23 00:00:00','Bad',200000,'UNKNOWN',200000,'FINISHED',2,6,NULL),(7,0,0,'UNKNOWN','2021-06-26 00:00:00','Nice',90000,'UNKNOWN',90000,'FINISHED',2,7,NULL),(8,0,0,'UNKNOWN','2021-06-28 00:00:00','Lovely',170000,'UNKNOWN',170000,'FINISHED',2,8,NULL),(9,15000,9,'UNKNOWN','2021-06-29 00:00:00','Stunning',140000,'UNKNOWN',155000,'FINISHED',1,9,9),(10,0,0,'UNKNOWN','2021-06-30 00:00:00','Gorgeous',230000,'UNKNOWN',230000,'FINISHED',2,10,NULL),(11,0,0,'UNKNOWN','2021-07-02 00:00:00','Terrific',240000,'UNKNOWN',240000,'FINISHED',1,9,NULL),(12,15000,6,'UNKNOWN','2021-07-05 00:00:00','Horrible',235000,'UNKNOWN',250000,'FINISHED',2,7,14),(13,0,0,'UNKNOWN','2021-07-06 00:00:00','Wonderful',200000,'UNKNOWN',200000,'FINISHED',2,11,NULL),(14,0,0,'UNKNOWN','2021-07-07 00:00:00','Perfect',140000,'UNKNOWN',140000,'FINISHED',2,12,NULL),(15,0,0,'UNKNOWN','2021-07-08 00:00:00','Breathtaking',305000,'UNKNOWN',305000,'FINISHED',1,13,NULL),(16,28000,10,'UNKNOWN','2021-07-09 00:00:00','Outstanding',252000,'UNKNOWN',280000,'FINISHED',2,2,20),(17,0,0,'UNKNOWN','2021-07-10 00:00:00','Exceptional',180000,'UNKNOWN',180000,'FINISHED',2,14,NULL),(18,38000,10,'UNKNOWN','2021-07-12 00:00:00','Amazing',342000,'UNKNOWN',380000,'FINISHED',2,6,20),(19,0,0,'UNKNOWN','2021-07-13 00:00:00','Spectacular',114000,'UNKNOWN',114000,'FINISHED',1,15,NULL),(20,32000,10,'UNKNOWN','2021-07-15 00:00:00','Phenomenal',288000,'UNKNOWN',320000,'FINISHED',2,8,15),(21,0,0,'UNKNOWN','2021-09-10 23:31:36','Good',192000,'UNKNOWN',192000,'FINISHED',2,16,NULL),(22,0,0,'UNKNOWN','2021-09-16 13:17:04','Good',142000,'UNKNOWN',142000,'FINISHED',2,17,NULL),(23,0,0,'UNKNOWN','2021-09-13 11:00:52','Good',270000,'UNKNOWN',270000,'FINISHED',1,18,NULL),(24,0,0,'UNKNOWN','2021-09-07 04:12:27','Good',378100,'UNKNOWN',398000,'FINISHED',1,19,NULL),(25,0,0,'UNKNOWN','2021-10-07 17:03:07','Good',162000,'UNKNOWN',162000,'FINISHED',2,20,NULL),(26,0,0,'UNKNOWN','2021-11-03 21:05:31','Good',338000,'UNKNOWN',338000,'FINISHED',1,21,NULL),(27,0,0,'UNKNOWN','2021-10-24 22:08:45','Good',394000,'UNKNOWN',394000,'FINISHED',2,22,NULL),(28,0,0,'UNKNOWN','2021-10-02 00:01:38','Good',208000,'UNKNOWN',208000,'FINISHED',2,23,NULL),(29,0,0,'UNKNOWN','2021-08-26 21:11:56','Good',174000,'UNKNOWN',174000,'FINISHED',2,24,NULL),(30,0,0,'UNKNOWN','2021-07-26 02:55:20','Good',97000,'UNKNOWN',97000,'FINISHED',1,25,NULL),(31,0,0,'UNKNOWN','2021-09-19 17:31:45','Good',98000,'UNKNOWN',98000,'FINISHED',2,26,NULL),(32,0,0,'UNKNOWN','2021-08-19 03:17:48','Good',236000,'UNKNOWN',236000,'FINISHED',2,27,NULL),(33,0,0,'UNKNOWN','2021-09-17 11:52:34','Good',184000,'UNKNOWN',184000,'FINISHED',2,28,NULL),(34,0,0,'UNKNOWN','2021-09-20 03:55:59','Good',474000,'UNKNOWN',474000,'FINISHED',2,29,NULL),(35,0,0,'UNKNOWN','2021-08-29 19:56:27','Good',210000,'UNKNOWN',210000,'FINISHED',2,30,NULL),(36,0,0,'UNKNOWN','2021-08-26 07:35:24','Good',106200,'UNKNOWN',118000,'FINISHED',1,31,NULL),(37,0,0,'UNKNOWN','2021-09-16 14:17:45','Good',199000,'UNKNOWN',199000,'FINISHED',1,32,NULL),(38,0,0,'UNKNOWN','2021-09-21 16:15:43','Good',114000,'UNKNOWN',114000,'FINISHED',1,33,NULL),(39,0,0,'UNKNOWN','2021-07-17 19:24:35','Good',486000,'UNKNOWN',486000,'FINISHED',2,34,NULL),(40,0,0,'UNKNOWN','2021-08-14 11:08:57','Good',78000,'UNKNOWN',78000,'FINISHED',2,35,NULL),(41,0,0,'UNKNOWN','2021-07-27 15:52:25','Good',131000,'UNKNOWN',131000,'FINISHED',1,36,NULL),(42,0,0,'UNKNOWN','2021-08-19 05:16:44','Good',139200,'UNKNOWN',174000,'FINISHED',2,37,NULL),(43,0,0,'UNKNOWN','2021-09-20 18:30:13','Good',235000,'UNKNOWN',235000,'FINISHED',1,38,NULL),(44,0,0,'UNKNOWN','2021-10-06 11:30:01','Good',486000,'UNKNOWN',486000,'FINISHED',1,39,NULL),(45,0,0,'UNKNOWN','2021-10-26 18:29:36','Good',104000,'UNKNOWN',104000,'FINISHED',1,40,NULL),(46,0,0,'UNKNOWN','2021-10-30 01:50:38','Good',99000,'UNKNOWN',99000,'FINISHED',1,41,NULL),(47,0,0,'UNKNOWN','2021-09-07 10:53:28','Good',177000,'UNKNOWN',197000,'FINISHED',2,42,NULL),(48,0,0,'UNKNOWN','2021-08-01 00:59:35','Good',77000,'UNKNOWN',77000,'FINISHED',1,43,NULL),(49,0,0,'UNKNOWN','2021-08-25 01:55:52','Good',175100,'UNKNOWN',206000,'FINISHED',1,44,NULL),(50,0,0,'UNKNOWN','2021-08-19 00:28:55','Good',250000,'UNKNOWN',250000,'FINISHED',2,45,NULL),(51,0,0,'UNKNOWN','2021-08-22 01:50:04','Good',506000,'UNKNOWN',506000,'FINISHED',1,46,NULL),(52,0,0,'UNKNOWN','2021-08-20 07:34:21','Good',228000,'UNKNOWN',228000,'FINISHED',2,47,NULL),(53,0,0,'UNKNOWN','2021-08-19 20:28:59','Good',386000,'UNKNOWN',386000,'FINISHED',1,48,NULL),(54,0,0,'UNKNOWN','2021-10-12 02:28:24','Good',190000,'UNKNOWN',190000,'FINISHED',2,49,NULL),(55,0,0,'UNKNOWN','2021-10-02 00:55:12','Good',366000,'UNKNOWN',366000,'FINISHED',1,50,NULL),(56,0,0,'UNKNOWN','2021-09-17 11:48:39','Good',237000,'UNKNOWN',237000,'FINISHED',1,51,NULL),(57,0,0,'UNKNOWN','2021-09-29 02:24:00','Good',73000,'UNKNOWN',73000,'FINISHED',2,52,NULL),(58,0,0,'UNKNOWN','2021-10-17 13:29:04','Good',166600,'UNKNOWN',196000,'FINISHED',2,53,NULL),(59,0,0,'UNKNOWN','2021-08-02 09:50:35','Good',60000,'UNKNOWN',60000,'FINISHED',1,54,NULL),(60,0,0,'UNKNOWN','2021-10-28 05:11:09','Good',169000,'UNKNOWN',169000,'FINISHED',1,55,NULL),(61,0,0,'UNKNOWN','2021-08-14 11:00:06','Good',462000,'UNKNOWN',502000,'FINISHED',1,56,NULL),(62,0,0,'UNKNOWN','2021-10-24 21:43:33','Good',434000,'UNKNOWN',434000,'FINISHED',2,57,NULL),(63,0,0,'UNKNOWN','2021-10-07 19:49:39','Normal',126000,'UNKNOWN',126000,'FINISHED',1,58,NULL),(64,0,0,'UNKNOWN','2021-08-09 22:10:38','Normal',294000,'UNKNOWN',334000,'FINISHED',2,59,NULL),(65,0,0,'UNKNOWN','2021-09-28 21:42:00','Normal',402000,'UNKNOWN',422000,'FINISHED',2,60,NULL),(66,0,0,'UNKNOWN','2021-08-03 21:01:38','Normal',250000,'UNKNOWN',250000,'FINISHED',1,61,NULL),(67,0,0,'UNKNOWN','2021-08-11 16:11:32','Normal',111350,'UNKNOWN',131000,'FINISHED',1,62,NULL),(68,0,0,'UNKNOWN','2021-07-18 19:55:39','Normal',135000,'UNKNOWN',135000,'FINISHED',1,63,NULL),(69,0,0,'UNKNOWN','2021-09-26 00:43:30','Normal',96000,'UNKNOWN',96000,'FINISHED',1,64,NULL),(70,0,0,'UNKNOWN','2021-07-28 15:09:35','Normal',216600,'UNKNOWN',228000,'FINISHED',2,65,NULL),(71,0,0,'UNKNOWN','2021-09-13 01:24:57','Normal',93000,'UNKNOWN',118000,'FINISHED',1,66,NULL),(72,0,0,'UNKNOWN','2021-10-16 16:54:54','Normal',118000,'UNKNOWN',118000,'FINISHED',2,67,NULL),(73,0,0,'UNKNOWN','2021-09-16 22:54:09','Normal',178500,'UNKNOWN',210000,'FINISHED',2,68,NULL),(74,0,0,'UNKNOWN','2021-08-01 22:55:53','Normal',100000,'UNKNOWN',130000,'FINISHED',1,69,NULL),(75,0,0,'UNKNOWN','2021-09-09 05:19:46','Normal',151000,'UNKNOWN',151000,'FINISHED',1,70,NULL),(76,0,0,'UNKNOWN','2021-07-23 02:40:20','Normal',270000,'UNKNOWN',270000,'FINISHED',2,71,NULL),(77,0,0,'UNKNOWN','2021-08-18 06:07:43','Normal',251000,'UNKNOWN',251000,'FINISHED',1,72,NULL),(78,0,0,'UNKNOWN','2021-08-03 06:19:26','Normal',187200,'UNKNOWN',208000,'FINISHED',1,73,NULL),(79,0,0,'UNKNOWN','2021-08-22 12:36:17','Normal',132000,'UNKNOWN',132000,'FINISHED',1,74,NULL),(80,0,0,'UNKNOWN','2021-07-20 16:51:03','Normal',99000,'UNKNOWN',99000,'FINISHED',2,75,NULL),(81,0,0,'UNKNOWN','2021-09-06 00:29:04','Normal',165000,'UNKNOWN',165000,'FINISHED',1,76,NULL),(82,0,0,'UNKNOWN','2021-07-17 18:30:38','Normal',252000,'UNKNOWN',252000,'FINISHED',2,77,NULL),(83,0,0,'UNKNOWN','2021-08-16 20:23:33','Normal',112000,'UNKNOWN',112000,'FINISHED',1,78,NULL),(84,0,0,'UNKNOWN','2021-08-15 01:00:04','Normal',130000,'UNKNOWN',130000,'FINISHED',2,79,NULL),(85,0,0,'UNKNOWN','2021-10-04 10:42:08','Normal',98000,'UNKNOWN',98000,'FINISHED',1,80,NULL),(86,0,0,'UNKNOWN','2021-07-19 16:57:45','Normal',95000,'UNKNOWN',95000,'FINISHED',1,81,NULL),(87,0,0,'UNKNOWN','2021-08-27 23:35:31','Normal',166000,'UNKNOWN',166000,'FINISHED',2,82,NULL),(88,0,0,'UNKNOWN','2021-08-21 10:50:32','Normal',135000,'UNKNOWN',135000,'FINISHED',2,83,NULL),(89,0,0,'UNKNOWN','2021-09-19 06:12:04','Normal',139200,'UNKNOWN',174000,'FINISHED',1,84,NULL),(90,0,0,'UNKNOWN','2021-08-20 09:33:31','Normal',143200,'UNKNOWN',179000,'FINISHED',2,85,NULL),(91,0,0,'UNKNOWN','2021-09-30 09:22:37','Normal',242000,'UNKNOWN',242000,'FINISHED',2,86,NULL),(92,0,0,'UNKNOWN','2021-09-16 22:31:52','Normal',162000,'UNKNOWN',162000,'FINISHED',1,87,NULL),(93,0,0,'UNKNOWN','2021-07-30 18:41:44','Normal',88200,'UNKNOWN',98000,'FINISHED',1,88,NULL),(94,0,0,'UNKNOWN','2021-07-16 12:37:53','Normal',94050,'UNKNOWN',99000,'FINISHED',1,89,NULL),(95,0,0,'UNKNOWN','2021-10-18 19:26:30','Normal',78000,'UNKNOWN',78000,'FINISHED',1,90,NULL),(96,0,0,'UNKNOWN','2021-10-12 03:11:08','Normal',251000,'UNKNOWN',251000,'FINISHED',1,91,NULL),(97,0,0,'UNKNOWN','2021-10-17 06:43:30','Normal',502000,'UNKNOWN',502000,'FINISHED',1,92,NULL),(98,0,0,'UNKNOWN','2021-08-28 07:34:41','Normal',340100,'UNKNOWN',358000,'FINISHED',1,93,NULL),(99,0,0,'UNKNOWN','2021-10-03 17:17:34','Normal',112000,'UNKNOWN',112000,'FINISHED',2,94,NULL),(100,0,0,'UNKNOWN','2021-09-09 16:12:28','Normal',198000,'UNKNOWN',198000,'FINISHED',1,95,NULL),(101,0,0,'UNKNOWN','2021-11-01 08:08:08','Normal',502000,'UNKNOWN',502000,'FINISHED',1,96,NULL),(102,0,0,'UNKNOWN','2021-11-01 11:11:11','Normal',251000,'UNKNOWN',251000,'FINISHED',2,97,NULL),(103,0,0,'UNKNOWN','2021-11-02 16:30:00','Normal',179000,'UNKNOWN',179000,'FINISHED',1,98,NULL),(104,0,0,'UNKNOWN','2021-11-03 10:02:15','Normal',224000,'UNKNOWN',224000,'FINISHED',2,99,NULL),(105,0,0,'UNKNOWN','2021-11-04 15:05:30','Normal',99000,'UNKNOWN',99000,'FINISHED',2,100,NULL),(106,0,0,'UNKNOWN','2021-10-10 07:25:21','Good',47000,'UNKNOWN',47000,'FINISHED',2,101,NULL),(107,0,0,'UNKNOWN','2021-08-13 12:51:46','Good',183000,'UNKNOWN',183000,'FINISHED',1,102,NULL),(108,0,0,'UNKNOWN','2021-07-22 03:33:20','Good',280000,'UNKNOWN',280000,'FINISHED',1,103,NULL),(109,0,0,'UNKNOWN','2021-07-22 04:59:55','Good',130000,'UNKNOWN',130000,'FINISHED',1,104,NULL),(110,0,0,'UNKNOWN','2021-09-07 09:48:05','Good',255000,'UNKNOWN',255000,'FINISHED',1,105,NULL),(111,0,0,'UNKNOWN','2021-09-07 13:39:19','Good',228000,'UNKNOWN',228000,'FINISHED',2,106,NULL),(112,0,0,'UNKNOWN','2021-11-23 02:21:00','Good',209000,'UNKNOWN',209000,'FINISHED',1,107,NULL),(113,0,0,'UNKNOWN','2021-10-27 04:12:04','Good',48000,'UNKNOWN',48000,'FINISHED',2,108,NULL),(114,0,0,'UNKNOWN','2021-08-29 13:45:19','Good',612000,'UNKNOWN',612000,'FINISHED',1,109,NULL),(115,0,0,'UNKNOWN','2021-08-07 02:00:53','Good',627000,'UNKNOWN',627000,'FINISHED',2,110,NULL),(116,0,0,'UNKNOWN','2021-07-15 18:56:01','Good',213000,'UNKNOWN',213000,'FINISHED',1,111,NULL),(117,0,0,'UNKNOWN','2021-08-20 07:05:43','Good',115000,'UNKNOWN',115000,'FINISHED',2,112,NULL),(118,0,0,'UNKNOWN','2021-08-25 10:34:38','Good',243000,'UNKNOWN',243000,'FINISHED',1,113,NULL),(119,0,0,'UNKNOWN','2021-09-26 01:44:57','Good',342000,'UNKNOWN',342000,'FINISHED',1,114,NULL),(120,0,0,'UNKNOWN','2021-09-27 14:03:30','Good',219000,'UNKNOWN',219000,'FINISHED',2,115,NULL),(121,0,0,'UNKNOWN','2021-09-21 14:41:35','Good',507000,'UNKNOWN',507000,'FINISHED',2,116,NULL),(122,0,0,'UNKNOWN','2021-10-01 18:07:45','Good',73000,'UNKNOWN',73000,'FINISHED',2,117,NULL),(123,0,0,'UNKNOWN','2021-09-12 13:37:49','Good',189000,'UNKNOWN',189000,'FINISHED',1,118,NULL),(124,0,0,'UNKNOWN','2021-11-03 10:56:17','Good',250000,'UNKNOWN',250000,'FINISHED',1,119,NULL),(125,0,0,'UNKNOWN','2021-10-23 17:13:05','Good',227000,'UNKNOWN',227000,'FINISHED',1,120,NULL),(126,0,0,'UNKNOWN','2021-07-16 16:12:15','Good',243000,'UNKNOWN',243000,'FINISHED',1,121,NULL),(127,0,0,'UNKNOWN','2021-11-03 21:26:08','Good',79000,'UNKNOWN',79000,'FINISHED',2,122,NULL),(128,0,0,'UNKNOWN','2021-09-13 10:51:19','Good',201000,'UNKNOWN',201000,'FINISHED',2,123,NULL),(129,0,0,'UNKNOWN','2021-11-05 04:48:08','Good',228000,'UNKNOWN',228000,'FINISHED',1,124,NULL),(130,0,0,'UNKNOWN','2021-10-25 23:12:43','Good',227000,'UNKNOWN',227000,'FINISHED',2,125,NULL),(131,0,0,'UNKNOWN','2021-10-07 12:03:00','Good',420000,'UNKNOWN',420000,'FINISHED',1,126,NULL),(132,0,0,'UNKNOWN','2021-07-20 07:19:59','Good',224000,'UNKNOWN',224000,'FINISHED',1,127,NULL),(133,0,0,'UNKNOWN','2021-08-21 15:16:46','Good',183000,'UNKNOWN',183000,'FINISHED',1,128,NULL),(134,0,0,'UNKNOWN','2021-10-16 20:48:30','Good',188000,'UNKNOWN',188000,'FINISHED',1,129,NULL),(135,0,0,'UNKNOWN','2021-10-31 02:45:19','Good',312000,'UNKNOWN',312000,'FINISHED',1,130,NULL),(136,0,0,'UNKNOWN','2021-08-01 04:58:43','Good',452000,'UNKNOWN',452000,'FINISHED',1,131,NULL),(137,0,0,'UNKNOWN','2021-11-16 06:36:11','Good',114000,'UNKNOWN',114000,'FINISHED',1,132,NULL),(138,0,0,'UNKNOWN','2021-08-28 02:02:58','Good',354000,'UNKNOWN',354000,'FINISHED',1,133,NULL),(139,0,0,'UNKNOWN','2021-08-03 08:26:22','Good',418000,'UNKNOWN',418000,'FINISHED',1,134,NULL),(140,0,0,'UNKNOWN','2021-08-09 06:01:06','Good',79000,'UNKNOWN',79000,'FINISHED',2,135,NULL),(141,0,0,'UNKNOWN','2021-09-01 06:37:18','Good',68000,'UNKNOWN',68000,'FINISHED',1,136,NULL),(142,0,0,'UNKNOWN','2021-10-07 09:09:42','Good',762000,'UNKNOWN',762000,'FINISHED',2,137,NULL),(143,0,0,'UNKNOWN','2021-10-16 17:04:55','Good',274000,'UNKNOWN',274000,'FINISHED',1,138,NULL),(144,0,0,'UNKNOWN','2021-09-13 05:53:06','Good',94000,'UNKNOWN',94000,'FINISHED',2,139,NULL),(145,0,0,'UNKNOWN','2021-07-29 11:55:10','Good',130000,'UNKNOWN',130000,'FINISHED',2,140,NULL),(146,0,0,'UNKNOWN','2021-11-04 08:10:29','Good',184000,'UNKNOWN',184000,'FINISHED',2,141,NULL),(147,0,0,'UNKNOWN','2021-09-22 20:44:22','Good',446000,'UNKNOWN',446000,'FINISHED',2,142,NULL),(148,0,0,'UNKNOWN','2021-07-17 12:46:16','Good',170000,'UNKNOWN',170000,'FINISHED',2,143,NULL),(149,0,0,'UNKNOWN','2021-08-16 02:14:39','Good',182000,'UNKNOWN',182000,'FINISHED',2,144,NULL),(150,0,0,'UNKNOWN','2021-11-23 17:15:38','Good',100000,'UNKNOWN',100000,'FINISHED',2,145,NULL),(151,0,0,'UNKNOWN','2021-08-06 10:28:00','Good',360000,'UNKNOWN',360000,'FINISHED',1,146,NULL),(152,0,0,'UNKNOWN','2021-11-01 13:46:10','Good',372000,'UNKNOWN',372000,'FINISHED',2,147,NULL),(153,0,0,'UNKNOWN','2021-10-06 00:32:10','Good',372000,'UNKNOWN',372000,'FINISHED',1,148,NULL),(154,0,0,'UNKNOWN','2021-10-21 05:30:02','Good',414000,'UNKNOWN',414000,'FINISHED',1,149,NULL),(155,0,0,'UNKNOWN','2021-09-06 09:24:17','Good',438000,'UNKNOWN',438000,'FINISHED',2,150,NULL),(156,0,0,'UNKNOWN','2021-10-15 10:56:55','Good',195000,'UNKNOWN',195000,'FINISHED',2,151,NULL),(157,0,0,'UNKNOWN','2021-10-14 00:38:51','Good',266000,'UNKNOWN',266000,'FINISHED',1,152,NULL),(158,0,0,'UNKNOWN','2021-07-15 00:52:33','Good',378000,'UNKNOWN',378000,'FINISHED',1,153,NULL),(159,0,0,'UNKNOWN','2021-10-07 17:52:04','Good',500000,'UNKNOWN',500000,'FINISHED',2,154,NULL),(160,0,0,'UNKNOWN','2021-08-11 04:15:06','Good',585000,'UNKNOWN',585000,'FINISHED',1,155,NULL),(161,0,0,'UNKNOWN','2021-08-29 21:07:28','Good',291000,'UNKNOWN',291000,'FINISHED',1,156,NULL),(162,0,0,'UNKNOWN','2021-09-18 17:06:12','Good',555000,'UNKNOWN',555000,'FINISHED',2,157,NULL),(163,0,0,'UNKNOWN','2021-09-11 14:30:03','Good',204000,'UNKNOWN',204000,'FINISHED',1,158,NULL),(164,0,0,'UNKNOWN','2021-11-24 03:54:05','Good',201000,'UNKNOWN',201000,'FINISHED',2,159,NULL),(165,0,0,'UNKNOWN','2021-07-26 19:18:03','Good',98000,'UNKNOWN',98000,'FINISHED',2,160,NULL),(166,0,0,'UNKNOWN','2021-11-03 08:28:13','Good',94000,'UNKNOWN',94000,'FINISHED',1,161,NULL),(167,0,0,'UNKNOWN','2021-11-10 03:29:17','Good',240000,'UNKNOWN',240000,'FINISHED',1,162,NULL),(168,0,0,'UNKNOWN','2021-10-24 03:08:02','Good',261000,'UNKNOWN',261000,'FINISHED',2,163,NULL),(169,0,0,'UNKNOWN','2021-08-22 15:31:03','Good',418000,'UNKNOWN',418000,'FINISHED',2,164,NULL),(170,0,0,'UNKNOWN','2021-07-30 00:40:44','Good',328000,'UNKNOWN',328000,'FINISHED',2,165,NULL),(171,0,0,'UNKNOWN','2021-08-16 13:07:45','Good',735000,'UNKNOWN',735000,'FINISHED',2,166,NULL),(172,0,0,'UNKNOWN','2021-11-14 23:04:20','Good',104000,'UNKNOWN',104000,'FINISHED',1,167,NULL),(173,0,0,'UNKNOWN','2021-11-03 07:33:03','Good',108000,'UNKNOWN',108000,'FINISHED',1,168,NULL),(174,0,0,'UNKNOWN','2021-08-18 04:00:21','Good',211000,'UNKNOWN',211000,'FINISHED',1,169,NULL),(175,0,0,'UNKNOWN','2021-10-20 03:25:48','Good',99000,'UNKNOWN',99000,'FINISHED',1,170,NULL),(176,0,0,'UNKNOWN','2021-10-24 03:19:25','Good',591000,'UNKNOWN',591000,'FINISHED',2,171,NULL),(177,0,0,'UNKNOWN','2021-09-27 10:57:32','Good',448000,'UNKNOWN',448000,'FINISHED',1,172,NULL),(178,0,0,'UNKNOWN','2021-08-17 04:47:10','Good',302000,'UNKNOWN',302000,'FINISHED',1,173,NULL),(179,0,0,'UNKNOWN','2021-11-20 20:01:01','Good',234000,'UNKNOWN',234000,'FINISHED',1,174,NULL),(180,0,0,'UNKNOWN','2021-08-04 03:34:20','Good',103000,'UNKNOWN',103000,'FINISHED',1,175,NULL),(181,0,0,'UNKNOWN','2021-07-21 10:21:41','Good',171000,'UNKNOWN',171000,'FINISHED',2,176,NULL),(182,0,0,'UNKNOWN','2021-10-29 01:18:08','Good',282000,'UNKNOWN',282000,'FINISHED',2,177,NULL),(183,0,0,'UNKNOWN','2021-08-14 20:08:45','Good',135000,'UNKNOWN',135000,'FINISHED',1,178,NULL),(184,0,0,'UNKNOWN','2021-10-05 13:16:26','Good',672000,'UNKNOWN',672000,'FINISHED',2,179,NULL),(185,0,0,'UNKNOWN','2021-09-06 20:11:12','Good',390000,'UNKNOWN',390000,'FINISHED',2,180,NULL),(186,0,0,'UNKNOWN','2021-11-10 03:25:00','Good',452000,'UNKNOWN',452000,'FINISHED',2,181,NULL),(187,0,0,'UNKNOWN','2021-07-25 06:51:44','Good',69000,'UNKNOWN',69000,'FINISHED',1,182,NULL),(188,0,0,'UNKNOWN','2021-11-11 03:21:37','Good',294000,'UNKNOWN',294000,'FINISHED',2,183,NULL),(189,0,0,'UNKNOWN','2021-11-18 20:45:23','Good',112000,'UNKNOWN',112000,'FINISHED',2,184,NULL),(190,0,0,'UNKNOWN','2021-11-19 21:11:45','Good',720000,'UNKNOWN',720000,'FINISHED',1,185,NULL),(191,0,0,'UNKNOWN','2021-10-12 19:57:58','Good',654000,'UNKNOWN',654000,'FINISHED',1,186,NULL),(192,0,0,'UNKNOWN','2021-11-02 10:55:44','Good',121000,'UNKNOWN',121000,'FINISHED',2,187,NULL),(193,0,0,'UNKNOWN','2021-08-06 11:32:18','Good',140000,'UNKNOWN',140000,'FINISHED',2,188,NULL),(194,0,0,'UNKNOWN','2021-09-08 00:29:24','Good',546000,'UNKNOWN',546000,'FINISHED',1,189,NULL),(195,0,0,'UNKNOWN','2021-11-20 21:46:49','Good',122000,'UNKNOWN',122000,'FINISHED',1,190,NULL),(196,0,0,'UNKNOWN','2021-09-29 01:53:31','Good',54000,'UNKNOWN',54000,'FINISHED',2,191,NULL),(197,0,0,'UNKNOWN','2021-08-31 07:02:21','Good',81000,'UNKNOWN',81000,'FINISHED',1,192,NULL),(198,0,0,'UNKNOWN','2021-08-13 07:25:11','Good',518000,'UNKNOWN',518000,'FINISHED',2,193,NULL),(199,0,0,'UNKNOWN','2021-10-14 20:59:47','Good',121000,'UNKNOWN',121000,'FINISHED',1,194,NULL),(200,0,0,'UNKNOWN','2021-10-28 13:14:11','Good',252000,'UNKNOWN',252000,'FINISHED',1,195,NULL),(201,0,0,'UNKNOWN','2021-10-01 19:47:27','Good',314000,'UNKNOWN',314000,'FINISHED',1,196,NULL),(202,0,0,'UNKNOWN','2021-10-25 10:00:06','Good',362000,'UNKNOWN',362000,'FINISHED',2,197,NULL),(203,0,0,'UNKNOWN','2021-11-06 01:48:24','Good',330000,'UNKNOWN',330000,'FINISHED',1,198,NULL),(204,0,0,'UNKNOWN','2021-09-07 05:32:49','Good',170000,'UNKNOWN',170000,'FINISHED',2,199,NULL),(205,0,0,'UNKNOWN','2021-10-17 11:07:40','Good',156000,'UNKNOWN',156000,'FINISHED',1,200,NULL),(206,0,0,'UNKNOWN','2021-08-18 19:13:37','Good',753000,'UNKNOWN',753000,'FINISHED',1,201,NULL),(207,0,0,'UNKNOWN','2021-09-24 09:07:03','Good',214000,'UNKNOWN',214000,'FINISHED',2,202,NULL),(208,0,0,'UNKNOWN','2021-08-26 14:42:08','Good',101000,'UNKNOWN',101000,'FINISHED',1,203,NULL),(209,0,0,'UNKNOWN','2021-08-24 17:57:25','Good',210000,'UNKNOWN',210000,'FINISHED',2,204,NULL),(210,0,0,'UNKNOWN','2021-11-18 20:17:03','Good',83000,'UNKNOWN',83000,'FINISHED',2,205,NULL),(211,0,0,'UNKNOWN','2021-10-12 18:17:36','Good',300000,'UNKNOWN',300000,'FINISHED',2,206,NULL),(212,0,0,'UNKNOWN','2021-10-07 21:25:59','Good',110000,'UNKNOWN',110000,'FINISHED',2,207,NULL),(213,0,0,'UNKNOWN','2021-09-17 00:51:44','Good',125000,'UNKNOWN',125000,'FINISHED',1,208,NULL),(214,0,0,'UNKNOWN','2021-09-18 17:04:22','Good',310000,'UNKNOWN',310000,'FINISHED',1,209,NULL),(215,0,0,'UNKNOWN','2021-08-08 08:20:46','Good',585000,'UNKNOWN',585000,'FINISHED',2,210,NULL),(216,0,0,'UNKNOWN','2021-09-14 09:49:44','Good',280000,'UNKNOWN',280000,'FINISHED',2,211,NULL),(217,0,0,'UNKNOWN','2021-11-20 17:01:08','Good',252000,'UNKNOWN',252000,'FINISHED',2,212,NULL),(218,0,0,'UNKNOWN','2021-11-22 06:44:34','Good',197000,'UNKNOWN',197000,'FINISHED',1,213,NULL),(219,0,0,'UNKNOWN','2021-08-15 15:53:31','Good',159000,'UNKNOWN',159000,'FINISHED',2,214,NULL),(220,0,0,'UNKNOWN','2021-07-23 02:16:26','Good',430000,'UNKNOWN',430000,'FINISHED',1,215,NULL),(221,0,0,'UNKNOWN','2021-09-22 10:08:57','Good',358000,'UNKNOWN',358000,'FINISHED',1,216,NULL),(222,0,0,'UNKNOWN','2021-10-05 05:58:51','Good',786000,'UNKNOWN',786000,'FINISHED',2,217,NULL),(223,0,0,'UNKNOWN','2021-10-01 11:59:40','Good',429000,'UNKNOWN',429000,'FINISHED',1,218,NULL),(224,0,0,'UNKNOWN','2021-07-23 14:00:46','Good',227000,'UNKNOWN',227000,'FINISHED',2,219,NULL),(225,0,0,'UNKNOWN','2021-09-19 01:42:54','Good',496000,'UNKNOWN',496000,'FINISHED',2,220,NULL),(226,0,0,'UNKNOWN','2021-10-31 03:44:03','Good',454000,'UNKNOWN',454000,'FINISHED',2,221,NULL),(227,0,0,'UNKNOWN','2021-11-05 03:23:05','Good',187000,'UNKNOWN',187000,'FINISHED',2,222,NULL),(228,0,0,'UNKNOWN','2021-08-13 10:51:57','Good',178000,'UNKNOWN',178000,'FINISHED',1,223,NULL),(229,0,0,'UNKNOWN','2021-08-10 13:15:01','Good',141000,'UNKNOWN',141000,'FINISHED',2,224,NULL),(230,0,0,'UNKNOWN','2021-10-04 06:27:27','Good',363000,'UNKNOWN',363000,'FINISHED',2,225,NULL),(231,0,0,'UNKNOWN','2021-08-16 17:18:33','Good',678000,'UNKNOWN',678000,'FINISHED',1,226,NULL),(232,0,0,'UNKNOWN','2021-10-03 23:56:35','Good',262000,'UNKNOWN',262000,'FINISHED',2,227,NULL),(233,0,0,'UNKNOWN','2021-08-13 06:58:50','Good',99000,'UNKNOWN',99000,'FINISHED',2,228,NULL),(234,0,0,'UNKNOWN','2021-09-27 17:26:29','Good',384000,'UNKNOWN',384000,'FINISHED',2,229,NULL),(235,0,0,'UNKNOWN','2021-11-17 09:23:48','Good',40000,'UNKNOWN',40000,'FINISHED',1,230,NULL),(236,0,0,'UNKNOWN','2021-11-24 08:53:43','Good',153000,'UNKNOWN',153000,'FINISHED',1,231,NULL),(237,0,0,'UNKNOWN','2021-11-10 18:44:27','Good',81000,'UNKNOWN',81000,'FINISHED',2,232,NULL),(238,0,0,'UNKNOWN','2021-09-12 14:30:37','Good',450000,'UNKNOWN',450000,'FINISHED',2,233,NULL),(239,0,0,'UNKNOWN','2021-10-28 13:02:10','Good',198000,'UNKNOWN',198000,'FINISHED',1,234,NULL),(240,0,0,'UNKNOWN','2021-10-24 10:31:32','Good',226000,'UNKNOWN',226000,'FINISHED',2,235,NULL),(241,0,0,'UNKNOWN','2021-08-16 22:30:12','Good',344000,'UNKNOWN',344000,'FINISHED',2,236,NULL),(242,0,0,'UNKNOWN','2021-10-06 01:26:59','Good',114000,'UNKNOWN',114000,'FINISHED',2,237,NULL),(243,0,0,'UNKNOWN','2021-07-17 20:21:29','Good',81000,'UNKNOWN',81000,'FINISHED',1,238,NULL),(244,0,0,'UNKNOWN','2021-09-19 13:35:54','Good',132000,'UNKNOWN',132000,'FINISHED',2,239,NULL),(245,0,0,'UNKNOWN','2021-11-18 14:22:53','Good',118000,'UNKNOWN',118000,'FINISHED',2,240,NULL),(246,0,0,'UNKNOWN','2021-11-17 01:30:52','Good',241000,'UNKNOWN',241000,'FINISHED',2,241,NULL),(247,0,0,'UNKNOWN','2021-10-19 19:00:52','Good',94000,'UNKNOWN',94000,'FINISHED',1,242,NULL),(248,0,0,'UNKNOWN','2021-11-19 23:55:48','Good',59000,'UNKNOWN',59000,'FINISHED',2,243,NULL),(249,0,0,'UNKNOWN','2021-07-31 01:04:20','Good',163000,'UNKNOWN',163000,'FINISHED',1,244,NULL),(250,0,0,'UNKNOWN','2021-08-28 22:39:14','Good',657000,'UNKNOWN',657000,'FINISHED',1,245,NULL),(251,0,0,'UNKNOWN','2021-11-22 11:05:41','Good',218000,'UNKNOWN',218000,'FINISHED',1,246,NULL),(252,0,0,'UNKNOWN','2021-09-23 16:06:15','Good',138000,'UNKNOWN',138000,'FINISHED',2,247,NULL),(253,0,0,'UNKNOWN','2021-09-28 17:32:04','Good',276000,'UNKNOWN',276000,'FINISHED',1,248,NULL),(254,0,0,'UNKNOWN','2021-08-29 22:07:28','Good',729000,'UNKNOWN',729000,'FINISHED',2,249,NULL),(255,0,0,'UNKNOWN','2021-07-25 08:48:32','Good',436000,'UNKNOWN',436000,'FINISHED',1,250,NULL),(256,0,0,'UNKNOWN','2021-08-25 14:07:46','Good',122000,'UNKNOWN',122000,'FINISHED',1,251,NULL),(257,0,0,'UNKNOWN','2021-08-26 23:47:31','Good',465000,'UNKNOWN',465000,'FINISHED',2,252,NULL),(258,0,0,'UNKNOWN','2021-09-25 06:18:34','Good',122000,'UNKNOWN',122000,'FINISHED',1,253,NULL),(259,0,0,'UNKNOWN','2021-07-18 23:59:13','Good',167000,'UNKNOWN',167000,'FINISHED',1,254,NULL),(260,0,0,'UNKNOWN','2021-08-17 18:12:05','Good',237000,'UNKNOWN',237000,'FINISHED',1,255,NULL),(261,0,0,'UNKNOWN','2021-08-30 17:36:06','Good',558000,'UNKNOWN',558000,'FINISHED',1,256,NULL),(262,0,0,'UNKNOWN','2021-11-01 23:52:47','Good',594000,'UNKNOWN',594000,'FINISHED',1,257,NULL),(263,0,0,'UNKNOWN','2021-09-19 00:26:34','Good',224000,'UNKNOWN',224000,'FINISHED',1,258,NULL),(264,0,0,'UNKNOWN','2021-10-16 14:24:26','Good',296000,'UNKNOWN',296000,'FINISHED',1,259,NULL),(265,0,0,'UNKNOWN','2021-10-23 03:05:16','Good',112000,'UNKNOWN',112000,'FINISHED',1,260,NULL),(266,0,0,'UNKNOWN','2021-09-13 07:37:05','Good',117000,'UNKNOWN',117000,'FINISHED',1,261,NULL),(267,0,0,'UNKNOWN','2021-10-28 16:21:04','Good',250000,'UNKNOWN',250000,'FINISHED',2,262,NULL),(268,0,0,'UNKNOWN','2021-09-21 15:05:09','Good',208000,'UNKNOWN',208000,'FINISHED',2,263,NULL),(269,0,0,'UNKNOWN','2021-08-13 15:19:18','Good',366000,'UNKNOWN',366000,'FINISHED',1,264,NULL),(270,0,0,'UNKNOWN','2021-09-16 04:00:47','Good',405000,'UNKNOWN',405000,'FINISHED',1,265,NULL),(271,0,0,'UNKNOWN','2021-11-11 10:03:50','Good',96000,'UNKNOWN',96000,'FINISHED',1,266,NULL),(272,0,0,'UNKNOWN','2021-09-14 09:38:15','Good',320000,'UNKNOWN',320000,'FINISHED',2,267,NULL),(273,0,0,'UNKNOWN','2021-08-17 09:55:38','Good',261000,'UNKNOWN',261000,'FINISHED',2,268,NULL),(274,0,0,'UNKNOWN','2021-09-15 06:03:31','Good',168000,'UNKNOWN',168000,'FINISHED',1,269,NULL),(275,0,0,'UNKNOWN','2021-07-24 06:51:21','Good',136000,'UNKNOWN',136000,'FINISHED',2,270,NULL),(276,0,0,'UNKNOWN','2021-08-09 06:23:46','Good',183000,'UNKNOWN',183000,'FINISHED',1,271,NULL),(277,0,0,'UNKNOWN','2021-10-08 04:37:29','Good',45000,'UNKNOWN',45000,'FINISHED',2,272,NULL),(278,0,0,'UNKNOWN','2021-10-11 21:25:43','Good',100000,'UNKNOWN',100000,'FINISHED',2,273,NULL),(279,0,0,'UNKNOWN','2021-11-11 03:13:52','Good',342000,'UNKNOWN',342000,'FINISHED',1,274,NULL),(280,0,0,'UNKNOWN','2021-10-17 02:26:36','Good',264000,'UNKNOWN',264000,'FINISHED',2,275,NULL),(281,0,0,'UNKNOWN','2021-10-31 02:08:45','Good',364000,'UNKNOWN',364000,'FINISHED',2,276,NULL),(282,0,0,'UNKNOWN','2021-09-04 20:39:23','Good',339000,'UNKNOWN',339000,'FINISHED',2,277,NULL),(283,0,0,'UNKNOWN','2021-09-22 13:55:03','Good',68000,'UNKNOWN',68000,'FINISHED',2,278,NULL),(284,0,0,'UNKNOWN','2021-08-05 14:20:58','Good',195000,'UNKNOWN',195000,'FINISHED',1,279,NULL),(285,0,0,'UNKNOWN','2021-11-20 05:23:17','Good',93000,'UNKNOWN',93000,'FINISHED',2,280,NULL),(286,0,0,'UNKNOWN','2021-07-15 19:43:45','Good',452000,'UNKNOWN',452000,'FINISHED',2,281,NULL),(287,0,0,'UNKNOWN','2021-07-21 04:35:32','Good',169000,'UNKNOWN',169000,'FINISHED',1,282,NULL),(288,0,0,'UNKNOWN','2021-07-17 22:17:58','Good',648000,'UNKNOWN',648000,'FINISHED',1,283,NULL),(289,0,0,'UNKNOWN','2021-07-31 15:30:49','Good',94000,'UNKNOWN',94000,'FINISHED',2,284,NULL),(290,0,0,'UNKNOWN','2021-09-26 19:24:41','Good',153000,'UNKNOWN',153000,'FINISHED',1,285,NULL),(291,0,0,'UNKNOWN','2021-10-14 06:15:54','Good',208000,'UNKNOWN',208000,'FINISHED',2,286,NULL),(292,0,0,'UNKNOWN','2021-08-18 07:00:03','Good',134000,'UNKNOWN',134000,'FINISHED',2,287,NULL),(293,0,0,'UNKNOWN','2021-10-06 10:48:24','Good',711000,'UNKNOWN',711000,'FINISHED',2,288,NULL),(294,0,0,'UNKNOWN','2021-08-01 23:05:17','Good',108000,'UNKNOWN',108000,'FINISHED',1,289,NULL),(295,0,0,'UNKNOWN','2021-08-09 14:16:14','Good',438000,'UNKNOWN',438000,'FINISHED',1,290,NULL),(296,0,0,'UNKNOWN','2021-09-02 12:10:02','Good',253000,'UNKNOWN',253000,'FINISHED',2,291,NULL),(297,0,0,'UNKNOWN','2021-10-18 09:41:32','Good',201000,'UNKNOWN',201000,'FINISHED',2,292,NULL),(298,0,0,'UNKNOWN','2021-08-22 06:11:52','Good',182000,'UNKNOWN',182000,'FINISHED',2,293,NULL),(299,0,0,'UNKNOWN','2021-08-03 04:52:57','Good',406000,'UNKNOWN',406000,'FINISHED',2,294,NULL),(300,0,0,'UNKNOWN','2021-09-27 19:00:02','Good',454000,'UNKNOWN',454000,'FINISHED',2,295,NULL),(301,0,0,'UNKNOWN','2021-09-01 05:31:49','Good',76000,'UNKNOWN',76000,'FINISHED',2,296,NULL),(302,0,0,'UNKNOWN','2021-11-18 02:55:26','Good',81000,'UNKNOWN',81000,'FINISHED',2,297,NULL),(303,0,0,'UNKNOWN','2021-08-29 04:32:16','Good',330000,'UNKNOWN',330000,'FINISHED',1,298,NULL),(304,0,0,'UNKNOWN','2021-07-21 06:51:30','Good',210000,'UNKNOWN',210000,'FINISHED',2,299,NULL),(305,0,0,'UNKNOWN','2021-10-25 17:12:27','Good',182000,'UNKNOWN',182000,'FINISHED',2,300,NULL),(306,0,0,'UNKNOWN','2021-09-26 18:45:12','Good',94000,'UNKNOWN',94000,'FINISHED',1,301,NULL),(307,0,0,'UNKNOWN','2021-07-23 01:23:33','Good',206000,'UNKNOWN',206000,'FINISHED',2,302,NULL),(308,0,0,'UNKNOWN','2021-09-25 13:41:24','Good',117000,'UNKNOWN',117000,'FINISHED',2,303,NULL),(309,0,0,'UNKNOWN','2021-08-04 01:26:27','Good',210000,'UNKNOWN',210000,'FINISHED',1,304,NULL),(310,0,0,'UNKNOWN','2021-10-31 14:15:37','Good',417000,'UNKNOWN',417000,'FINISHED',2,305,NULL),(311,0,0,'UNKNOWN','2021-10-10 12:26:46','Good',344000,'UNKNOWN',344000,'FINISHED',2,306,NULL),(312,0,0,'UNKNOWN','2021-09-26 23:54:08','Good',270000,'UNKNOWN',270000,'FINISHED',1,307,NULL),(313,0,0,'UNKNOWN','2021-10-25 12:37:19','Good',198000,'UNKNOWN',198000,'FINISHED',2,308,NULL),(314,0,0,'UNKNOWN','2021-09-09 02:48:32','Good',253000,'UNKNOWN',253000,'FINISHED',2,309,NULL),(315,0,0,'UNKNOWN','2021-08-04 07:58:46','Good',450000,'UNKNOWN',450000,'FINISHED',2,310,NULL),(316,0,0,'UNKNOWN','2021-11-22 12:13:54','Good',170000,'UNKNOWN',170000,'FINISHED',2,311,NULL),(317,0,0,'UNKNOWN','2021-10-26 15:04:03','Good',218000,'UNKNOWN',218000,'FINISHED',2,312,NULL),(318,0,0,'UNKNOWN','2021-07-27 05:00:30','Good',198000,'UNKNOWN',198000,'FINISHED',2,313,NULL),(319,0,0,'UNKNOWN','2021-09-26 06:33:00','Good',48000,'UNKNOWN',48000,'FINISHED',1,314,NULL),(320,0,0,'UNKNOWN','2021-10-26 21:58:46','Good',226000,'UNKNOWN',226000,'FINISHED',2,315,NULL),(321,0,0,'UNKNOWN','2021-08-16 20:09:41','Good',110000,'UNKNOWN',110000,'FINISHED',1,316,NULL),(322,0,0,'UNKNOWN','2021-08-09 10:09:23','Good',164000,'UNKNOWN',164000,'FINISHED',2,317,NULL),(323,0,0,'UNKNOWN','2021-11-10 07:04:55','Good',136000,'UNKNOWN',136000,'FINISHED',1,318,NULL),(324,0,0,'UNKNOWN','2021-08-26 03:24:18','Good',386000,'UNKNOWN',386000,'FINISHED',1,319,NULL),(325,0,0,'UNKNOWN','2021-11-24 21:38:54','Good',154000,'UNKNOWN',154000,'FINISHED',2,320,NULL),(326,0,0,'UNKNOWN','2021-10-13 00:39:56','Good',150000,'UNKNOWN',150000,'FINISHED',1,321,NULL),(327,0,0,'UNKNOWN','2021-10-09 18:56:28','Good',516000,'UNKNOWN',516000,'FINISHED',2,322,NULL),(328,0,0,'UNKNOWN','2021-11-17 12:05:28','Good',456000,'UNKNOWN',456000,'FINISHED',1,323,NULL),(329,0,0,'UNKNOWN','2021-10-10 06:13:53','Good',243000,'UNKNOWN',243000,'FINISHED',1,324,NULL),(330,0,0,'UNKNOWN','2021-07-30 02:21:43','Good',279000,'UNKNOWN',279000,'FINISHED',2,325,NULL),(331,0,0,'UNKNOWN','2021-08-21 03:55:44','Good',642000,'UNKNOWN',642000,'FINISHED',2,326,NULL),(332,0,0,'UNKNOWN','2021-08-20 06:18:23','Good',102000,'UNKNOWN',102000,'FINISHED',1,327,NULL),(333,0,0,'UNKNOWN','2021-07-15 00:01:19','Good',552000,'UNKNOWN',552000,'FINISHED',2,328,NULL),(334,0,0,'UNKNOWN','2021-10-19 19:07:10','Good',94000,'UNKNOWN',94000,'FINISHED',2,329,NULL),(335,0,0,'UNKNOWN','2021-10-18 14:39:18','Good',504000,'UNKNOWN',504000,'FINISHED',2,330,NULL),(336,0,0,'UNKNOWN','2021-11-13 15:08:03','Good',459000,'UNKNOWN',459000,'FINISHED',1,331,NULL),(337,0,0,'UNKNOWN','2021-07-23 09:02:50','Good',302000,'UNKNOWN',302000,'FINISHED',2,332,NULL),(338,0,0,'UNKNOWN','2021-07-24 11:13:53','Good',418000,'UNKNOWN',418000,'FINISHED',1,333,NULL),(339,0,0,'UNKNOWN','2021-10-27 09:36:46','Good',444000,'UNKNOWN',444000,'FINISHED',1,334,NULL),(340,0,0,'UNKNOWN','2021-10-24 05:43:00','Good',462000,'UNKNOWN',462000,'FINISHED',2,335,NULL),(341,0,0,'UNKNOWN','2021-11-16 21:22:20','Good',558000,'UNKNOWN',558000,'FINISHED',2,336,NULL),(342,0,0,'UNKNOWN','2021-07-30 04:05:09','Good',242000,'UNKNOWN',242000,'FINISHED',1,337,NULL),(343,0,0,'UNKNOWN','2021-08-28 21:44:45','Good',363000,'UNKNOWN',363000,'FINISHED',2,338,NULL),(344,0,0,'UNKNOWN','2021-10-20 17:46:50','Good',480000,'UNKNOWN',480000,'FINISHED',1,339,NULL),(345,0,0,'UNKNOWN','2021-08-14 23:53:01','Good',366000,'UNKNOWN',366000,'FINISHED',1,340,NULL),(346,0,0,'UNKNOWN','2021-07-21 04:07:57','Good',344000,'UNKNOWN',344000,'FINISHED',1,341,NULL),(347,0,0,'UNKNOWN','2021-07-18 11:51:39','Good',67000,'UNKNOWN',67000,'FINISHED',1,342,NULL),(348,0,0,'UNKNOWN','2021-07-24 06:43:24','Good',300000,'UNKNOWN',300000,'FINISHED',1,343,NULL),(349,0,0,'UNKNOWN','2021-07-26 05:11:52','Good',253000,'UNKNOWN',253000,'FINISHED',2,344,NULL),(350,0,0,'UNKNOWN','2021-09-06 00:36:19','Good',750000,'UNKNOWN',750000,'FINISHED',2,345,NULL),(351,0,0,'UNKNOWN','2021-07-30 01:29:33','Good',99000,'UNKNOWN',99000,'FINISHED',1,346,NULL),(352,0,0,'UNKNOWN','2021-08-17 06:41:41','Good',132000,'UNKNOWN',132000,'FINISHED',2,347,NULL),(353,0,0,'UNKNOWN','2021-10-15 15:56:23','Good',426000,'UNKNOWN',426000,'FINISHED',2,348,NULL),(354,0,0,'UNKNOWN','2021-11-17 14:50:11','Good',444000,'UNKNOWN',444000,'FINISHED',2,349,NULL),(355,0,0,'UNKNOWN','2021-09-14 01:51:44','Good',105000,'UNKNOWN',105000,'FINISHED',1,350,NULL),(356,0,0,'UNKNOWN','2021-10-23 04:19:26','Good',720000,'UNKNOWN',720000,'FINISHED',1,351,NULL),(357,0,0,'UNKNOWN','2021-08-06 10:22:35','Good',364000,'UNKNOWN',364000,'FINISHED',2,352,NULL),(358,0,0,'UNKNOWN','2021-10-26 23:56:32','Good',399000,'UNKNOWN',399000,'FINISHED',1,353,NULL),(359,0,0,'UNKNOWN','2021-09-16 21:10:52','Good',273000,'UNKNOWN',273000,'FINISHED',1,354,NULL),(360,0,0,'UNKNOWN','2021-10-26 01:05:55','Good',189000,'UNKNOWN',189000,'FINISHED',2,355,NULL),(361,0,0,'UNKNOWN','2021-09-03 22:23:47','Good',603000,'UNKNOWN',603000,'FINISHED',1,356,NULL),(362,0,0,'UNKNOWN','2021-07-31 08:41:34','Good',233000,'UNKNOWN',233000,'FINISHED',1,357,NULL),(363,0,0,'UNKNOWN','2021-08-21 20:42:35','Good',360000,'UNKNOWN',360000,'FINISHED',2,358,NULL),(364,0,0,'UNKNOWN','2021-09-16 12:26:36','Good',139000,'UNKNOWN',139000,'FINISHED',1,359,NULL),(365,0,0,'UNKNOWN','2021-11-24 00:58:09','Good',129000,'UNKNOWN',129000,'FINISHED',2,360,NULL),(366,0,0,'UNKNOWN','2021-08-09 10:47:05','Good',482000,'UNKNOWN',482000,'FINISHED',1,361,NULL),(367,0,0,'UNKNOWN','2021-08-06 23:41:48','Good',576000,'UNKNOWN',576000,'FINISHED',2,362,NULL),(368,0,0,'UNKNOWN','2021-10-27 10:17:36','Good',470000,'UNKNOWN',470000,'FINISHED',1,363,NULL),(369,0,0,'UNKNOWN','2021-10-14 07:32:15','Good',555000,'UNKNOWN',555000,'FINISHED',2,364,NULL),(370,0,0,'UNKNOWN','2021-09-24 08:25:26','Good',243000,'UNKNOWN',243000,'FINISHED',1,365,NULL),(371,0,0,'UNKNOWN','2021-10-09 05:21:32','Good',231000,'UNKNOWN',231000,'FINISHED',2,366,NULL),(372,0,0,'UNKNOWN','2021-09-25 01:15:15','Good',309000,'UNKNOWN',309000,'FINISHED',2,367,NULL),(373,0,0,'UNKNOWN','2021-10-13 08:12:15','Good',68000,'UNKNOWN',68000,'FINISHED',1,368,NULL),(374,0,0,'UNKNOWN','2021-11-21 03:17:30','Good',711000,'UNKNOWN',711000,'FINISHED',2,369,NULL),(375,0,0,'UNKNOWN','2021-09-12 22:05:42','Good',711000,'UNKNOWN',711000,'FINISHED',2,370,NULL),(376,0,0,'UNKNOWN','2021-10-08 04:28:41','Good',121000,'UNKNOWN',121000,'FINISHED',1,371,NULL),(377,0,0,'UNKNOWN','2021-08-13 22:13:13','Good',95000,'UNKNOWN',95000,'FINISHED',2,372,NULL),(378,0,0,'UNKNOWN','2021-11-13 21:44:39','Good',478000,'UNKNOWN',478000,'FINISHED',1,373,NULL),(379,0,0,'UNKNOWN','2021-08-24 20:20:41','Good',159000,'UNKNOWN',159000,'FINISHED',1,374,NULL),(380,0,0,'UNKNOWN','2021-11-01 15:20:08','Good',495000,'UNKNOWN',495000,'FINISHED',2,375,NULL),(381,0,0,'UNKNOWN','2021-10-14 17:04:01','Good',126000,'UNKNOWN',126000,'FINISHED',1,376,NULL),(382,0,0,'UNKNOWN','2021-11-19 21:18:08','Good',196000,'UNKNOWN',196000,'FINISHED',1,377,NULL),(383,0,0,'UNKNOWN','2021-07-28 21:32:25','Good',145000,'UNKNOWN',145000,'FINISHED',2,378,NULL),(384,0,0,'UNKNOWN','2021-10-22 22:40:47','Good',494000,'UNKNOWN',494000,'FINISHED',2,379,NULL),(385,0,0,'UNKNOWN','2021-07-17 14:15:34','Good',67000,'UNKNOWN',67000,'FINISHED',1,380,NULL),(386,0,0,'UNKNOWN','2021-10-26 11:34:03','Good',145000,'UNKNOWN',145000,'FINISHED',2,381,NULL),(387,0,0,'UNKNOWN','2021-09-13 21:22:01','Good',38000,'UNKNOWN',38000,'FINISHED',2,382,NULL),(388,0,0,'UNKNOWN','2021-11-24 05:28:36','Good',253000,'UNKNOWN',253000,'FINISHED',1,383,NULL),(389,0,0,'UNKNOWN','2021-11-21 02:46:05','Good',495000,'UNKNOWN',495000,'FINISHED',2,384,NULL),(390,0,0,'UNKNOWN','2021-09-21 19:41:20','Good',123000,'UNKNOWN',123000,'FINISHED',2,385,NULL),(391,0,0,'UNKNOWN','2021-08-05 19:36:04','Good',786000,'UNKNOWN',786000,'FINISHED',2,386,NULL),(392,0,0,'UNKNOWN','2021-08-17 15:16:52','Good',179000,'UNKNOWN',179000,'FINISHED',2,387,NULL),(393,0,0,'UNKNOWN','2021-07-15 14:36:54','Good',549000,'UNKNOWN',549000,'FINISHED',1,388,NULL),(394,0,0,'UNKNOWN','2021-08-16 10:55:25','Good',262000,'UNKNOWN',262000,'FINISHED',1,389,NULL),(395,0,0,'UNKNOWN','2021-10-14 23:00:17','Good',167000,'UNKNOWN',167000,'FINISHED',2,390,NULL),(396,0,0,'UNKNOWN','2021-10-14 22:37:09','Good',243000,'UNKNOWN',243000,'FINISHED',1,391,NULL),(397,0,0,'UNKNOWN','2021-09-11 03:17:53','Good',69000,'UNKNOWN',69000,'FINISHED',2,392,NULL),(398,0,0,'UNKNOWN','2021-11-18 19:10:20','Good',78000,'UNKNOWN',78000,'FINISHED',1,393,NULL),(399,0,0,'UNKNOWN','2021-08-12 10:59:38','Good',490000,'UNKNOWN',490000,'FINISHED',2,394,NULL),(400,0,0,'UNKNOWN','2021-09-27 04:19:55','Good',327000,'UNKNOWN',327000,'FINISHED',2,395,NULL),(401,0,0,'UNKNOWN','2021-11-01 20:09:08','Good',118000,'UNKNOWN',118000,'FINISHED',1,396,NULL),(402,0,0,'UNKNOWN','2021-11-16 17:36:28','Good',603000,'UNKNOWN',603000,'FINISHED',2,397,NULL),(403,0,0,'UNKNOWN','2021-09-26 12:58:36','Good',382000,'UNKNOWN',382000,'FINISHED',2,398,NULL),(404,0,0,'UNKNOWN','2021-08-02 20:56:16','Good',645000,'UNKNOWN',645000,'FINISHED',1,399,NULL),(405,0,0,'UNKNOWN','2021-07-30 23:13:06','Good',113000,'UNKNOWN',113000,'FINISHED',2,400,NULL),(406,0,0,'UNKNOWN','2021-09-03 12:53:58','Good',236000,'UNKNOWN',236000,'FINISHED',2,401,NULL),(407,0,0,'UNKNOWN','2021-08-02 09:57:35','Good',297000,'UNKNOWN',297000,'FINISHED',2,402,NULL),(408,0,0,'UNKNOWN','2021-09-20 23:55:51','Good',120000,'UNKNOWN',120000,'FINISHED',1,403,NULL),(409,0,0,'UNKNOWN','2021-08-26 16:04:36','Good',158000,'UNKNOWN',158000,'FINISHED',1,404,NULL),(410,0,0,'UNKNOWN','2021-08-04 10:21:32','Good',466000,'UNKNOWN',466000,'FINISHED',2,405,NULL),(411,0,0,'UNKNOWN','2021-10-30 10:54:13','Good',219000,'UNKNOWN',219000,'FINISHED',1,406,NULL),(412,0,0,'UNKNOWN','2021-10-16 06:41:54','Good',124000,'UNKNOWN',124000,'FINISHED',2,407,NULL),(413,0,0,'UNKNOWN','2021-10-23 09:28:09','Good',105000,'UNKNOWN',105000,'FINISHED',1,408,NULL),(414,0,0,'UNKNOWN','2021-08-27 12:40:35','Good',292000,'UNKNOWN',292000,'FINISHED',2,409,NULL),(415,0,0,'UNKNOWN','2021-08-21 01:30:30','Good',297000,'UNKNOWN',297000,'FINISHED',1,410,NULL),(416,0,0,'UNKNOWN','2021-08-19 16:06:03','Good',188000,'UNKNOWN',188000,'FINISHED',2,411,NULL),(417,0,0,'UNKNOWN','2021-11-20 01:17:54','Good',432000,'UNKNOWN',432000,'FINISHED',2,412,NULL),(418,0,0,'UNKNOWN','2021-10-29 07:16:10','Good',376000,'UNKNOWN',376000,'FINISHED',2,413,NULL),(419,0,0,'UNKNOWN','2021-11-21 07:17:18','Good',236000,'UNKNOWN',236000,'FINISHED',1,414,NULL),(420,0,0,'UNKNOWN','2021-10-11 11:04:28','Good',207000,'UNKNOWN',207000,'FINISHED',2,415,NULL),(421,0,0,'UNKNOWN','2021-07-18 13:25:22','Good',226000,'UNKNOWN',226000,'FINISHED',2,416,NULL),(422,0,0,'UNKNOWN','2021-08-18 00:48:08','Good',60000,'UNKNOWN',60000,'FINISHED',2,417,NULL),(423,0,0,'UNKNOWN','2021-10-21 07:54:58','Good',171000,'UNKNOWN',171000,'FINISHED',2,418,NULL),(424,0,0,'UNKNOWN','2021-10-01 19:43:22','Good',666000,'UNKNOWN',666000,'FINISHED',1,419,NULL),(425,0,0,'UNKNOWN','2021-10-09 13:46:04','Good',105000,'UNKNOWN',105000,'FINISHED',2,420,NULL),(426,0,0,'UNKNOWN','2021-10-25 13:06:41','Good',489000,'UNKNOWN',489000,'FINISHED',1,421,NULL),(427,0,0,'UNKNOWN','2021-11-16 06:35:22','Good',125000,'UNKNOWN',125000,'FINISHED',1,422,NULL),(428,0,0,'UNKNOWN','2021-10-15 07:58:46','Good',285000,'UNKNOWN',285000,'FINISHED',2,423,NULL),(429,0,0,'UNKNOWN','2021-07-27 18:23:25','Good',354000,'UNKNOWN',354000,'FINISHED',2,424,NULL),(430,0,0,'UNKNOWN','2021-08-13 22:44:24','Good',250000,'UNKNOWN',250000,'FINISHED',1,425,NULL),(431,0,0,'UNKNOWN','2021-11-20 12:15:43','Good',53000,'UNKNOWN',53000,'FINISHED',2,426,NULL),(432,0,0,'UNKNOWN','2021-08-28 08:12:04','Good',117000,'UNKNOWN',117000,'FINISHED',1,427,NULL),(433,0,0,'UNKNOWN','2021-09-07 02:35:14','Good',133000,'UNKNOWN',133000,'FINISHED',2,428,NULL),(434,0,0,'UNKNOWN','2021-09-08 22:35:51','Good',309000,'UNKNOWN',309000,'FINISHED',1,429,NULL),(435,0,0,'UNKNOWN','2021-10-05 15:40:23','Good',60000,'UNKNOWN',60000,'FINISHED',2,430,NULL),(436,0,0,'UNKNOWN','2021-08-25 00:09:46','Good',352000,'UNKNOWN',352000,'FINISHED',2,431,NULL),(437,0,0,'UNKNOWN','2021-08-04 07:33:25','Good',366000,'UNKNOWN',366000,'FINISHED',1,432,NULL),(438,0,0,'UNKNOWN','2021-08-18 07:12:53','Good',771000,'UNKNOWN',771000,'FINISHED',1,433,NULL),(439,0,0,'UNKNOWN','2021-10-22 20:43:25','Good',154000,'UNKNOWN',154000,'FINISHED',2,434,NULL),(440,0,0,'UNKNOWN','2021-09-06 21:11:21','Good',597000,'UNKNOWN',597000,'FINISHED',2,435,NULL),(441,0,0,'UNKNOWN','2021-09-14 20:16:23','Good',160000,'UNKNOWN',160000,'FINISHED',1,436,NULL),(442,0,0,'UNKNOWN','2021-08-25 23:23:11','Good',178000,'UNKNOWN',178000,'FINISHED',2,437,NULL),(443,0,0,'UNKNOWN','2021-10-24 21:45:03','Good',452000,'UNKNOWN',452000,'FINISHED',2,438,NULL),(444,0,0,'UNKNOWN','2021-10-10 18:47:37','Good',444000,'UNKNOWN',444000,'FINISHED',1,439,NULL),(445,0,0,'UNKNOWN','2021-10-27 18:54:19','Good',204000,'UNKNOWN',204000,'FINISHED',2,440,NULL),(446,0,0,'UNKNOWN','2021-09-09 07:30:57','Good',480000,'UNKNOWN',480000,'FINISHED',1,441,NULL),(447,0,0,'UNKNOWN','2021-08-20 20:44:25','Good',600000,'UNKNOWN',600000,'FINISHED',1,442,NULL),(448,0,0,'UNKNOWN','2021-10-07 03:48:26','Good',354000,'UNKNOWN',354000,'FINISHED',2,443,NULL),(449,0,0,'UNKNOWN','2021-07-18 18:55:46','Good',35000,'UNKNOWN',35000,'FINISHED',2,444,NULL),(450,0,0,'UNKNOWN','2021-10-21 17:18:42','Good',462000,'UNKNOWN',462000,'FINISHED',1,445,NULL),(451,0,0,'UNKNOWN','2021-08-31 07:50:34','Good',250000,'UNKNOWN',250000,'FINISHED',2,446,NULL),(452,0,0,'UNKNOWN','2021-09-28 00:35:26','Good',92000,'UNKNOWN',92000,'FINISHED',1,447,NULL),(453,0,0,'UNKNOWN','2021-11-18 02:02:52','Good',97000,'UNKNOWN',97000,'FINISHED',2,448,NULL),(454,0,0,'UNKNOWN','2021-09-17 19:42:15','Good',795000,'UNKNOWN',795000,'FINISHED',1,449,NULL),(455,0,0,'UNKNOWN','2021-08-11 15:38:57','Good',153000,'UNKNOWN',153000,'FINISHED',2,450,NULL),(456,0,0,'UNKNOWN','2021-08-09 09:33:05','Good',225000,'UNKNOWN',225000,'FINISHED',2,451,NULL),(457,0,0,'UNKNOWN','2021-09-19 15:53:43','Good',157000,'UNKNOWN',157000,'FINISHED',2,452,NULL),(458,0,0,'UNKNOWN','2021-08-09 04:03:36','Good',507000,'UNKNOWN',507000,'FINISHED',1,453,NULL),(459,0,0,'UNKNOWN','2021-10-25 17:28:48','Good',169000,'UNKNOWN',169000,'FINISHED',1,454,NULL),(460,0,0,'UNKNOWN','2021-08-21 09:00:08','Good',253000,'UNKNOWN',253000,'FINISHED',2,455,NULL),(461,0,0,'UNKNOWN','2021-09-12 02:59:28','Good',64000,'UNKNOWN',64000,'FINISHED',2,456,NULL),(462,0,0,'UNKNOWN','2021-07-20 09:33:10','Good',152000,'UNKNOWN',152000,'FINISHED',2,457,NULL),(463,0,0,'UNKNOWN','2021-09-07 02:14:40','Good',243000,'UNKNOWN',243000,'FINISHED',1,458,NULL),(464,0,0,'UNKNOWN','2021-07-22 04:29:59','Good',160000,'UNKNOWN',160000,'FINISHED',1,459,NULL),(465,0,0,'UNKNOWN','2021-09-17 17:31:57','Good',251000,'UNKNOWN',251000,'FINISHED',1,460,NULL),(466,0,0,'UNKNOWN','2021-10-01 04:07:06','Good',338000,'UNKNOWN',338000,'FINISHED',1,461,NULL),(467,0,0,'UNKNOWN','2021-08-18 21:07:45','Good',540000,'UNKNOWN',540000,'FINISHED',2,462,NULL),(468,0,0,'UNKNOWN','2021-11-03 02:41:04','Good',236000,'UNKNOWN',236000,'FINISHED',2,463,NULL),(469,0,0,'UNKNOWN','2021-07-18 03:36:23','Good',302000,'UNKNOWN',302000,'FINISHED',2,464,NULL),(470,0,0,'UNKNOWN','2021-11-21 00:51:31','Good',68000,'UNKNOWN',68000,'FINISHED',2,465,NULL),(471,0,0,'UNKNOWN','2021-08-31 20:35:07','Good',33000,'UNKNOWN',33000,'FINISHED',1,466,NULL),(472,0,0,'UNKNOWN','2021-08-01 15:33:53','Good',338000,'UNKNOWN',338000,'FINISHED',2,467,NULL),(473,0,0,'UNKNOWN','2021-09-11 05:55:41','Good',198000,'UNKNOWN',198000,'FINISHED',2,468,NULL),(474,0,0,'UNKNOWN','2021-08-23 21:55:38','Good',615000,'UNKNOWN',615000,'FINISHED',1,469,NULL),(475,0,0,'UNKNOWN','2021-09-30 06:46:02','Good',378000,'UNKNOWN',378000,'FINISHED',1,470,NULL),(476,0,0,'UNKNOWN','2021-09-24 03:12:21','Good',124000,'UNKNOWN',124000,'FINISHED',1,471,NULL),(477,0,0,'UNKNOWN','2021-11-08 08:34:14','Good',558000,'UNKNOWN',558000,'FINISHED',2,472,NULL),(478,0,0,'UNKNOWN','2021-10-02 09:03:44','Good',114000,'UNKNOWN',114000,'FINISHED',2,473,NULL),(479,0,0,'UNKNOWN','2021-09-20 01:55:01','Good',747000,'UNKNOWN',747000,'FINISHED',1,474,NULL),(480,0,0,'UNKNOWN','2021-08-17 13:07:15','Good',227000,'UNKNOWN',227000,'FINISHED',2,475,NULL),(481,0,0,'UNKNOWN','2021-10-08 11:18:59','Good',212000,'UNKNOWN',212000,'FINISHED',2,476,NULL),(482,0,0,'UNKNOWN','2021-10-15 13:29:05','Good',196000,'UNKNOWN',196000,'FINISHED',2,477,NULL),(483,0,0,'UNKNOWN','2021-08-06 03:30:10','Good',327000,'UNKNOWN',327000,'FINISHED',1,478,NULL),(484,0,0,'UNKNOWN','2021-09-10 15:36:15','Good',184000,'UNKNOWN',184000,'FINISHED',1,479,NULL),(485,0,0,'UNKNOWN','2021-08-04 06:22:07','Good',183000,'UNKNOWN',183000,'FINISHED',2,480,NULL),(486,0,0,'UNKNOWN','2021-09-03 22:17:51','Good',514000,'UNKNOWN',514000,'FINISHED',1,481,NULL),(487,0,0,'UNKNOWN','2021-10-19 10:29:38','Good',104000,'UNKNOWN',104000,'FINISHED',2,482,NULL),(488,0,0,'UNKNOWN','2021-09-09 04:18:47','Good',30000,'UNKNOWN',30000,'FINISHED',1,483,NULL),(489,0,0,'UNKNOWN','2021-07-21 19:56:45','Good',125000,'UNKNOWN',125000,'FINISHED',1,484,NULL),(490,0,0,'UNKNOWN','2021-10-11 14:27:34','Good',81000,'UNKNOWN',81000,'FINISHED',1,485,NULL),(491,0,0,'UNKNOWN','2021-08-08 16:06:46','Good',132000,'UNKNOWN',132000,'FINISHED',1,486,NULL),(492,0,0,'UNKNOWN','2021-09-09 17:21:58','Good',70000,'UNKNOWN',70000,'FINISHED',2,487,NULL),(493,0,0,'UNKNOWN','2021-10-03 17:53:29','Good',303000,'UNKNOWN',303000,'FINISHED',1,488,NULL),(494,0,0,'UNKNOWN','2021-08-05 11:04:04','Good',446000,'UNKNOWN',446000,'FINISHED',2,489,NULL),(495,0,0,'UNKNOWN','2021-08-30 06:01:42','Good',118000,'UNKNOWN',118000,'FINISHED',2,490,NULL),(496,0,0,'UNKNOWN','2021-08-08 02:35:51','Good',753000,'UNKNOWN',753000,'FINISHED',1,491,NULL),(497,0,0,'UNKNOWN','2021-11-10 01:54:35','Good',169000,'UNKNOWN',169000,'FINISHED',2,492,NULL),(498,0,0,'UNKNOWN','2021-08-30 10:46:04','Good',226000,'UNKNOWN',226000,'FINISHED',1,493,NULL),(499,0,0,'UNKNOWN','2021-07-24 17:02:54','Good',393000,'UNKNOWN',393000,'FINISHED',1,494,NULL),(500,0,0,'UNKNOWN','2021-07-26 14:29:10','Good',206000,'UNKNOWN',206000,'FINISHED',1,495,NULL),(501,0,0,'UNKNOWN','2021-09-21 17:23:10','Good',279000,'UNKNOWN',279000,'FINISHED',2,496,NULL),(502,0,0,'UNKNOWN','2021-10-30 17:16:19','Good',537000,'UNKNOWN',537000,'FINISHED',2,497,NULL),(503,0,0,'UNKNOWN','2021-07-22 23:46:35','Good',80000,'UNKNOWN',80000,'FINISHED',2,498,NULL),(504,0,0,'UNKNOWN','2021-09-12 13:33:44','Good',741000,'UNKNOWN',741000,'FINISHED',1,499,NULL),(505,0,0,'UNKNOWN','2021-09-29 13:47:43','Good',80000,'UNKNOWN',80000,'FINISHED',1,500,NULL);
/*!40000 ALTER TABLE `sell_order` ENABLE KEYS */;
UNLOCK TABLES;

--
-- Table structure for table `sell_order_item`
--

DROP TABLE IF EXISTS `sell_order_item`;
/*!40101 SET @saved_cs_client     = @@character_set_client */;
/*!50503 SET character_set_client = utf8mb4 */;
CREATE TABLE `sell_order_item` (
  `sell_order_item_id` bigint NOT NULL AUTO_INCREMENT,
  `actual_total_sale` double DEFAULT NULL,
  `age_group` varchar(255) DEFAULT NULL,
  `cost_per_unit` double DEFAULT NULL,
  `creation_time` datetime DEFAULT NULL,
  `gender` varchar(255) DEFAULT NULL,
  `price_per_unit` double DEFAULT NULL,
  `quantity` int DEFAULT NULL,
  `user_id` bigint DEFAULT NULL,
  `product_id` bigint DEFAULT NULL,
  `sell_order_id` bigint DEFAULT NULL,
  PRIMARY KEY (`sell_order_item_id`),
  KEY `sell_order_item_sell_order_id_index` (`sell_order_id`),
  KEY `sell_order_item_user_id_index` (`user_id`),
  KEY `sell_order_item_product_id_index` (`product_id`),
  CONSTRAINT `FK7k048u5isvn7dnrrsq9s55d0a` FOREIGN KEY (`sell_order_id`) REFERENCES `sell_order` (`sell_order_id`),
  CONSTRAINT `FKlf0yd32g5warxxm5tyjn9cgbu` FOREIGN KEY (`product_id`) REFERENCES `product` (`product_id`)
) ENGINE=InnoDB AUTO_INCREMENT=546 DEFAULT CHARSET=utf8mb4 COLLATE=utf8mb4_0900_ai_ci;
/*!40101 SET character_set_client = @saved_cs_client */;

--
-- Dumping data for table `sell_order_item`
--

LOCK TABLES `sell_order_item` WRITE;
/*!40000 ALTER TABLE `sell_order_item` DISABLE KEYS */;
INSERT INTO `sell_order_item` VALUES (1,190000,'UNKNOWN',176000,'2021-06-15 00:00:00','MALE',190000,1,1,1,1),(2,70000,'UNKNOWN',56000,'2021-06-15 00:00:00','MALE',70000,1,1,9,1),(3,270000,'UNKNOWN',114000,'2021-06-16 00:00:00','MALE',135000,2,2,3,2),(4,115000,'UNKNOWN',97000,'2021-06-20 00:00:00','MALE',115000,1,2,2,3),(5,40000,'UNKNOWN',29000,'2021-06-20 00:00:00','MALE',40000,1,2,13,3),(6,205000,'UNKNOWN',186000,'2021-06-21 00:00:00','MALE',205000,1,1,12,4),(7,125000,'UNKNOWN',103000,'2021-06-22 00:00:00','MALE',125000,1,1,15,5),(8,40000,'UNKNOWN',29000,'2021-06-22 00:00:00','MALE',40000,1,1,13,5),(9,200000,'UNKNOWN',89000,'2021-06-23 00:00:00','MALE',100000,2,2,5,6),(10,10000,'UNKNOWN',83000,'2021-06-26 00:00:00','MALE',100000,1,1,10,7),(11,80000,'UNKNOWN',62000,'2021-06-26 00:00:00','MALE',80000,1,1,6,7),(12,170000,'UNKNOWN',66000,'2021-06-28 00:00:00','MALE',85000,2,2,8,8),(13,100000,'UNKNOWN',82000,'2021-06-29 00:00:00','MALE',100000,1,1,11,9),(14,55000,'UNKNOWN',40000,'2021-06-29 00:00:00','MALE',55000,1,1,14,9),(15,230000,'UNKNOWN',97000,'2021-06-30 00:00:00','MALE',115000,2,1,2,10),(16,160000,'UNKNOWN',143000,'2021-07-02 00:00:00','MALE',160000,1,2,4,11),(17,80000,'UNKNOWN',62000,'2021-07-02 00:00:00','MALE',80000,1,2,6,11),(18,250000,'UNKNOWN',103000,'2021-07-05 00:00:00','MALE',125000,2,1,15,12),(19,100000,'UNKNOWN',83000,'2021-07-06 00:00:00','MALE',100000,1,1,10,13),(20,100000,'UNKNOWN',82000,'2021-07-06 00:00:00','MALE',100000,1,1,11,13),(21,140000,'UNKNOWN',56000,'2021-07-07 00:00:00','MALE',70000,2,2,9,14),(22,190000,'UNKNOWN',176000,'2021-07-08 00:00:00','MALE',190000,1,2,1,15),(23,115000,'UNKNOWN',97000,'2021-07-08 00:00:00','MALE',115000,1,2,2,15),(24,280000,'UNKNOWN',120000,'2021-07-09 00:00:00','MALE',140000,2,1,7,16),(25,100000,'UNKNOWN',89000,'2021-07-10 00:00:00','MALE',100000,1,2,5,17),(26,80000,'UNKNOWN',62000,'2021-07-10 00:00:00','MALE',80000,1,2,6,17),(27,380000,'UNKNOWN',176000,'2021-07-12 00:00:00','MALE',190000,2,1,1,18),(28,85000,'UNKNOWN',66000,'2021-07-13 00:00:00','MALE',85000,1,1,8,19),(29,29000,'UNKNOWN',176000,'2021-07-13 00:00:00','MALE',40000,1,1,13,19),(30,320000,'UNKNOWN',143000,'2021-07-15 00:00:00','MALE',160000,2,1,4,20),(31,190000,'UNKNOWN',176000,'2021-06-15 00:00:00','MALE',190000,1,1,1,1),(32,70000,'UNKNOWN',56000,'2021-06-15 00:00:00','MALE',70000,1,1,9,1),(33,270000,'UNKNOWN',114000,'2021-06-16 00:00:00','MALE',135000,2,2,3,2),(34,115000,'UNKNOWN',97000,'2021-06-20 00:00:00','MALE',115000,1,2,2,3),(35,40000,'UNKNOWN',29000,'2021-06-20 00:00:00','MALE',40000,1,2,13,3),(36,205000,'UNKNOWN',186000,'2021-06-21 00:00:00','MALE',205000,1,1,12,4),(37,125000,'UNKNOWN',103000,'2021-06-22 00:00:00','MALE',125000,1,1,15,5),(38,40000,'UNKNOWN',29000,'2021-06-22 00:00:00','MALE',40000,1,1,13,5),(39,200000,'UNKNOWN',89000,'2021-06-23 00:00:00','MALE',100000,2,2,5,6),(40,10000,'UNKNOWN',83000,'2021-06-26 00:00:00','MALE',100000,1,1,10,7),(41,80000,'UNKNOWN',62000,'2021-06-26 00:00:00','MALE',80000,1,1,6,7),(42,170000,'UNKNOWN',66000,'2021-06-28 00:00:00','MALE',85000,2,2,8,8),(43,100000,'UNKNOWN',82000,'2021-06-29 00:00:00','MALE',100000,1,1,11,9),(44,55000,'UNKNOWN',40000,'2021-06-29 00:00:00','MALE',55000,1,1,14,9),(45,230000,'UNKNOWN',97000,'2021-06-30 00:00:00','MALE',115000,2,1,2,10),(46,160000,'UNKNOWN',143000,'2021-07-02 00:00:00','MALE',160000,1,2,4,11),(47,80000,'UNKNOWN',62000,'2021-07-02 00:00:00','MALE',80000,1,2,6,11),(48,250000,'UNKNOWN',103000,'2021-07-05 00:00:00','MALE',125000,2,1,15,12),(49,100000,'UNKNOWN',83000,'2021-07-06 00:00:00','MALE',100000,1,1,10,13),(50,100000,'UNKNOWN',82000,'2021-07-06 00:00:00','MALE',100000,1,1,11,13),(51,140000,'UNKNOWN',56000,'2021-07-07 00:00:00','MALE',70000,2,2,9,14),(52,190000,'UNKNOWN',176000,'2021-07-08 00:00:00','MALE',190000,1,2,1,15),(53,115000,'UNKNOWN',97000,'2021-07-08 00:00:00','MALE',115000,1,2,2,15),(54,280000,'UNKNOWN',120000,'2021-07-09 00:00:00','MALE',140000,2,1,7,16),(55,100000,'UNKNOWN',89000,'2021-07-10 00:00:00','MALE',100000,1,2,5,17),(56,80000,'UNKNOWN',62000,'2021-07-10 00:00:00','MALE',80000,1,2,6,17),(57,380000,'UNKNOWN',176000,'2021-07-12 00:00:00','MALE',190000,2,1,1,18),(58,85000,'UNKNOWN',66000,'2021-07-13 00:00:00','MALE',85000,1,1,8,19),(59,40000,'UNKNOWN',29000,'2021-07-13 00:00:00','MALE',40000,1,1,13,19),(60,320000,'UNKNOWN',143000,'2021-07-15 00:00:00','MALE',160000,2,1,4,20),(61,192000,'UNKNOWN',81000,'2021-09-10 23:31:36','MALE',96000,2,1,16,21),(62,142000,'UNKNOWN',56000,'2021-09-16 13:17:04','MALE',71000,2,1,9,22),(63,270000,'UNKNOWN',120000,'2021-09-13 11:00:52','MALE',135000,2,2,98,23),(64,398000,'UNKNOWN',184000,'2021-09-07 04:12:27','MALE',199000,2,1,60,24),(65,162000,'UNKNOWN',66000,'2021-10-07 17:03:07','MALE',81000,2,2,8,25),(66,338000,'UNKNOWN',154000,'2021-11-03 21:05:31','MALE',169000,2,2,57,26),(67,394000,'UNKNOWN',182000,'2021-10-24 22:08:45','MALE',197000,2,2,61,27),(68,208000,'UNKNOWN',89000,'2021-10-02 00:01:38','MALE',104000,2,1,33,28),(69,174000,'UNKNOWN',72000,'2021-08-26 21:11:56','MALE',87000,2,1,82,29),(70,97000,'UNKNOWN',82000,'2021-07-26 02:55:20','MALE',97000,1,1,11,30),(71,98000,'UNKNOWN',83000,'2021-09-19 17:31:45','MALE',98000,1,2,10,31),(72,236000,'UNKNOWN',103000,'2021-08-19 03:17:48','MALE',118000,2,1,15,32),(73,184000,'UNKNOWN',77000,'2021-09-17 11:52:34','MALE',92000,2,2,44,33),(74,474000,'UNKNOWN',222000,'2021-09-20 03:55:59','MALE',237000,2,1,74,34),(75,210000,'UNKNOWN',90000,'2021-08-29 19:56:27','MALE',105000,2,1,40,35),(76,118000,'UNKNOWN',103000,'2021-08-26 07:35:24','MALE',118000,1,2,76,36),(77,199000,'UNKNOWN',184000,'2021-09-16 14:17:45','MALE',199000,1,2,60,37),(78,114000,'UNKNOWN',99000,'2021-09-21 16:15:43','MALE',114000,1,2,72,38),(79,486000,'UNKNOWN',228000,'2021-07-17 19:24:35','MALE',243000,2,2,78,39),(80,78000,'UNKNOWN',24000,'2021-08-14 11:08:57','MALE',39000,2,2,75,40),(81,131000,'UNKNOWN',116000,'2021-07-27 15:52:25','MALE',131000,1,2,42,41),(82,174000,'UNKNOWN',72000,'2021-08-19 05:16:44','MALE',87000,2,1,82,42),(83,235000,'UNKNOWN',220000,'2021-09-20 18:30:13','MALE',235000,1,1,85,43),(84,486000,'UNKNOWN',228000,'2021-10-06 11:30:01','MALE',243000,2,1,78,44),(85,104000,'UNKNOWN',89000,'2021-10-26 18:29:36','MALE',104000,1,2,33,45),(86,99000,'UNKNOWN',84000,'2021-10-30 01:50:38','MALE',99000,1,2,32,46),(87,197000,'UNKNOWN',182000,'2021-09-07 10:53:28','MALE',197000,1,1,61,47),(88,77000,'UNKNOWN',62000,'2021-08-01 00:59:35','MALE',77000,1,2,6,48),(89,206000,'UNKNOWN',88000,'2021-08-25 01:55:52','MALE',103000,2,2,50,49),(90,250000,'UNKNOWN',110000,'2021-08-19 00:28:55','MALE',125000,2,2,28,50),(91,506000,'UNKNOWN',238000,'2021-08-22 01:50:04','MALE',253000,2,1,91,51),(92,228000,'UNKNOWN',99000,'2021-08-20 07:34:21','MALE',114000,2,2,72,52),(93,386000,'UNKNOWN',178000,'2021-08-19 20:28:59','MALE',193000,2,2,87,53),(94,190000,'UNKNOWN',80000,'2021-10-12 02:28:24','MALE',95000,2,2,17,54),(95,366000,'UNKNOWN',168000,'2021-10-02 00:55:12','MALE',183000,2,1,25,55),(96,237000,'UNKNOWN',222000,'2021-09-17 11:48:39','MALE',237000,1,2,74,56),(97,73000,'UNKNOWN',58000,'2021-09-29 02:24:00','MALE',73000,1,2,96,57),(98,196000,'UNKNOWN',83000,'2021-10-17 13:29:04','MALE',98000,2,2,54,58),(99,60000,'UNKNOWN',15000,'2021-08-02 09:50:35','MALE',30000,2,2,84,59),(100,169000,'UNKNOWN',154000,'2021-10-28 05:11:09','MALE',169000,1,1,57,60),(101,502000,'UNKNOWN',236000,'2021-08-14 11:00:06','MALE',251000,2,2,31,61),(102,434000,'UNKNOWN',202000,'2021-10-24 21:43:33','MALE',217000,2,2,86,62),(103,126000,'UNKNOWN',111000,'2021-10-07 19:49:39','MALE',126000,1,2,36,63),(104,334000,'UNKNOWN',152000,'2021-08-09 22:10:38','MALE',167000,2,2,21,64),(105,422000,'UNKNOWN',196000,'2021-09-28 21:42:00','MALE',211000,2,1,99,65),(106,250000,'UNKNOWN',110000,'2021-08-03 21:01:38','MALE',125000,2,2,28,66),(107,131000,'UNKNOWN',116000,'2021-08-11 16:11:32','MALE',131000,1,1,42,67),(108,135000,'UNKNOWN',120000,'2021-07-18 19:55:39','MALE',135000,1,1,29,68),(109,96000,'UNKNOWN',81000,'2021-09-26 00:43:30','MALE',96000,1,1,16,69),(110,228000,'UNKNOWN',99000,'2021-07-28 15:09:35','MALE',114000,2,2,94,70),(111,118000,'UNKNOWN',44000,'2021-09-13 01:24:57','MALE',59000,2,1,19,71),(112,118000,'UNKNOWN',103000,'2021-10-16 16:54:54','MALE',118000,1,2,15,72),(113,210000,'UNKNOWN',90000,'2021-09-16 22:54:09','MALE',105000,2,1,18,73),(114,130000,'UNKNOWN',115000,'2021-08-01 22:55:53','MALE',130000,1,2,45,74),(115,151000,'UNKNOWN',136000,'2021-09-09 05:19:46','MALE',151000,1,1,68,75),(116,270000,'UNKNOWN',120000,'2021-07-23 02:40:20','MALE',135000,2,2,7,76),(117,251000,'UNKNOWN',236000,'2021-08-18 06:07:43','MALE',251000,1,2,31,77),(118,208000,'UNKNOWN',89000,'2021-08-03 06:19:26','MALE',104000,2,2,33,78),(119,132000,'UNKNOWN',51000,'2021-08-22 12:36:17','MALE',66000,2,2,70,79),(120,99000,'UNKNOWN',84000,'2021-07-20 16:51:03','MALE',99000,1,2,49,80),(121,165000,'UNKNOWN',150000,'2021-09-06 00:29:04','MALE',165000,1,2,37,81),(122,252000,'UNKNOWN',111000,'2021-07-17 18:30:38','MALE',126000,2,1,36,82),(123,112000,'UNKNOWN',97000,'2021-08-16 20:23:33','MALE',112000,1,1,71,83),(124,130000,'UNKNOWN',115000,'2021-08-15 01:00:04','MALE',130000,1,1,45,84),(125,98000,'UNKNOWN',83000,'2021-10-04 10:42:08','MALE',98000,1,1,10,85),(126,95000,'UNKNOWN',80000,'2021-07-19 16:57:45','MALE',95000,1,1,17,86),(127,166000,'UNKNOWN',68000,'2021-08-27 23:35:31','MALE',83000,2,1,52,87),(128,135000,'UNKNOWN',120000,'2021-08-21 10:50:32','MALE',135000,1,2,7,88),(129,174000,'UNKNOWN',72000,'2021-09-19 06:12:04','MALE',87000,2,2,82,89),(130,179000,'UNKNOWN',164000,'2021-08-20 09:33:31','MALE',179000,1,2,88,90),(131,242000,'UNKNOWN',106000,'2021-09-30 09:22:37','MALE',121000,2,1,95,91),(132,162000,'UNKNOWN',66000,'2021-09-16 22:31:52','MALE',81000,2,1,8,92),(133,98000,'UNKNOWN',83000,'2021-07-30 18:41:44','MALE',98000,1,1,54,93),(134,99000,'UNKNOWN',84000,'2021-07-16 12:37:53','MALE',99000,1,1,48,94),(135,78000,'UNKNOWN',24000,'2021-10-18 19:26:30','MALE',39000,2,2,75,95),(136,251000,'UNKNOWN',236000,'2021-10-12 03:11:08','MALE',251000,1,2,31,96),(137,502000,'UNKNOWN',236000,'2021-10-17 06:43:30','MALE',251000,2,2,31,97),(138,358000,'UNKNOWN',164000,'2021-08-28 07:34:41','MALE',179000,2,2,59,98),(139,112000,'UNKNOWN',97000,'2021-10-03 17:17:34','MALE',112000,1,2,2,99),(140,198000,'UNKNOWN',84000,'2021-09-09 16:12:28','MALE',99000,2,2,32,100),(141,502000,'UNKNOWN',236000,'2021-09-11 17:18:30','MALE',251000,2,1,31,101),(142,251000,'UNKNOWN',236000,'2021-09-13 11:12:13','MALE',251000,1,1,31,102),(143,179000,'UNKNOWN',164000,'2021-10-10 10:10:10','MALE',179000,1,2,59,103),(144,224000,'UNKNOWN',97000,'2021-10-20 15:08:23','MALE',112000,2,2,2,104),(145,99000,'UNKNOWN',84000,'2021-10-25 17:18:19','MALE',99000,1,2,32,105),(146,47000,'UNKNOWN',32000,'2021-10-10 07:25:21','UNKNOWN',47000,1,2,324,106),(147,183000,'UNKNOWN',46000,'2021-08-13 12:51:46','UNKNOWN',61000,3,1,193,107),(148,280000,'UNKNOWN',125000,'2021-07-22 03:33:20','UNKNOWN',140000,2,1,494,108),(149,130000,'UNKNOWN',115000,'2021-07-22 04:59:55','UNKNOWN',130000,1,1,391,109),(150,255000,'UNKNOWN',240000,'2021-09-07 09:48:05','UNKNOWN',255000,1,1,474,110),(151,228000,'UNKNOWN',61000,'2021-09-07 13:39:19','UNKNOWN',76000,3,2,194,111),(152,209000,'UNKNOWN',194000,'2021-11-23 02:21:00','UNKNOWN',209000,1,1,47,112),(153,48000,'UNKNOWN',33000,'2021-10-27 04:12:04','UNKNOWN',48000,1,2,155,113),(154,612000,'UNKNOWN',189000,'2021-08-29 13:45:19','UNKNOWN',204000,3,1,133,114),(155,627000,'UNKNOWN',194000,'2021-08-07 02:00:53','UNKNOWN',209000,3,2,201,115),(156,213000,'UNKNOWN',198000,'2021-07-15 18:56:01','UNKNOWN',213000,1,1,104,116),(157,115000,'UNKNOWN',100000,'2021-08-20 07:05:43','UNKNOWN',115000,1,2,418,117),(158,243000,'UNKNOWN',66000,'2021-08-25 10:34:38','UNKNOWN',81000,3,1,275,118),(159,342000,'UNKNOWN',156000,'2021-09-26 01:44:57','UNKNOWN',171000,2,1,120,119),(160,219000,'UNKNOWN',58000,'2021-09-27 14:03:30','UNKNOWN',73000,3,2,277,120),(161,507000,'UNKNOWN',154000,'2021-09-21 14:41:35','UNKNOWN',169000,3,2,22,121),(162,73000,'UNKNOWN',58000,'2021-10-01 18:07:45','UNKNOWN',73000,1,2,277,122),(163,189000,'UNKNOWN',48000,'2021-09-12 13:37:49','UNKNOWN',63000,3,1,322,123),(164,250000,'UNKNOWN',110000,'2021-11-03 10:56:17','UNKNOWN',125000,2,1,278,124),(165,227000,'UNKNOWN',212000,'2021-10-23 17:13:05','UNKNOWN',227000,1,1,422,125),(166,243000,'UNKNOWN',66000,'2021-07-16 16:12:15','UNKNOWN',81000,3,1,275,126),(167,79000,'UNKNOWN',64000,'2021-11-03 21:26:08','UNKNOWN',79000,1,2,108,127),(168,201000,'UNKNOWN',52000,'2021-09-13 10:51:19','UNKNOWN',67000,3,2,218,128),(169,228000,'UNKNOWN',99000,'2021-11-05 04:48:08','UNKNOWN',114000,2,1,262,129),(170,227000,'UNKNOWN',212000,'2021-10-25 23:12:43','UNKNOWN',227000,1,2,156,130),(171,420000,'UNKNOWN',125000,'2021-10-07 12:03:00','UNKNOWN',140000,3,1,494,131),(172,224000,'UNKNOWN',97000,'2021-07-20 07:19:59','UNKNOWN',112000,2,1,2,132),(173,183000,'UNKNOWN',168000,'2021-08-21 15:16:46','UNKNOWN',183000,1,1,25,133),(174,188000,'UNKNOWN',79000,'2021-10-16 20:48:30','UNKNOWN',94000,2,1,122,134),(175,312000,'UNKNOWN',89000,'2021-10-31 02:45:19','UNKNOWN',104000,3,1,33,135),(176,452000,'UNKNOWN',211000,'2021-08-01 04:58:43','UNKNOWN',226000,2,1,297,136),(177,114000,'UNKNOWN',42000,'2021-11-16 06:36:11','UNKNOWN',57000,2,1,387,137),(178,354000,'UNKNOWN',103000,'2021-08-28 02:02:58','UNKNOWN',118000,3,1,41,138),(179,418000,'UNKNOWN',194000,'2021-08-03 08:26:22','UNKNOWN',209000,2,1,47,139),(180,79000,'UNKNOWN',64000,'2021-08-09 06:01:06','UNKNOWN',79000,1,2,108,140),(181,68000,'UNKNOWN',19000,'2021-09-01 06:37:18','UNKNOWN',34000,2,1,400,141),(182,762000,'UNKNOWN',239000,'2021-10-07 09:09:42','UNKNOWN',254000,3,2,177,142),(183,274000,'UNKNOWN',122000,'2021-10-16 17:04:55','UNKNOWN',137000,2,1,183,143),(184,94000,'UNKNOWN',32000,'2021-09-13 05:53:06','UNKNOWN',47000,2,2,385,144),(185,130000,'UNKNOWN',115000,'2021-07-29 11:55:10','UNKNOWN',130000,1,2,376,145),(186,184000,'UNKNOWN',77000,'2021-11-04 08:10:29','UNKNOWN',92000,2,2,223,146),(187,446000,'UNKNOWN',208000,'2021-09-22 20:44:22','UNKNOWN',223000,2,2,485,147),(188,170000,'UNKNOWN',155000,'2021-07-17 12:46:16','UNKNOWN',170000,1,2,256,148),(189,182000,'UNKNOWN',167000,'2021-08-16 02:14:39','UNKNOWN',182000,1,2,325,149),(190,100000,'UNKNOWN',35000,'2021-11-23 17:15:38','UNKNOWN',50000,2,2,357,150),(191,360000,'UNKNOWN',165000,'2021-08-06 10:28:00','UNKNOWN',180000,2,1,311,151),(192,372000,'UNKNOWN',171000,'2021-11-01 13:46:10','UNKNOWN',186000,2,2,483,152),(193,372000,'UNKNOWN',171000,'2021-10-06 00:32:10','UNKNOWN',186000,2,1,483,153),(194,414000,'UNKNOWN',192000,'2021-10-21 05:30:02','UNKNOWN',207000,2,1,462,154),(195,438000,'UNKNOWN',204000,'2021-09-06 09:24:17','UNKNOWN',219000,2,2,363,155),(196,195000,'UNKNOWN',180000,'2021-10-15 10:56:55','UNKNOWN',195000,1,2,429,156),(197,266000,'UNKNOWN',118000,'2021-10-14 00:38:51','UNKNOWN',133000,2,1,55,157),(198,378000,'UNKNOWN',111000,'2021-07-15 00:52:33','UNKNOWN',126000,3,1,486,158),(199,500000,'UNKNOWN',235000,'2021-10-07 17:52:04','UNKNOWN',250000,2,2,264,159),(200,585000,'UNKNOWN',180000,'2021-08-11 04:15:06','UNKNOWN',195000,3,1,360,160),(201,291000,'UNKNOWN',82000,'2021-08-29 21:07:28','UNKNOWN',97000,3,1,11,161),(202,555000,'UNKNOWN',170000,'2021-09-18 17:06:12','UNKNOWN',185000,3,2,475,162),(203,204000,'UNKNOWN',87000,'2021-09-11 14:30:03','UNKNOWN',102000,2,1,339,163),(204,201000,'UNKNOWN',186000,'2021-11-24 03:54:05','UNKNOWN',201000,1,2,272,164),(205,98000,'UNKNOWN',83000,'2021-07-26 19:18:03','UNKNOWN',98000,1,2,343,165),(206,94000,'UNKNOWN',79000,'2021-11-03 08:28:13','UNKNOWN',94000,1,1,397,166),(207,240000,'UNKNOWN',225000,'2021-11-10 03:29:17','UNKNOWN',240000,1,1,455,167),(208,261000,'UNKNOWN',72000,'2021-10-24 03:08:02','UNKNOWN',87000,3,2,82,168),(209,418000,'UNKNOWN',194000,'2021-08-22 15:31:03','UNKNOWN',209000,2,2,47,169),(210,328000,'UNKNOWN',149000,'2021-07-30 00:40:44','UNKNOWN',164000,2,2,487,170),(211,735000,'UNKNOWN',230000,'2021-08-16 13:07:45','UNKNOWN',245000,3,2,293,171),(212,104000,'UNKNOWN',89000,'2021-11-14 23:04:20','UNKNOWN',104000,1,1,5,172),(213,108000,'UNKNOWN',39000,'2021-11-03 07:33:03','UNKNOWN',54000,2,1,145,173),(214,211000,'UNKNOWN',196000,'2021-08-18 04:00:21','UNKNOWN',211000,1,1,210,174),(215,99000,'UNKNOWN',84000,'2021-10-20 03:25:48','UNKNOWN',99000,1,1,116,175),(216,591000,'UNKNOWN',182000,'2021-10-24 03:19:25','UNKNOWN',197000,3,2,446,176),(217,448000,'UNKNOWN',209000,'2021-09-27 10:57:32','UNKNOWN',224000,2,1,384,177),(218,302000,'UNKNOWN',136000,'2021-08-17 04:47:10','UNKNOWN',151000,2,1,83,178),(219,234000,'UNKNOWN',63000,'2021-11-20 20:01:01','UNKNOWN',78000,3,1,260,179),(220,103000,'UNKNOWN',88000,'2021-08-04 03:34:20','UNKNOWN',103000,1,1,50,180),(221,171000,'UNKNOWN',156000,'2021-07-21 10:21:41','UNKNOWN',171000,1,2,471,181),(222,282000,'UNKNOWN',79000,'2021-10-29 01:18:08','UNKNOWN',94000,3,2,202,182),(223,135000,'UNKNOWN',120000,'2021-08-14 20:08:45','UNKNOWN',135000,1,1,98,183),(224,672000,'UNKNOWN',209000,'2021-10-05 13:16:26','UNKNOWN',224000,3,2,384,184),(225,390000,'UNKNOWN',180000,'2021-09-06 20:11:12','UNKNOWN',195000,2,2,123,185),(226,452000,'UNKNOWN',211000,'2021-11-10 03:25:00','UNKNOWN',226000,2,2,466,186),(227,69000,'UNKNOWN',54000,'2021-07-25 06:51:44','UNKNOWN',69000,1,1,457,187),(228,294000,'UNKNOWN',132000,'2021-11-11 03:21:37','UNKNOWN',147000,2,2,389,188),(229,112000,'UNKNOWN',97000,'2021-11-18 20:45:23','UNKNOWN',112000,1,2,71,189),(230,720000,'UNKNOWN',225000,'2021-11-19 21:11:45','UNKNOWN',240000,3,1,189,190),(231,654000,'UNKNOWN',203000,'2021-10-12 19:57:58','UNKNOWN',218000,3,1,233,191),(232,121000,'UNKNOWN',106000,'2021-11-02 10:55:44','UNKNOWN',121000,1,2,95,192),(233,140000,'UNKNOWN',125000,'2021-08-06 11:32:18','UNKNOWN',140000,1,2,279,193),(234,546000,'UNKNOWN',167000,'2021-09-08 00:29:24','UNKNOWN',182000,3,1,106,194),(235,122000,'UNKNOWN',46000,'2021-11-20 21:46:49','UNKNOWN',61000,2,1,193,195),(236,54000,'UNKNOWN',39000,'2021-09-29 01:53:31','UNKNOWN',54000,1,2,145,196),(237,81000,'UNKNOWN',66000,'2021-08-31 07:02:21','UNKNOWN',81000,1,1,148,197),(238,518000,'UNKNOWN',244000,'2021-08-13 07:25:11','UNKNOWN',259000,2,2,305,198),(239,121000,'UNKNOWN',106000,'2021-10-14 20:59:47','UNKNOWN',121000,1,1,80,199),(240,252000,'UNKNOWN',111000,'2021-10-28 13:14:11','UNKNOWN',126000,2,1,486,200),(241,314000,'UNKNOWN',142000,'2021-10-01 19:47:27','UNKNOWN',157000,2,1,188,201),(242,362000,'UNKNOWN',166000,'2021-10-25 10:00:06','UNKNOWN',181000,2,2,481,202),(243,330000,'UNKNOWN',150000,'2021-11-06 01:48:24','UNKNOWN',165000,2,1,340,203),(244,170000,'UNKNOWN',155000,'2021-09-07 05:32:49','UNKNOWN',170000,1,2,256,204),(245,156000,'UNKNOWN',63000,'2021-10-17 11:07:40','UNKNOWN',78000,2,1,260,205),(246,753000,'UNKNOWN',236000,'2021-08-18 19:13:37','UNKNOWN',251000,3,1,31,206),(247,214000,'UNKNOWN',199000,'2021-09-24 09:07:03','UNKNOWN',214000,1,2,373,207),(248,101000,'UNKNOWN',86000,'2021-08-26 14:42:08','UNKNOWN',101000,1,1,274,208),(249,210000,'UNKNOWN',90000,'2021-08-24 17:57:25','UNKNOWN',105000,2,2,251,209),(250,83000,'UNKNOWN',68000,'2021-11-18 20:17:03','UNKNOWN',83000,1,2,433,210),(251,300000,'UNKNOWN',85000,'2021-10-12 18:17:36','UNKNOWN',100000,3,2,410,211),(252,110000,'UNKNOWN',40000,'2021-10-07 21:25:59','UNKNOWN',55000,2,2,252,212),(253,125000,'UNKNOWN',110000,'2021-09-17 00:51:44','UNKNOWN',125000,1,1,28,213),(254,310000,'UNKNOWN',140000,'2021-09-18 17:04:22','UNKNOWN',155000,2,1,382,214),(255,585000,'UNKNOWN',180000,'2021-08-08 08:20:46','UNKNOWN',195000,3,2,328,215),(256,280000,'UNKNOWN',125000,'2021-09-14 09:49:44','UNKNOWN',140000,2,2,494,216),(257,252000,'UNKNOWN',111000,'2021-11-20 17:01:08','UNKNOWN',126000,2,2,486,217),(258,197000,'UNKNOWN',182000,'2021-11-22 06:44:34','UNKNOWN',197000,1,1,446,218),(259,159000,'UNKNOWN',38000,'2021-08-15 15:53:31','UNKNOWN',53000,3,2,273,219),(260,430000,'UNKNOWN',200000,'2021-07-23 02:16:26','UNKNOWN',215000,2,1,24,220),(261,358000,'UNKNOWN',164000,'2021-09-22 10:08:57','UNKNOWN',179000,2,1,301,221),(262,786000,'UNKNOWN',247000,'2021-10-05 05:58:51','UNKNOWN',262000,3,2,434,222),(263,429000,'UNKNOWN',128000,'2021-10-01 11:59:40','UNKNOWN',143000,3,1,265,223),(264,227000,'UNKNOWN',212000,'2021-07-23 14:00:46','UNKNOWN',227000,1,2,23,224),(265,496000,'UNKNOWN',233000,'2021-09-19 01:42:54','UNKNOWN',248000,2,2,318,225),(266,454000,'UNKNOWN',212000,'2021-10-31 03:44:03','UNKNOWN',227000,2,2,23,226),(267,187000,'UNKNOWN',172000,'2021-11-05 03:23:05','UNKNOWN',187000,1,2,159,227),(268,178000,'UNKNOWN',163000,'2021-08-13 10:51:57','UNKNOWN',178000,1,1,226,228),(269,141000,'UNKNOWN',126000,'2021-08-10 13:15:01','UNKNOWN',141000,1,2,151,229),(270,363000,'UNKNOWN',106000,'2021-10-04 06:27:27','UNKNOWN',121000,3,2,80,230),(271,678000,'UNKNOWN',211000,'2021-08-16 17:18:33','UNKNOWN',226000,3,1,443,231),(272,262000,'UNKNOWN',116000,'2021-10-03 23:56:35','UNKNOWN',131000,2,2,476,232),(273,99000,'UNKNOWN',84000,'2021-08-13 06:58:50','UNKNOWN',99000,1,2,49,233),(274,384000,'UNKNOWN',177000,'2021-09-27 17:26:29','UNKNOWN',192000,2,2,316,234),(275,40000,'UNKNOWN',25000,'2021-11-17 09:23:48','UNKNOWN',40000,1,1,432,235),(276,153000,'UNKNOWN',138000,'2021-11-24 08:53:43','UNKNOWN',153000,1,1,215,236),(277,81000,'UNKNOWN',66000,'2021-11-10 18:44:27','UNKNOWN',81000,1,2,275,237),(278,450000,'UNKNOWN',135000,'2021-09-12 14:30:37','UNKNOWN',150000,3,2,230,238),(279,198000,'UNKNOWN',51000,'2021-10-28 13:02:10','UNKNOWN',66000,3,1,327,239),(280,226000,'UNKNOWN',211000,'2021-10-24 10:31:32','UNKNOWN',226000,1,2,443,240),(281,344000,'UNKNOWN',157000,'2021-08-16 22:30:12','UNKNOWN',172000,2,2,235,241),(282,114000,'UNKNOWN',23000,'2021-10-06 01:26:59','UNKNOWN',38000,3,2,342,242),(283,81000,'UNKNOWN',66000,'2021-07-17 20:21:29','UNKNOWN',81000,1,1,8,243),(284,132000,'UNKNOWN',29000,'2021-09-19 13:35:54','UNKNOWN',44000,3,2,13,244),(285,118000,'UNKNOWN',103000,'2021-11-18 14:22:53','UNKNOWN',118000,1,2,41,245),(286,241000,'UNKNOWN',226000,'2021-11-17 01:30:52','UNKNOWN',241000,1,2,165,246),(287,94000,'UNKNOWN',32000,'2021-10-19 19:00:52','UNKNOWN',47000,2,1,203,247),(288,59000,'UNKNOWN',44000,'2021-11-19 23:55:48','UNKNOWN',59000,1,2,19,248),(289,163000,'UNKNOWN',148000,'2021-07-31 01:04:20','UNKNOWN',163000,1,1,484,249),(290,657000,'UNKNOWN',204000,'2021-08-28 22:39:14','UNKNOWN',219000,3,1,363,250),(291,218000,'UNKNOWN',94000,'2021-11-22 11:05:41','UNKNOWN',109000,2,1,364,251),(292,138000,'UNKNOWN',54000,'2021-09-23 16:06:15','UNKNOWN',69000,2,2,229,252),(293,276000,'UNKNOWN',77000,'2021-09-28 17:32:04','UNKNOWN',92000,3,1,53,253),(294,729000,'UNKNOWN',228000,'2021-08-29 22:07:28','UNKNOWN',243000,3,2,78,254),(295,436000,'UNKNOWN',203000,'2021-07-25 08:48:32','UNKNOWN',218000,2,1,232,255),(296,122000,'UNKNOWN',46000,'2021-08-25 14:07:46','UNKNOWN',61000,2,1,423,256),(297,465000,'UNKNOWN',140000,'2021-08-26 23:47:31','UNKNOWN',155000,3,2,420,257),(298,122000,'UNKNOWN',46000,'2021-09-25 06:18:34','UNKNOWN',61000,2,1,330,258),(299,167000,'UNKNOWN',152000,'2021-07-18 23:59:13','UNKNOWN',167000,1,1,390,259),(300,237000,'UNKNOWN',222000,'2021-08-17 18:12:05','UNKNOWN',237000,1,1,460,260),(301,558000,'UNKNOWN',171000,'2021-08-30 17:36:06','UNKNOWN',186000,3,1,127,261),(302,594000,'UNKNOWN',183000,'2021-11-01 23:52:47','UNKNOWN',198000,3,1,258,262),(303,224000,'UNKNOWN',97000,'2021-09-19 00:26:34','UNKNOWN',112000,2,1,406,263),(304,296000,'UNKNOWN',133000,'2021-10-16 14:24:26','UNKNOWN',148000,2,1,257,264),(305,112000,'UNKNOWN',97000,'2021-10-23 03:05:16','UNKNOWN',112000,1,1,67,265),(306,117000,'UNKNOWN',102000,'2021-09-13 07:37:05','UNKNOWN',117000,1,1,63,266),(307,250000,'UNKNOWN',235000,'2021-10-28 16:21:04','UNKNOWN',250000,1,2,112,267),(308,208000,'UNKNOWN',89000,'2021-09-21 15:05:09','UNKNOWN',104000,2,2,372,268),(309,366000,'UNKNOWN',168000,'2021-08-13 15:19:18','UNKNOWN',183000,2,1,25,269),(310,405000,'UNKNOWN',120000,'2021-09-16 04:00:47','UNKNOWN',135000,3,1,7,270),(311,96000,'UNKNOWN',81000,'2021-11-11 10:03:50','UNKNOWN',96000,1,1,461,271),(312,320000,'UNKNOWN',145000,'2021-09-14 09:38:15','UNKNOWN',160000,2,2,282,272),(313,261000,'UNKNOWN',72000,'2021-08-17 09:55:38','UNKNOWN',87000,3,2,26,273),(314,168000,'UNKNOWN',69000,'2021-09-15 06:03:31','UNKNOWN',84000,2,1,283,274),(315,136000,'UNKNOWN',53000,'2021-07-24 06:51:21','UNKNOWN',68000,2,2,336,275),(316,183000,'UNKNOWN',46000,'2021-08-09 06:23:46','UNKNOWN',61000,3,1,330,276),(317,45000,'UNKNOWN',30000,'2021-10-08 04:37:29','UNKNOWN',45000,1,2,142,277),(318,100000,'UNKNOWN',35000,'2021-10-11 21:25:43','UNKNOWN',50000,2,2,221,278),(319,342000,'UNKNOWN',156000,'2021-11-11 03:13:52','UNKNOWN',171000,2,1,178,279),(320,264000,'UNKNOWN',117000,'2021-10-17 02:26:36','UNKNOWN',132000,2,2,228,280),(321,364000,'UNKNOWN',167000,'2021-10-31 02:08:45','UNKNOWN',182000,2,2,106,281),(322,339000,'UNKNOWN',98000,'2021-09-04 20:39:23','UNKNOWN',113000,3,2,344,282),(323,68000,'UNKNOWN',19000,'2021-09-22 13:55:03','UNKNOWN',34000,2,2,400,283),(324,195000,'UNKNOWN',180000,'2021-08-05 14:20:58','UNKNOWN',195000,1,1,468,284),(325,93000,'UNKNOWN',78000,'2021-11-20 05:23:17','UNKNOWN',93000,1,2,138,285),(326,452000,'UNKNOWN',211000,'2021-07-15 19:43:45','UNKNOWN',226000,2,2,287,286),(327,169000,'UNKNOWN',154000,'2021-07-21 04:35:32','UNKNOWN',169000,1,1,22,287),(328,648000,'UNKNOWN',201000,'2021-07-17 22:17:58','UNKNOWN',216000,3,1,247,288),(329,94000,'UNKNOWN',79000,'2021-07-31 15:30:49','UNKNOWN',94000,1,2,169,289),(330,153000,'UNKNOWN',36000,'2021-09-26 19:24:41','UNKNOWN',51000,3,1,102,290),(331,208000,'UNKNOWN',89000,'2021-10-14 06:15:54','UNKNOWN',104000,2,2,5,291),(332,134000,'UNKNOWN',52000,'2021-08-18 07:00:03','UNKNOWN',67000,2,2,218,292),(333,711000,'UNKNOWN',222000,'2021-10-06 10:48:24','UNKNOWN',237000,3,2,74,293),(334,108000,'UNKNOWN',21000,'2021-08-01 23:05:17','UNKNOWN',36000,3,1,217,294),(335,438000,'UNKNOWN',204000,'2021-08-09 14:16:14','UNKNOWN',219000,2,1,363,295),(336,253000,'UNKNOWN',238000,'2021-09-02 12:10:02','UNKNOWN',253000,1,2,161,296),(337,201000,'UNKNOWN',52000,'2021-10-18 09:41:32','UNKNOWN',67000,3,2,218,297),(338,182000,'UNKNOWN',167000,'2021-08-22 06:11:52','UNKNOWN',182000,1,2,106,298),(339,406000,'UNKNOWN',188000,'2021-08-03 04:52:57','UNKNOWN',203000,2,2,377,299),(340,454000,'UNKNOWN',212000,'2021-09-27 19:00:02','UNKNOWN',227000,2,2,65,300),(341,76000,'UNKNOWN',61000,'2021-09-01 05:31:49','UNKNOWN',76000,1,2,194,301),(342,81000,'UNKNOWN',66000,'2021-11-18 02:55:26','UNKNOWN',81000,1,2,275,302),(343,330000,'UNKNOWN',95000,'2021-08-29 04:32:16','UNKNOWN',110000,3,1,294,303),(344,210000,'UNKNOWN',195000,'2021-07-21 06:51:30','UNKNOWN',210000,1,2,141,304),(345,182000,'UNKNOWN',167000,'2021-10-25 17:12:27','UNKNOWN',182000,1,2,325,305),(346,94000,'UNKNOWN',79000,'2021-09-26 18:45:12','UNKNOWN',94000,1,1,202,306),(347,206000,'UNKNOWN',88000,'2021-07-23 01:23:33','UNKNOWN',103000,2,2,34,307),(348,117000,'UNKNOWN',102000,'2021-09-25 13:41:24','UNKNOWN',117000,1,2,63,308),(349,210000,'UNKNOWN',90000,'2021-08-04 01:26:27','UNKNOWN',105000,2,1,213,309),(350,417000,'UNKNOWN',124000,'2021-10-31 14:15:37','UNKNOWN',139000,3,2,375,310),(351,344000,'UNKNOWN',157000,'2021-10-10 12:26:46','UNKNOWN',172000,2,2,235,311),(352,270000,'UNKNOWN',75000,'2021-09-26 23:54:08','UNKNOWN',90000,3,1,51,312),(353,198000,'UNKNOWN',84000,'2021-10-25 12:37:19','UNKNOWN',99000,2,2,49,313),(354,253000,'UNKNOWN',238000,'2021-09-09 02:48:32','UNKNOWN',253000,1,2,91,314),(355,450000,'UNKNOWN',210000,'2021-08-04 07:58:46','UNKNOWN',225000,2,2,306,315),(356,170000,'UNKNOWN',155000,'2021-11-22 12:13:54','UNKNOWN',170000,1,2,256,316),(357,218000,'UNKNOWN',94000,'2021-10-26 15:04:03','UNKNOWN',109000,2,2,364,317),(358,198000,'UNKNOWN',84000,'2021-07-27 05:00:30','UNKNOWN',99000,2,2,49,318),(359,48000,'UNKNOWN',33000,'2021-09-26 06:33:00','UNKNOWN',48000,1,1,155,319),(360,226000,'UNKNOWN',98000,'2021-10-26 21:58:46','UNKNOWN',113000,2,2,128,320),(361,110000,'UNKNOWN',95000,'2021-08-16 20:09:41','UNKNOWN',110000,1,1,174,321),(362,164000,'UNKNOWN',149000,'2021-08-09 10:09:23','UNKNOWN',164000,1,2,487,322),(363,136000,'UNKNOWN',53000,'2021-11-10 07:04:55','UNKNOWN',68000,2,1,409,323),(364,386000,'UNKNOWN',178000,'2021-08-26 03:24:18','UNKNOWN',193000,2,1,87,324),(365,154000,'UNKNOWN',139000,'2021-11-24 21:38:54','UNKNOWN',154000,1,2,207,325),(366,150000,'UNKNOWN',135000,'2021-10-13 00:39:56','UNKNOWN',150000,1,1,271,326),(367,516000,'UNKNOWN',157000,'2021-10-09 18:56:28','UNKNOWN',172000,3,2,234,327),(368,456000,'UNKNOWN',137000,'2021-11-17 12:05:28','UNKNOWN',152000,3,1,356,328),(369,243000,'UNKNOWN',228000,'2021-10-10 06:13:53','UNKNOWN',243000,1,1,78,329),(370,279000,'UNKNOWN',78000,'2021-07-30 02:21:43','UNKNOWN',93000,3,2,321,330),(371,642000,'UNKNOWN',199000,'2021-08-21 03:55:44','UNKNOWN',214000,3,2,373,331),(372,102000,'UNKNOWN',19000,'2021-08-20 06:18:23','UNKNOWN',34000,3,1,400,332),(373,552000,'UNKNOWN',169000,'2021-07-15 00:01:19','UNKNOWN',184000,3,2,381,333),(374,94000,'UNKNOWN',79000,'2021-10-19 19:07:10','UNKNOWN',94000,1,2,202,334),(375,504000,'UNKNOWN',237000,'2021-10-18 14:39:18','UNKNOWN',252000,2,2,369,335),(376,459000,'UNKNOWN',138000,'2021-11-13 15:08:03','UNKNOWN',153000,3,1,238,336),(377,302000,'UNKNOWN',136000,'2021-07-23 09:02:50','UNKNOWN',151000,2,2,83,337),(378,418000,'UNKNOWN',194000,'2021-07-24 11:13:53','UNKNOWN',209000,2,1,201,338),(379,444000,'UNKNOWN',133000,'2021-10-27 09:36:46','UNKNOWN',148000,3,1,257,339),(380,462000,'UNKNOWN',216000,'2021-10-24 05:43:00','UNKNOWN',231000,2,2,180,340),(381,558000,'UNKNOWN',171000,'2021-11-16 21:22:20','UNKNOWN',186000,3,2,127,341),(382,242000,'UNKNOWN',106000,'2021-07-30 04:05:09','UNKNOWN',121000,2,1,95,342),(383,363000,'UNKNOWN',106000,'2021-08-28 21:44:45','UNKNOWN',121000,3,2,95,343),(384,480000,'UNKNOWN',225000,'2021-10-20 17:46:50','UNKNOWN',240000,2,1,189,344),(385,366000,'UNKNOWN',107000,'2021-08-14 23:53:01','UNKNOWN',122000,3,1,160,345),(386,344000,'UNKNOWN',157000,'2021-07-21 04:07:57','UNKNOWN',172000,2,1,234,346),(387,67000,'UNKNOWN',52000,'2021-07-18 11:51:39','UNKNOWN',67000,1,1,186,347),(388,300000,'UNKNOWN',135000,'2021-07-24 06:43:24','UNKNOWN',150000,2,1,230,348),(389,253000,'UNKNOWN',238000,'2021-07-26 05:11:52','UNKNOWN',253000,1,2,91,349),(390,750000,'UNKNOWN',235000,'2021-09-06 00:36:19','UNKNOWN',250000,3,2,264,350),(391,99000,'UNKNOWN',84000,'2021-07-30 01:29:33','UNKNOWN',99000,1,1,49,351),(392,132000,'UNKNOWN',51000,'2021-08-17 06:41:41','UNKNOWN',66000,2,2,450,352),(393,426000,'UNKNOWN',198000,'2021-10-15 15:56:23','UNKNOWN',213000,2,2,104,353),(394,444000,'UNKNOWN',207000,'2021-11-17 14:50:11','UNKNOWN',222000,2,2,171,354),(395,105000,'UNKNOWN',90000,'2021-09-14 01:51:44','UNKNOWN',105000,1,1,40,355),(396,720000,'UNKNOWN',225000,'2021-10-23 04:19:26','UNKNOWN',240000,3,1,189,356),(397,364000,'UNKNOWN',167000,'2021-08-06 10:22:35','UNKNOWN',182000,2,2,325,357),(398,399000,'UNKNOWN',118000,'2021-10-26 23:56:32','UNKNOWN',133000,3,1,55,358),(399,273000,'UNKNOWN',76000,'2021-09-16 21:10:52','UNKNOWN',91000,3,1,300,359),(400,189000,'UNKNOWN',174000,'2021-10-26 01:05:55','UNKNOWN',189000,1,2,335,360),(401,603000,'UNKNOWN',186000,'2021-09-03 22:23:47','UNKNOWN',201000,3,1,272,361),(402,233000,'UNKNOWN',218000,'2021-07-31 08:41:34','UNKNOWN',233000,1,1,358,362),(403,360000,'UNKNOWN',165000,'2021-08-21 20:42:35','UNKNOWN',180000,2,2,472,363),(404,139000,'UNKNOWN',124000,'2021-09-16 12:26:36','UNKNOWN',139000,1,1,284,364),(405,129000,'UNKNOWN',114000,'2021-11-24 00:58:09','UNKNOWN',129000,1,2,3,365),(406,482000,'UNKNOWN',226000,'2021-08-09 10:47:05','UNKNOWN',241000,2,1,165,366),(407,576000,'UNKNOWN',177000,'2021-08-06 23:41:48','UNKNOWN',192000,3,2,316,367),(408,470000,'UNKNOWN',220000,'2021-10-27 10:17:36','UNKNOWN',235000,2,1,85,368),(409,555000,'UNKNOWN',170000,'2021-10-14 07:32:15','UNKNOWN',185000,3,2,475,369),(410,243000,'UNKNOWN',66000,'2021-09-24 08:25:26','UNKNOWN',81000,3,1,121,370),(411,231000,'UNKNOWN',216000,'2021-10-09 05:21:32','UNKNOWN',231000,1,2,180,371),(412,309000,'UNKNOWN',88000,'2021-09-25 01:15:15','UNKNOWN',103000,3,2,35,372),(413,68000,'UNKNOWN',19000,'2021-10-13 08:12:15','UNKNOWN',34000,2,1,136,373),(414,711000,'UNKNOWN',222000,'2021-11-21 03:17:30','UNKNOWN',237000,3,2,74,374),(415,711000,'UNKNOWN',222000,'2021-09-12 22:05:42','UNKNOWN',237000,3,2,460,375),(416,121000,'UNKNOWN',106000,'2021-10-08 04:28:41','UNKNOWN',121000,1,1,80,376),(417,95000,'UNKNOWN',80000,'2021-08-13 22:13:13','UNKNOWN',95000,1,2,17,377),(418,478000,'UNKNOWN',224000,'2021-11-13 21:44:39','UNKNOWN',239000,2,1,345,378),(419,159000,'UNKNOWN',144000,'2021-08-24 20:20:41','UNKNOWN',159000,1,1,175,379),(420,495000,'UNKNOWN',150000,'2021-11-01 15:20:08','UNKNOWN',165000,3,2,340,380),(421,126000,'UNKNOWN',27000,'2021-10-14 17:04:01','UNKNOWN',42000,3,1,173,381),(422,196000,'UNKNOWN',83000,'2021-11-19 21:18:08','UNKNOWN',98000,2,1,343,382),(423,145000,'UNKNOWN',130000,'2021-07-28 21:32:25','UNKNOWN',145000,1,2,199,383),(424,494000,'UNKNOWN',232000,'2021-10-22 22:40:47','UNKNOWN',247000,2,2,463,384),(425,67000,'UNKNOWN',52000,'2021-07-17 14:15:34','UNKNOWN',67000,1,1,218,385),(426,145000,'UNKNOWN',130000,'2021-10-26 11:34:03','UNKNOWN',145000,1,2,199,386),(427,38000,'UNKNOWN',23000,'2021-09-13 21:22:01','UNKNOWN',38000,1,2,342,387),(428,253000,'UNKNOWN',238000,'2021-11-24 05:28:36','UNKNOWN',253000,1,1,113,388),(429,495000,'UNKNOWN',150000,'2021-11-21 02:46:05','UNKNOWN',165000,3,2,37,389),(430,123000,'UNKNOWN',108000,'2021-09-21 19:41:20','UNKNOWN',123000,1,2,348,390),(431,786000,'UNKNOWN',247000,'2021-08-05 19:36:04','UNKNOWN',262000,3,2,126,391),(432,179000,'UNKNOWN',164000,'2021-08-17 15:16:52','UNKNOWN',179000,1,2,88,392),(433,549000,'UNKNOWN',168000,'2021-07-15 14:36:54','UNKNOWN',183000,3,1,62,393),(434,262000,'UNKNOWN',116000,'2021-08-16 10:55:25','UNKNOWN',131000,2,1,42,394),(435,167000,'UNKNOWN',152000,'2021-10-14 23:00:17','UNKNOWN',167000,1,2,27,395),(436,243000,'UNKNOWN',66000,'2021-10-14 22:37:09','UNKNOWN',81000,3,1,8,396),(437,69000,'UNKNOWN',54000,'2021-09-11 03:17:53','UNKNOWN',69000,1,2,457,397),(438,78000,'UNKNOWN',63000,'2021-11-18 19:10:20','UNKNOWN',78000,1,1,260,398),(439,490000,'UNKNOWN',230000,'2021-08-12 10:59:38','UNKNOWN',245000,2,2,428,399),(440,327000,'UNKNOWN',94000,'2021-09-27 04:19:55','UNKNOWN',109000,3,2,361,400),(441,118000,'UNKNOWN',44000,'2021-11-01 20:09:08','UNKNOWN',59000,2,1,19,401),(442,603000,'UNKNOWN',186000,'2021-11-16 17:36:28','UNKNOWN',201000,3,2,12,402),(443,382000,'UNKNOWN',176000,'2021-09-26 12:58:36','UNKNOWN',191000,2,2,1,403),(444,645000,'UNKNOWN',200000,'2021-08-02 20:56:16','UNKNOWN',215000,3,1,470,404),(445,113000,'UNKNOWN',98000,'2021-07-30 23:13:06','UNKNOWN',113000,1,2,344,405),(446,236000,'UNKNOWN',221000,'2021-09-03 12:53:58','UNKNOWN',236000,1,2,313,406),(447,297000,'UNKNOWN',84000,'2021-08-02 09:57:35','UNKNOWN',99000,3,2,32,407),(448,120000,'UNKNOWN',25000,'2021-09-20 23:55:51','UNKNOWN',40000,3,1,220,408),(449,158000,'UNKNOWN',143000,'2021-08-26 16:04:36','UNKNOWN',158000,1,1,4,409),(450,466000,'UNKNOWN',218000,'2021-08-04 10:21:32','UNKNOWN',233000,2,2,358,410),(451,219000,'UNKNOWN',58000,'2021-10-30 10:54:13','UNKNOWN',73000,3,1,277,411),(452,124000,'UNKNOWN',47000,'2021-10-16 06:41:54','UNKNOWN',62000,2,2,309,412),(453,105000,'UNKNOWN',90000,'2021-10-23 09:28:09','UNKNOWN',105000,1,1,216,413),(454,292000,'UNKNOWN',131000,'2021-08-27 12:40:35','UNKNOWN',146000,2,2,153,414),(455,297000,'UNKNOWN',84000,'2021-08-21 01:30:30','UNKNOWN',99000,3,1,116,415),(456,188000,'UNKNOWN',79000,'2021-08-19 16:06:03','UNKNOWN',94000,2,2,122,416),(457,432000,'UNKNOWN',201000,'2021-11-20 01:17:54','UNKNOWN',216000,2,2,261,417),(458,376000,'UNKNOWN',173000,'2021-10-29 07:16:10','UNKNOWN',188000,2,2,438,418),(459,236000,'UNKNOWN',221000,'2021-11-21 07:17:18','UNKNOWN',236000,1,1,405,419),(460,207000,'UNKNOWN',54000,'2021-10-11 11:04:28','UNKNOWN',69000,3,2,212,420),(461,226000,'UNKNOWN',98000,'2021-07-18 13:25:22','UNKNOWN',113000,2,2,344,421),(462,60000,'UNKNOWN',15000,'2021-08-18 00:48:08','UNKNOWN',30000,2,2,84,422),(463,171000,'UNKNOWN',42000,'2021-10-21 07:54:58','UNKNOWN',57000,3,2,387,423),(464,666000,'UNKNOWN',207000,'2021-10-01 19:43:22','UNKNOWN',222000,3,1,182,424),(465,105000,'UNKNOWN',90000,'2021-10-09 13:46:04','UNKNOWN',105000,1,2,251,425),(466,489000,'UNKNOWN',148000,'2021-10-25 13:06:41','UNKNOWN',163000,3,1,206,426),(467,125000,'UNKNOWN',110000,'2021-11-16 06:35:22','UNKNOWN',125000,1,1,278,427),(468,285000,'UNKNOWN',80000,'2021-10-15 07:58:46','UNKNOWN',95000,3,2,270,428),(469,354000,'UNKNOWN',103000,'2021-07-27 18:23:25','UNKNOWN',118000,3,2,15,429),(470,250000,'UNKNOWN',110000,'2021-08-13 22:44:24','UNKNOWN',125000,2,1,263,430),(471,53000,'UNKNOWN',38000,'2021-11-20 12:15:43','UNKNOWN',53000,1,2,273,431),(472,117000,'UNKNOWN',24000,'2021-08-28 08:12:04','UNKNOWN',39000,3,1,75,432),(473,133000,'UNKNOWN',118000,'2021-09-07 02:35:14','UNKNOWN',133000,1,2,55,433),(474,309000,'UNKNOWN',88000,'2021-09-08 22:35:51','UNKNOWN',103000,3,1,50,434),(475,60000,'UNKNOWN',15000,'2021-10-05 15:40:23','UNKNOWN',30000,2,2,84,435),(476,352000,'UNKNOWN',161000,'2021-08-25 00:09:46','UNKNOWN',176000,2,2,269,436),(477,366000,'UNKNOWN',168000,'2021-08-04 07:33:25','UNKNOWN',183000,2,1,93,437),(478,771000,'UNKNOWN',242000,'2021-08-18 07:12:53','UNKNOWN',257000,3,1,157,438),(479,154000,'UNKNOWN',62000,'2021-10-22 20:43:25','UNKNOWN',77000,2,2,6,439),(480,597000,'UNKNOWN',184000,'2021-09-06 21:11:21','UNKNOWN',199000,3,2,60,440),(481,160000,'UNKNOWN',145000,'2021-09-14 20:16:23','UNKNOWN',160000,1,1,282,441),(482,178000,'UNKNOWN',163000,'2021-08-25 23:23:11','UNKNOWN',178000,1,2,226,442),(483,452000,'UNKNOWN',211000,'2021-10-24 21:45:03','UNKNOWN',226000,2,2,287,443),(484,444000,'UNKNOWN',133000,'2021-10-10 18:47:37','UNKNOWN',148000,3,1,254,444),(485,204000,'UNKNOWN',53000,'2021-10-27 18:54:19','UNKNOWN',68000,3,2,409,445),(486,480000,'UNKNOWN',145000,'2021-09-09 07:30:57','UNKNOWN',160000,3,1,282,446),(487,600000,'UNKNOWN',185000,'2021-08-20 20:44:25','UNKNOWN',200000,3,1,185,447),(488,354000,'UNKNOWN',103000,'2021-10-07 03:48:26','UNKNOWN',118000,3,2,76,448),(489,35000,'UNKNOWN',20000,'2021-07-18 18:55:46','UNKNOWN',35000,1,2,326,449),(490,462000,'UNKNOWN',216000,'2021-10-21 17:18:42','UNKNOWN',231000,2,1,401,450),(491,250000,'UNKNOWN',110000,'2021-08-31 07:50:34','UNKNOWN',125000,2,2,28,451),(492,92000,'UNKNOWN',77000,'2021-09-28 00:35:26','UNKNOWN',92000,1,1,435,452),(493,97000,'UNKNOWN',82000,'2021-11-18 02:02:52','UNKNOWN',97000,1,2,90,453),(494,795000,'UNKNOWN',250000,'2021-09-17 19:42:15','UNKNOWN',265000,3,1,143,454),(495,153000,'UNKNOWN',36000,'2021-08-11 15:38:57','UNKNOWN',51000,3,2,447,455),(496,225000,'UNKNOWN',210000,'2021-08-09 09:33:05','UNKNOWN',225000,1,2,306,456),(497,157000,'UNKNOWN',142000,'2021-09-19 15:53:43','UNKNOWN',157000,1,2,188,457),(498,507000,'UNKNOWN',154000,'2021-08-09 04:03:36','UNKNOWN',169000,3,1,22,458),(499,169000,'UNKNOWN',154000,'2021-10-25 17:28:48','UNKNOWN',169000,1,1,46,459),(500,253000,'UNKNOWN',238000,'2021-08-21 09:00:08','UNKNOWN',253000,1,2,161,460),(501,64000,'UNKNOWN',49000,'2021-09-12 02:59:28','UNKNOWN',64000,1,2,168,461),(502,152000,'UNKNOWN',137000,'2021-07-20 09:33:10','UNKNOWN',152000,1,2,356,462),(503,243000,'UNKNOWN',66000,'2021-09-07 02:14:40','UNKNOWN',81000,3,1,275,463),(504,160000,'UNKNOWN',65000,'2021-07-22 04:29:59','UNKNOWN',80000,2,1,307,464),(505,251000,'UNKNOWN',236000,'2021-09-17 17:31:57','UNKNOWN',251000,1,1,208,465),(506,338000,'UNKNOWN',154000,'2021-10-01 04:07:06','UNKNOWN',169000,2,1,119,466),(507,540000,'UNKNOWN',165000,'2021-08-18 21:07:45','UNKNOWN',180000,3,2,472,467),(508,236000,'UNKNOWN',103000,'2021-11-03 02:41:04','UNKNOWN',118000,2,2,500,468),(509,302000,'UNKNOWN',136000,'2021-07-18 03:36:23','UNKNOWN',151000,2,2,83,469),(510,68000,'UNKNOWN',53000,'2021-11-21 00:51:31','UNKNOWN',68000,1,2,417,470),(511,33000,'UNKNOWN',18000,'2021-08-31 20:35:07','UNKNOWN',33000,1,1,333,471),(512,338000,'UNKNOWN',154000,'2021-08-01 15:33:53','UNKNOWN',169000,2,2,414,472),(513,198000,'UNKNOWN',51000,'2021-09-11 05:55:41','UNKNOWN',66000,3,2,70,473),(514,615000,'UNKNOWN',190000,'2021-08-23 21:55:38','UNKNOWN',205000,3,1,109,474),(515,378000,'UNKNOWN',174000,'2021-09-30 06:46:02','UNKNOWN',189000,2,1,335,475),(516,124000,'UNKNOWN',109000,'2021-09-24 03:12:21','UNKNOWN',124000,1,1,346,476),(517,558000,'UNKNOWN',171000,'2021-11-08 08:34:14','UNKNOWN',186000,3,2,227,477),(518,114000,'UNKNOWN',99000,'2021-10-02 09:03:44','UNKNOWN',114000,1,2,94,478),(519,747000,'UNKNOWN',234000,'2021-09-20 01:55:01','UNKNOWN',249000,3,1,288,479),(520,227000,'UNKNOWN',212000,'2021-08-17 13:07:15','UNKNOWN',227000,1,2,156,480),(521,212000,'UNKNOWN',91000,'2021-10-08 11:18:59','UNKNOWN',106000,2,2,419,481),(522,196000,'UNKNOWN',181000,'2021-10-15 13:29:05','UNKNOWN',196000,1,2,124,482),(523,327000,'UNKNOWN',94000,'2021-08-06 03:30:10','UNKNOWN',109000,3,1,361,483),(524,184000,'UNKNOWN',77000,'2021-09-10 15:36:15','UNKNOWN',92000,2,1,435,484),(525,183000,'UNKNOWN',168000,'2021-08-04 06:22:07','UNKNOWN',183000,1,2,93,485),(526,514000,'UNKNOWN',242000,'2021-09-03 22:17:51','UNKNOWN',257000,2,1,157,486),(527,104000,'UNKNOWN',89000,'2021-10-19 10:29:38','UNKNOWN',104000,1,2,5,487),(528,30000,'UNKNOWN',15000,'2021-09-09 04:18:47','UNKNOWN',30000,1,1,56,488),(529,125000,'UNKNOWN',110000,'2021-07-21 19:56:45','UNKNOWN',125000,1,1,263,489),(530,81000,'UNKNOWN',66000,'2021-10-11 14:27:34','UNKNOWN',81000,1,1,148,490),(531,132000,'UNKNOWN',51000,'2021-08-08 16:06:46','UNKNOWN',66000,2,1,450,491),(532,70000,'UNKNOWN',20000,'2021-09-09 17:21:58','UNKNOWN',35000,2,2,304,492),(533,303000,'UNKNOWN',86000,'2021-10-03 17:53:29','UNKNOWN',101000,3,1,172,493),(534,446000,'UNKNOWN',208000,'2021-08-05 11:04:04','UNKNOWN',223000,2,2,445,494),(535,118000,'UNKNOWN',44000,'2021-08-30 06:01:42','UNKNOWN',59000,2,2,209,495),(536,753000,'UNKNOWN',236000,'2021-08-08 02:35:51','UNKNOWN',251000,3,1,208,496),(537,169000,'UNKNOWN',154000,'2021-11-10 01:54:35','UNKNOWN',169000,1,2,414,497),(538,226000,'UNKNOWN',211000,'2021-08-30 10:46:04','UNKNOWN',226000,1,1,443,498),(539,393000,'UNKNOWN',116000,'2021-07-24 17:02:54','UNKNOWN',131000,3,1,476,499),(540,206000,'UNKNOWN',88000,'2021-07-26 14:29:10','UNKNOWN',103000,2,1,50,500),(541,279000,'UNKNOWN',78000,'2021-09-21 17:23:10','UNKNOWN',93000,3,2,321,501),(542,537000,'UNKNOWN',164000,'2021-10-30 17:16:19','UNKNOWN',179000,3,2,454,502),(543,80000,'UNKNOWN',65000,'2021-07-22 23:46:35','UNKNOWN',80000,1,2,307,503),(544,741000,'UNKNOWN',232000,'2021-09-12 13:33:44','UNKNOWN',247000,3,1,170,504),(545,80000,'UNKNOWN',25000,'2021-09-29 13:47:43','UNKNOWN',40000,2,1,432,505);
/*!40000 ALTER TABLE `sell_order_item` ENABLE KEYS */;
UNLOCK TABLES;

--
-- Table structure for table `staff`
--

DROP TABLE IF EXISTS `staff`;
/*!40101 SET @saved_cs_client     = @@character_set_client */;
/*!50503 SET character_set_client = utf8mb4 */;
CREATE TABLE `staff` (
  `staff_id` bigint NOT NULL AUTO_INCREMENT,
  `address` varchar(255) DEFAULT NULL,
  `name` varchar(30) DEFAULT NULL,
  `password` varchar(255) DEFAULT NULL,
  `phone_number` varchar(15) DEFAULT NULL,
  `salary` double DEFAULT '0',
  `staff_position` varchar(255) DEFAULT NULL,
  `staff_uuid` varchar(36) DEFAULT (uuid()),
  `user_id` bigint DEFAULT NULL,
  `account` varchar(30) DEFAULT NULL,
  `email` varchar(50) DEFAULT NULL,
  PRIMARY KEY (`staff_id`),
  KEY `staff_user_id_index` (`user_id`)
) ENGINE=InnoDB AUTO_INCREMENT=501 DEFAULT CHARSET=utf8mb4 COLLATE=utf8mb4_0900_ai_ci;
/*!40101 SET character_set_client = @saved_cs_client */;

--
-- Dumping data for table `staff`
--

LOCK TABLES `staff` WRITE;
/*!40000 ALTER TABLE `staff` DISABLE KEYS */;
INSERT INTO `staff` VALUES (1,'77818 Vahlen Point','Chantal Delue','9zYj8C','2581963861',15000000,'MANAGER','356db310-4d2f-11ec-abbb-02ef750e1fae',1,'cdelue0','cdelue0@ed.gov'),(2,'718 Havey Circle','Westleigh Blencoe','Gycb0v','9673375179',15000000,'MANAGER','3599a8ec-4d2f-11ec-abbb-02ef750e1fae',2,'wblencoe1','wblencoe1@wiley.com'),(3,'57107 Hanover Hill','Bernie Showt','zxl8QHz6Axjr','4246779233',7000000,'BASIC','35a7681a-4d2f-11ec-abbb-02ef750e1fae',1,'bshowt2','bshowt2@wsj.com'),(4,'5175 Blaine Junction','Kissie Verrell','Yk45ahQRmEMo','6952892052',7000000,'BASIC','35b5b7ec-4d2f-11ec-abbb-02ef750e1fae',2,'kverrell3','kverrell3@dot.gov'),(5,'489 Kenwood Drive','Laryssa Juszkiewicz','wiAi5nzl','5324648136',6000000,'BASIC','35c6319d-4d2f-11ec-abbb-02ef750e1fae',1,'ljuszkiewicz4','ljuszkiewicz4@dell.com'),(6,'7575 Cody Place','Herta Tyreman','B6f0LDD','7869753934',6000000,'BASIC','35d53074-4d2f-11ec-abbb-02ef750e1fae',2,'htyreman5','htyreman5@webnode.com'),(7,'1480 Lien Parkway','Lorrayne Sadry','2fBnjqtL','8865920704',6000000,'BASIC','35e646b6-4d2f-11ec-abbb-02ef750e1fae',2,'lsadry6','lsadry6@umn.edu'),(8,'32281 Rutledge Crossing','Eddy Seamer','bV6uUFaH','1887192233',6000000,'BASIC','35f49586-4d2f-11ec-abbb-02ef750e1fae',2,'eseamer7','eseamer7@cloudflare.com'),(9,'9798 Dixon Drive','Andie Haines','bkdfOa8lV8Xu','8961974566',6000000,'BASIC','3600308f-4d2f-11ec-abbb-02ef750e1fae',2,'ahaines8','ahaines8@prlog.org'),(10,'087 Fuller Terrace','Fons Barwis','CIi7UCWnjC9S','7136538557',6000000,'BASIC','36178e2d-4d2f-11ec-abbb-02ef750e1fae',1,'fbarwis9','fbarwis9@uiuc.edu'),(11,'3 Cascade Street','Terza Legendre','otFfbRvDz','8279616502',6000000,'BASIC','361ff066-4d2f-11ec-abbb-02ef750e1fae',2,'tlegendrea','tlegendrea@wikipedia.org'),(12,'319 Forest Lane','Lodovico Dunbleton','X46t4Ep','1862824645',6000000,'BASIC','362bc941-4d2f-11ec-abbb-02ef750e1fae',1,'ldunbletonb','ldunbletonb@bluehost.com'),(13,'8 Johnson Alley','Liane Newberry','iVSJZQaKZ5P','8241911340',6000000,'BASIC','36356c1d-4d2f-11ec-abbb-02ef750e1fae',2,'lnewberryc','lnewberryc@flickr.com'),(14,'0 Claremont Plaza','Gerrie Pavlovsky','TprMiHI','5859316708',6000000,'BASIC','364b4762-4d2f-11ec-abbb-02ef750e1fae',2,'gpavlovskyd','gpavlovskyd@free.fr'),(15,'14 Amoth Street','Hyacintha Charlotte','TgJXbzO','1993829218',6000000,'BASIC','36612fc8-4d2f-11ec-abbb-02ef750e1fae',1,'hcharlottee','hcharlottee@amazon.co.uk'),(16,'180 Sunnyside Pass','Tremaine Greenhaugh','OLUTI9lFwo','4399460101',6000000,'BASIC','366d4922-4d2f-11ec-abbb-02ef750e1fae',1,'tgreenhaughf','tgreenhaughf@cbslocal.com'),(17,'55 Derek Circle','Ashby McNern','3uBe4aALR','8788198204',6000000,'BASIC','36794094-4d2f-11ec-abbb-02ef750e1fae',2,'amcnerng','amcnerng@narod.ru'),(18,'455 Westerfield Point','Kasper Pernell','k01KfP','6647602865',6000000,'BASIC','3688e459-4d2f-11ec-abbb-02ef750e1fae',2,'kpernellh','kpernellh@hhs.gov'),(19,'04 Eggendart Court','Sylvan Grandham','UCFOtOdMSY3','1166229034',6000000,'BASIC','3694ed42-4d2f-11ec-abbb-02ef750e1fae',2,'sgrandhami','sgrandhami@blogger.com'),(20,'81 Buell Center','Sissy Alcide','UDj7wAKgy','8459583103',6000000,'BASIC','36a70064-4d2f-11ec-abbb-02ef750e1fae',2,'salcidej','salcidej@chronoengine.com'),(21,'58165 Thackeray Way','Mariya Balbeck','PB0jGOZK','6929070607',6000000,'BASIC','36b119aa-4d2f-11ec-abbb-02ef750e1fae',2,'mbalbeckk','mbalbeckk@gov.uk'),(22,'19674 Messerschmidt Parkway','Hirsch Flewin','04Yntfi1CT4','7482920663',6000000,'BASIC','36c0b1a1-4d2f-11ec-abbb-02ef750e1fae',2,'hflewinl','hflewinl@mozilla.org'),(23,'6 Service Avenue','Donielle Fiske','iAspebXh','2844967380',6000000,'BASIC','36cef976-4d2f-11ec-abbb-02ef750e1fae',1,'dfiskem','dfiskem@mit.edu'),(24,'271 Farmco Terrace','Kass Pietasch','5J8IsQQeExc','6268060036',6000000,'BASIC','36e1c4f0-4d2f-11ec-abbb-02ef750e1fae',1,'kpietaschn','kpietaschn@twitpic.com'),(25,'7 5th Alley','Wilburt Parham','HxDamg','2693426995',6000000,'BASIC','36eebefd-4d2f-11ec-abbb-02ef750e1fae',1,'wparhamo','wparhamo@google.ca'),(26,'243 Sheridan Place','Rosetta Metham','RXX5dLi','8896883791',6000000,'BASIC','36fe9dcb-4d2f-11ec-abbb-02ef750e1fae',1,'rmethamp','rmethamp@amazon.de'),(27,'9873 Elka Road','Raeann Prescot','BiSj6o','8579585828',6000000,'BASIC','370e15cf-4d2f-11ec-abbb-02ef750e1fae',1,'rprescotq','rprescotq@icio.us'),(28,'90 Drewry Point','Silvain Killiner','ntSqPmyasFch','1132339514',6000000,'BASIC','371d3ba4-4d2f-11ec-abbb-02ef750e1fae',2,'skillinerr','skillinerr@reference.com'),(29,'3 West Plaza','Gonzales Jurisic','KbCcKl09','1475406258',6000000,'BASIC','372e053e-4d2f-11ec-abbb-02ef750e1fae',2,'gjurisics','gjurisics@foxnews.com'),(30,'55 Washington Drive','Correy Garstan','vGTyv2','8129840689',6000000,'BASIC','373fae96-4d2f-11ec-abbb-02ef750e1fae',1,'cgarstant','cgarstant@ehow.com'),(31,'1714 Crescent Oaks Terrace','Jerrie Dudman','Mp36vq9oEWs','1926567449',6000000,'BASIC','374c1336-4d2f-11ec-abbb-02ef750e1fae',1,'jdudmanu','jdudmanu@feedburner.com'),(32,'0507 Atwood Road','Masha Manning','NMx3al','7188308657',6000000,'BASIC','375e28ba-4d2f-11ec-abbb-02ef750e1fae',1,'mmanningv','mmanningv@sciencedirect.com'),(33,'232 Oneill Plaza','Welby Comberbeach','hZ7iev5','7626651296',6000000,'BASIC','379f9235-4d2f-11ec-abbb-02ef750e1fae',1,'wcomberbeachw','wcomberbeachw@ed.gov'),(34,'5569 4th Point','Aundrea Shoulder','MGHC9rGAW2Fq','6947805498',6000000,'BASIC','37abf57f-4d2f-11ec-abbb-02ef750e1fae',2,'ashoulderx','ashoulderx@slashdot.org'),(35,'18694 Lakewood Gardens Road','Frasquito O\' Finan','Ip6nmp','6536062057',6000000,'BASIC','37ce246a-4d2f-11ec-abbb-02ef750e1fae',2,'foy','foy@wikimedia.org'),(36,'11984 Welch Parkway','Germayne Thelwll','ezZONWiUIV','4983603520',6000000,'BASIC','37d8b1cd-4d2f-11ec-abbb-02ef750e1fae',1,'gthelwllz','gthelwllz@blogs.com'),(37,'772 Bobwhite Trail','Yvon Esseby','t6BVuJ2qy6','4797553590',6000000,'BASIC','37e84296-4d2f-11ec-abbb-02ef750e1fae',2,'yesseby10','yesseby10@webeden.co.uk'),(38,'88 Delladonna Parkway','Dacia Camfield','LSAQJXNjkUN5','4163117207',6000000,'BASIC','37f7c155-4d2f-11ec-abbb-02ef750e1fae',1,'dcamfield11','dcamfield11@ning.com'),(39,'34 Beilfuss Crossing','Dale Lamping','cFRNC7','3208347489',6000000,'BASIC','38089163-4d2f-11ec-abbb-02ef750e1fae',2,'dlamping12','dlamping12@ibm.com'),(40,'95710 Utah Junction','Gerrie Carme','J12d58Q','1503935564',6000000,'BASIC','38268a7d-4d2f-11ec-abbb-02ef750e1fae',1,'gcarme13','gcarme13@scribd.com'),(41,'5 Mcguire Pass','Nikita Canceller','iIZnxR','2446513487',6000000,'BASIC','3836b095-4d2f-11ec-abbb-02ef750e1fae',2,'ncanceller14','ncanceller14@squidoo.com'),(42,'17120 Mitchell Center','Ame Pescod','T5YMyfWCAglK','3717726650',6000000,'BASIC','3847c9c5-4d2f-11ec-abbb-02ef750e1fae',2,'apescod15','apescod15@seesaa.net'),(43,'34509 Fairfield Avenue','Bogart Pilcher','PdbYtIJq5Eu','5795964477',6000000,'BASIC','389999dd-4d2f-11ec-abbb-02ef750e1fae',2,'bpilcher16','bpilcher16@bbc.co.uk'),(44,'3 Artisan Terrace','Sissie Thow','43N2EWjoJ5d','9937655455',6000000,'BASIC','38c9995a-4d2f-11ec-abbb-02ef750e1fae',1,'sthow17','sthow17@t.co'),(45,'8 Eliot Street','Hilde Constantinou','VodpbiliFnK','8917407235',6000000,'BASIC','38d748dd-4d2f-11ec-abbb-02ef750e1fae',1,'hconstantinou18','hconstantinou18@fotki.com'),(46,'1 Basil Junction','Danella Silbersak','WtIanw8P0OEW','9165278907',6000000,'BASIC','38e26d14-4d2f-11ec-abbb-02ef750e1fae',2,'dsilbersak19','dsilbersak19@boston.com'),(47,'24 Mesta Street','Trueman Rudkin','eZCzIpwelE6','8911383868',6000000,'BASIC','39026d87-4d2f-11ec-abbb-02ef750e1fae',2,'trudkin1a','trudkin1a@posterous.com'),(48,'999 Porter Crossing','Ferdie Winley','OKK0DPFm','1071406580',6000000,'BASIC','390af3b1-4d2f-11ec-abbb-02ef750e1fae',1,'fwinley1b','fwinley1b@intel.com'),(49,'86 Colorado Lane','Eldin Swynfen','lamHZYgj2aF6','5367185073',6000000,'BASIC','3923f696-4d2f-11ec-abbb-02ef750e1fae',2,'eswynfen1c','eswynfen1c@behance.net'),(50,'34 Nancy Hill','Tomasine Yvens','wLNZKVh','1123504435',6000000,'BASIC','392e37ed-4d2f-11ec-abbb-02ef750e1fae',1,'tyvens1d','tyvens1d@yandex.ru'),(51,'218 Morning Crossing','Barby Teaz','yO8scufbL0X','2696012446',6000000,'BASIC','39494f52-4d2f-11ec-abbb-02ef750e1fae',2,'bteaz1e','bteaz1e@google.com.hk'),(52,'72 Iowa Circle','Mendie McCurdy','mLtt1b','1839734009',6000000,'BASIC','39772478-4d2f-11ec-abbb-02ef750e1fae',2,'mmccurdy1f','mmccurdy1f@moonfruit.com'),(53,'27 Calypso Plaza','Coletta Northwood','avcdCFvfSO','4686306231',6000000,'BASIC','39859fbe-4d2f-11ec-abbb-02ef750e1fae',1,'cnorthwood1g','cnorthwood1g@mail.ru'),(54,'69 Vermont Center','Jone Gadsden','o4MdJ9x','4362445758',6000000,'BASIC','39912dfe-4d2f-11ec-abbb-02ef750e1fae',2,'jgadsden1h','jgadsden1h@bigcartel.com'),(55,'29638 Katie Court','Delphine Hoxey','lrHlDKTOn','6093630462',6000000,'BASIC','399c212b-4d2f-11ec-abbb-02ef750e1fae',1,'dhoxey1i','dhoxey1i@technorati.com'),(56,'1 Farragut Road','Maximilianus Lamperd','mup1XP','3056780933',6000000,'BASIC','39a7a85c-4d2f-11ec-abbb-02ef750e1fae',1,'mlamperd1j','mlamperd1j@springer.com'),(57,'4515 Ronald Regan Court','Ronni Ladel','KD2SoNDu','8558364072',6000000,'BASIC','39bf9c4b-4d2f-11ec-abbb-02ef750e1fae',2,'rladel1k','rladel1k@yellowpages.com'),(58,'881 Blackbird Road','Gael Murfill','cV9b99t2','9829879843',6000000,'BASIC','39d2ddb5-4d2f-11ec-abbb-02ef750e1fae',2,'gmurfill1l','gmurfill1l@bloglines.com'),(59,'18737 Vahlen Center','Randall Gurnay','WdkHt6RT','5359514495',6000000,'BASIC','39dc4132-4d2f-11ec-abbb-02ef750e1fae',1,'rgurnay1m','rgurnay1m@china.com.cn'),(60,'527 Mockingbird Trail','Anthiathia Haley','DPQvsSHJ45V3','8716580879',6000000,'BASIC','39ed203d-4d2f-11ec-abbb-02ef750e1fae',1,'ahaley1n','ahaley1n@fotki.com'),(61,'94 Warner Terrace','Jamey Yurchishin','judShd0O2','3224882449',6000000,'BASIC','39fc8e3e-4d2f-11ec-abbb-02ef750e1fae',2,'jyurchishin1o','jyurchishin1o@columbia.edu'),(62,'91688 Almo Circle','Tuesday Jeacocke','yHcSwvCdg0G','5767988051',6000000,'BASIC','3a0ccaac-4d2f-11ec-abbb-02ef750e1fae',2,'tjeacocke1p','tjeacocke1p@walmart.com'),(63,'1 Calypso Center','Rudyard Hort','rH7NVZkmqU','9529710007',6000000,'BASIC','3a1a7620-4d2f-11ec-abbb-02ef750e1fae',2,'rhort1q','rhort1q@google.com.au'),(64,'112 Esch Place','Trev Pigne','rryCj7DZs8s','8881255858',6000000,'BASIC','3a2b7ad2-4d2f-11ec-abbb-02ef750e1fae',2,'tpigne1r','tpigne1r@economist.com'),(65,'0 Vahlen Terrace','Othilie Matsell','WEgcoxRIT','2207367815',6000000,'BASIC','3a3a299b-4d2f-11ec-abbb-02ef750e1fae',2,'omatsell1s','omatsell1s@jigsy.com'),(66,'6 Hovde Place','Dode Dollard','FckUmyX','8735454035',6000000,'BASIC','3a4954b2-4d2f-11ec-abbb-02ef750e1fae',1,'ddollard1t','ddollard1t@newsvine.com'),(67,'7 Chinook Road','Wynn Stranger','Ybasqe3OIP2','5229331628',6000000,'BASIC','3a5ae2a2-4d2f-11ec-abbb-02ef750e1fae',1,'wstranger1u','wstranger1u@dedecms.com'),(68,'44626 Green Ridge Way','Joseph Jedrzejczyk','B0ZJ1CoAaA','8506773063',6000000,'BASIC','3a6a13fb-4d2f-11ec-abbb-02ef750e1fae',1,'jjedrzejczyk1v','jjedrzejczyk1v@google.ca'),(69,'9574 Eastwood Crossing','Domini Obbard','z7gZEH3MuhVC','4125831725',6000000,'BASIC','3a7e3ac8-4d2f-11ec-abbb-02ef750e1fae',1,'dobbard1w','dobbard1w@ucoz.com'),(70,'4 Anzinger Center','Lanny Persent','yw0oFcK','9918002334',6000000,'BASIC','3ab8044f-4d2f-11ec-abbb-02ef750e1fae',1,'lpersent1x','lpersent1x@istockphoto.com'),(71,'356 Vidon Junction','Anatol Overall','kUx6QmU','6446440881',6000000,'BASIC','3aca86eb-4d2f-11ec-abbb-02ef750e1fae',1,'aoverall1y','aoverall1y@amazon.de'),(72,'45201 Monica Crossing','Dotty Nardrup','nyIH57iZo','3648099191',6000000,'BASIC','3ae66a9a-4d2f-11ec-abbb-02ef750e1fae',2,'dnardrup1z','dnardrup1z@zdnet.com'),(73,'97 Saint Paul Terrace','Alanson Grichukhanov','0stFZSY','3846156478',6000000,'BASIC','3af78ae5-4d2f-11ec-abbb-02ef750e1fae',2,'agrichukhanov20','agrichukhanov20@princeton.edu'),(74,'63658 Ridge Oak Point','Sibbie Dilks','2JwmzYS0m','7954553397',6000000,'BASIC','3b659129-4d2f-11ec-abbb-02ef750e1fae',2,'sdilks21','sdilks21@sourceforge.net'),(75,'799 Packers Drive','Phylis Ivory','4eDTXki3R2h','4341200549',6000000,'BASIC','3b74b69a-4d2f-11ec-abbb-02ef750e1fae',2,'pivory22','pivory22@a8.net'),(76,'25 Chive Hill','Daffy Barukh','GW1Day','9192206826',6000000,'BASIC','3b83d30e-4d2f-11ec-abbb-02ef750e1fae',1,'dbarukh23','dbarukh23@squidoo.com'),(77,'0 Sauthoff Hill','Oralle Colloff','z5IfJ3P6O','4405370423',6000000,'BASIC','3b921227-4d2f-11ec-abbb-02ef750e1fae',2,'ocolloff24','ocolloff24@twitter.com'),(78,'6 High Crossing Plaza','Dalli Slatter','ZRAOwS','5797933248',6000000,'BASIC','3ba52faa-4d2f-11ec-abbb-02ef750e1fae',2,'dslatter25','dslatter25@abc.net.au'),(79,'8 Lunder Center','Cathyleen Bikker','4mYlPJYls34','6503254777',6000000,'BASIC','3bb3b184-4d2f-11ec-abbb-02ef750e1fae',1,'cbikker26','cbikker26@blogspot.com'),(80,'80251 Canary Terrace','Jerrine Meddings','rkqi4lV','6254384403',6000000,'BASIC','3bc1e508-4d2f-11ec-abbb-02ef750e1fae',1,'jmeddings27','jmeddings27@discovery.com'),(81,'14903 Everett Junction','Clovis Higgonet','T795EkZIjvja','2193780262',6000000,'BASIC','3bd02ceb-4d2f-11ec-abbb-02ef750e1fae',2,'chiggonet28','chiggonet28@cnn.com'),(82,'16415 Waywood Plaza','Jameson Glawsop','4qY8THW6YQQa','6682342340',6000000,'BASIC','3c61990f-4d2f-11ec-abbb-02ef750e1fae',1,'jglawsop29','jglawsop29@slideshare.net'),(83,'52 Dahle Trail','Skippy Cleator','BlL1iuZp','6734633088',6000000,'BASIC','3c94e44c-4d2f-11ec-abbb-02ef750e1fae',1,'scleator2a','scleator2a@com.com'),(84,'666 Shelley Center','Eolande Sketh','riHppHUf','4771300903',6000000,'BASIC','3cb3b891-4d2f-11ec-abbb-02ef750e1fae',1,'esketh2b','esketh2b@microsoft.com'),(85,'80783 Emmet Center','Ker Macveigh','4b5UjFqG','8133463789',6000000,'BASIC','3cd31130-4d2f-11ec-abbb-02ef750e1fae',2,'kmacveigh2c','kmacveigh2c@facebook.com'),(86,'3964 Menomonie Street','Marietta Shufflebotham','tDzxXkQssJG','3431328764',6000000,'BASIC','3ce7a9a5-4d2f-11ec-abbb-02ef750e1fae',1,'mshufflebotham2d','mshufflebotham2d@webs.com'),(87,'0 Dwight Alley','Gigi Jansa','ryAAM4','5942864560',6000000,'BASIC','3cfd7241-4d2f-11ec-abbb-02ef750e1fae',2,'gjansa2e','gjansa2e@geocities.com'),(88,'2 Little Fleur Plaza','Cristie Gault','UgulxU9','2115981455',6000000,'BASIC','3f41ded3-4d2f-11ec-abbb-02ef750e1fae',2,'cgault2f','cgault2f@goodreads.com'),(89,'576 Golden Leaf Parkway','Seline Jeffreys','23wPET','6369764469',6000000,'BASIC','4d7986d8-4d2f-11ec-abbb-02ef750e1fae',2,'sjeffreys2g','sjeffreys2g@sourceforge.net'),(90,'1230 Ludington Park','Megan Saunt','1STHOAJ2s','4901702295',6000000,'BASIC','51cd0026-4d2f-11ec-abbb-02ef750e1fae',2,'msaunt2h','msaunt2h@mashable.com'),(91,'68342 Tennyson Plaza','Vidovik MacMorland','zbKsDUz','5445824025',6000000,'BASIC','5207b4e8-4d2f-11ec-abbb-02ef750e1fae',1,'vmacmorland2i','vmacmorland2i@vkontakte.ru'),(92,'0 Di Loreto Point','Odelinda Eger','2BUIiSy4','3062986871',6000000,'BASIC','520f0c3f-4d2f-11ec-abbb-02ef750e1fae',2,'oeger2j','oeger2j@hexun.com'),(93,'31 Carberry Circle','Keriann Stoodale','O76BB5GcIfw','5707415103',6000000,'BASIC','5218cc33-4d2f-11ec-abbb-02ef750e1fae',2,'kstoodale2k','kstoodale2k@mapquest.com'),(94,'3728 Washington Junction','Ricky Leyton','o3JrLz','5664162648',6000000,'BASIC','5229e96b-4d2f-11ec-abbb-02ef750e1fae',1,'rleyton2l','rleyton2l@surveymonkey.com'),(95,'6 Dwight Point','Garvey Woodcroft','Yn6DZ0K','5748019236',6000000,'BASIC','5236e8ea-4d2f-11ec-abbb-02ef750e1fae',1,'gwoodcroft2m','gwoodcroft2m@ow.ly'),(96,'4 Dovetail Lane','Denys Dunleavy','puK2e0zs','5334481149',6000000,'BASIC','5247b41f-4d2f-11ec-abbb-02ef750e1fae',2,'ddunleavy2n','ddunleavy2n@sogou.com'),(97,'27419 Talmadge Court','Tiff Jeaycock','WjhZbq0niX','9164292434',6000000,'BASIC','52588d19-4d2f-11ec-abbb-02ef750e1fae',1,'tjeaycock2o','tjeaycock2o@livejournal.com'),(98,'16 Northport Circle','Porter Whiteway','CdbtlTK','6956682605',6000000,'BASIC','526741fa-4d2f-11ec-abbb-02ef750e1fae',1,'pwhiteway2p','pwhiteway2p@oakley.com'),(99,'6436 Lotheville Junction','Gilda Harley','59Z3g3PI','6491263825',6000000,'BASIC','5276c7ac-4d2f-11ec-abbb-02ef750e1fae',1,'gharley2q','gharley2q@baidu.com'),(100,'5909 Burning Wood Point','Cordey Ziehms','uOefnprdW','5945723473',6000000,'BASIC','52866ad1-4d2f-11ec-abbb-02ef750e1fae',2,'cziehms2r','cziehms2r@github.io'),(101,'9 Birchwood Lane','Ara Longmaid','hSxUqE7luZQV','4936221655',6000000,'BASIC','52948c78-4d2f-11ec-abbb-02ef750e1fae',1,'alongmaid2s','alongmaid2s@alibaba.com'),(102,'16626 Hallows Point','Vernen Thurnham','QJBR6zhU','4036038377',6000000,'BASIC','52a4e42c-4d2f-11ec-abbb-02ef750e1fae',2,'vthurnham2t','vthurnham2t@ftc.gov'),(103,'9373 Del Mar Center','Pattin Booler','tigd9Mgf1V','3904689988',6000000,'BASIC','52b51d8c-4d2f-11ec-abbb-02ef750e1fae',2,'pbooler2u','pbooler2u@alibaba.com'),(104,'147 Declaration Street','Prisca Kynan','qt6DZmKE','4652007153',6000000,'BASIC','52c4ecc2-4d2f-11ec-abbb-02ef750e1fae',2,'pkynan2v','pkynan2v@xrea.com'),(105,'035 Farmco Hill','Nolie Rickett','fdsmmk','2256113052',6000000,'BASIC','530fbcfb-4d2f-11ec-abbb-02ef750e1fae',1,'nrickett2w','nrickett2w@technorati.com'),(106,'4797 Manitowish Crossing','Chloe Arnefield','jkNkpmqJ0oO','5273907744',6000000,'BASIC','53397470-4d2f-11ec-abbb-02ef750e1fae',2,'carnefield2x','carnefield2x@cargocollective.com'),(107,'4190 Fair Oaks Point','Kirstin Lodden','ffBbKOgJN9mP','8332281946',6000000,'BASIC','5363b0a1-4d2f-11ec-abbb-02ef750e1fae',1,'klodden2y','klodden2y@prlog.org'),(108,'00538 Village Point','Glenn Tallquist','pozZv7t','6042655832',6000000,'BASIC','536b89e4-4d2f-11ec-abbb-02ef750e1fae',2,'gtallquist2z','gtallquist2z@unicef.org'),(109,'1589 Northport Court','Marjy Hadlington','ss5W1KAe','3913607392',6000000,'BASIC','5375feaf-4d2f-11ec-abbb-02ef750e1fae',1,'mhadlington30','mhadlington30@constantcontact.com'),(110,'9977 Ilene Circle','Con Cordier','tgL5Qu0rOiC9','9361199687',6000000,'BASIC','537fd51a-4d2f-11ec-abbb-02ef750e1fae',1,'ccordier31','ccordier31@house.gov'),(111,'3580 Division Plaza','Gianina Dinning','cXBnxAlZUhK','4059635713',6000000,'BASIC','53927107-4d2f-11ec-abbb-02ef750e1fae',1,'gdinning32','gdinning32@t-online.de'),(112,'65 Eagle Crest Center','Zachary Pass','O91mjEBF1u','1697652836',6000000,'BASIC','539f1b78-4d2f-11ec-abbb-02ef750e1fae',1,'zpass33','zpass33@google.it'),(113,'9663 Golf Road','Mignonne Vlies','GqHMOCt2','5299068347',6000000,'BASIC','53af4723-4d2f-11ec-abbb-02ef750e1fae',1,'mvlies34','mvlies34@webmd.com'),(114,'5671 Maple Way','Tamra Levesley','6JEEQjZUV','3656586340',6000000,'BASIC','53c92e64-4d2f-11ec-abbb-02ef750e1fae',2,'tlevesley35','tlevesley35@shareasale.com'),(115,'63 Acker Alley','Early Habgood','3zfG2TU','5281808336',6000000,'BASIC','53f74e04-4d2f-11ec-abbb-02ef750e1fae',1,'ehabgood36','ehabgood36@goo.ne.jp'),(116,'95706 Jenifer Pass','Dawna Withers','lK9wpmr','3515614533',6000000,'BASIC','541ef2ea-4d2f-11ec-abbb-02ef750e1fae',2,'dwithers37','dwithers37@samsung.com'),(117,'8 Kenwood Court','Haleigh Bresman','4YP1ubaAkiA','3934088811',6000000,'BASIC','543fe91c-4d2f-11ec-abbb-02ef750e1fae',1,'hbresman38','hbresman38@umich.edu'),(118,'2222 Havey Point','Roana Godfroy','nkpcxS4zdDZ','1255562596',6000000,'BASIC','544fd53f-4d2f-11ec-abbb-02ef750e1fae',2,'rgodfroy39','rgodfroy39@nbcnews.com'),(119,'28713 Donald Place','Amalie Baggelley','KbZSu1Re','6382150443',6000000,'BASIC','54601613-4d2f-11ec-abbb-02ef750e1fae',1,'abaggelley3a','abaggelley3a@macromedia.com'),(120,'2 Sunbrook Circle','Hedy Willwood','SxtN4IcxO0','2155240497',6000000,'BASIC','546dddcd-4d2f-11ec-abbb-02ef750e1fae',1,'hwillwood3b','hwillwood3b@1688.com'),(121,'89250 Nevada Alley','Marney Tolcharde','NLdxQxr','6452567892',6000000,'BASIC','54b264a2-4d2f-11ec-abbb-02ef750e1fae',1,'mtolcharde3c','mtolcharde3c@mapquest.com'),(122,'26 Ronald Regan Court','Lazar Pristnor','JUFO6rJla','1785326172',6000000,'BASIC','54bff4ff-4d2f-11ec-abbb-02ef750e1fae',2,'lpristnor3d','lpristnor3d@mozilla.org'),(123,'803 Eggendart Place','Artus Ibbett','NhF1k9wCbcn','8391169258',6000000,'BASIC','54ce0c83-4d2f-11ec-abbb-02ef750e1fae',1,'aibbett3e','aibbett3e@behance.net'),(124,'8857 Grayhawk Way','Hynda Klein','zbhyPUo3wS','1859961754',6000000,'BASIC','54d855b7-4d2f-11ec-abbb-02ef750e1fae',1,'hklein3f','hklein3f@salon.com'),(125,'610 Magdeline Lane','Sherrie Petschel','8eksRFPd','8294666680',6000000,'BASIC','54eb2ebb-4d2f-11ec-abbb-02ef750e1fae',1,'spetschel3g','spetschel3g@europa.eu'),(126,'418 Canary Circle','Xenos Sinkin','zFi0PYT','8642605814',6000000,'BASIC','54f8a5c4-4d2f-11ec-abbb-02ef750e1fae',2,'xsinkin3h','xsinkin3h@illinois.edu'),(127,'2 Continental Trail','Weider Hulls','7olBBb3Z','6414416125',6000000,'BASIC','550d35fb-4d2f-11ec-abbb-02ef750e1fae',1,'whulls3i','whulls3i@discuz.net'),(128,'63375 Caliangt Place','Alair Wooles','vpS2zYZQ','2459012708',6000000,'BASIC','551a5a3c-4d2f-11ec-abbb-02ef750e1fae',2,'awooles3j','awooles3j@homestead.com'),(129,'4 Main Circle','Vitia Bogace','kFQxwdd','2671192366',6000000,'BASIC','55266051-4d2f-11ec-abbb-02ef750e1fae',1,'vbogace3k','vbogace3k@hhs.gov'),(130,'81 Anhalt Plaza','Becki Inwood','SizD48','4998188909',6000000,'BASIC','553bdd8c-4d2f-11ec-abbb-02ef750e1fae',2,'binwood3l','binwood3l@cbc.ca'),(131,'7985 Paget Avenue','Vicki Jentzsch','aDIKuLQdTvLa','9902689572',6000000,'BASIC','555fa6b9-4d2f-11ec-abbb-02ef750e1fae',1,'vjentzsch3m','vjentzsch3m@flavors.me'),(132,'46 Monument Junction','Smith Rubinek','ptcIFylFeWtn','8765516942',6000000,'BASIC','5580e9f5-4d2f-11ec-abbb-02ef750e1fae',2,'srubinek3n','srubinek3n@posterous.com'),(133,'144 Hovde Road','Dimitry Gludor','CnoAsI5','3404605091',6000000,'BASIC','55982450-4d2f-11ec-abbb-02ef750e1fae',2,'dgludor3o','dgludor3o@intel.com'),(134,'8219 Macpherson Pass','Erwin Heisman','6uF7WBjC','5368839559',6000000,'BASIC','55aa55b0-4d2f-11ec-abbb-02ef750e1fae',2,'eheisman3p','eheisman3p@sbwire.com'),(135,'3 Mockingbird Way','Twyla Thomelin','1FygVP','9072950082',6000000,'BASIC','55b30784-4d2f-11ec-abbb-02ef750e1fae',1,'tthomelin3q','tthomelin3q@harvard.edu'),(136,'1 Village Green Hill','Shurlocke Gillham','VY94vqZRzRk','6784077413',6000000,'BASIC','55d35860-4d2f-11ec-abbb-02ef750e1fae',1,'sgillham3r','sgillham3r@nationalgeographic.com'),(137,'5805 Welch Street','Meade Attwoull','foInc8vS2e','1621566807',6000000,'BASIC','55e1f4a9-4d2f-11ec-abbb-02ef750e1fae',2,'mattwoull3s','mattwoull3s@ebay.com'),(138,'5506 Killdeer Street','Farlee Crone','WOtVeD2mv','8297823169',6000000,'BASIC','55f22a45-4d2f-11ec-abbb-02ef750e1fae',1,'fcrone3t','fcrone3t@aboutads.info'),(139,'86654 Katie Center','Mikaela Caff','NESXnrmnI','4913587554',6000000,'BASIC','56036957-4d2f-11ec-abbb-02ef750e1fae',1,'mcaff3u','mcaff3u@ft.com'),(140,'60 Dahle Point','Wallis Zwicker','66mVVHg','5058429041',6000000,'BASIC','560f3cad-4d2f-11ec-abbb-02ef750e1fae',1,'wzwicker3v','wzwicker3v@imgur.com'),(141,'1 Montana Crossing','Caroljean Pinel','BhIeRjWZS','8686581447',6000000,'BASIC','561e7973-4d2f-11ec-abbb-02ef750e1fae',1,'cpinel3w','cpinel3w@intel.com'),(142,'651 Pennsylvania Lane','Patricia Stayte','aMvsI0w','2784562414',6000000,'BASIC','56302913-4d2f-11ec-abbb-02ef750e1fae',2,'pstayte3x','pstayte3x@msu.edu'),(143,'9 Crest Line Place','Brendon Hanbidge','O7xi0ixcRf6','2123554043',6000000,'BASIC','5641ac4b-4d2f-11ec-abbb-02ef750e1fae',1,'bhanbidge3y','bhanbidge3y@ftc.gov'),(144,'2020 Southridge Parkway','Frannie Serris','omXpLpEb','5485772669',6000000,'BASIC','56567ec2-4d2f-11ec-abbb-02ef750e1fae',2,'fserris3z','fserris3z@tuttocitta.it'),(145,'11397 Harbort Pass','Farrand Jozsika','ufHmYJ','2337093951',6000000,'BASIC','566da7ed-4d2f-11ec-abbb-02ef750e1fae',2,'fjozsika40','fjozsika40@booking.com'),(146,'0 Drewry Lane','Ronda Buckam','vOghgH','6849189096',6000000,'BASIC','567c36b8-4d2f-11ec-abbb-02ef750e1fae',1,'rbuckam41','rbuckam41@time.com'),(147,'0 Briar Crest Court','Frederica Simeone','d68hyT3WcDt','1339149206',6000000,'BASIC','568bbf5c-4d2f-11ec-abbb-02ef750e1fae',2,'fsimeone42','fsimeone42@hexun.com'),(148,'14 Algoma Alley','Nels Suddards','NQMRPNhnCul','4089077649',6000000,'BASIC','569bf132-4d2f-11ec-abbb-02ef750e1fae',2,'nsuddards43','nsuddards43@prweb.com'),(149,'208 Portage Parkway','Rollins Gartside','bgBm4A0Kpn','9683093379',6000000,'BASIC','56ab16b1-4d2f-11ec-abbb-02ef750e1fae',2,'rgartside44','rgartside44@360.cn'),(150,'7 Darwin Hill','Pris Symcock','IvurjLV8','5052859191',6000000,'BASIC','56bbf506-4d2f-11ec-abbb-02ef750e1fae',1,'psymcock45','psymcock45@google.nl'),(151,'3103 Westend Road','Mona Sinden','zDt3HqIu','6415919607',6000000,'BASIC','56cc7092-4d2f-11ec-abbb-02ef750e1fae',1,'msinden46','msinden46@github.io'),(152,'192 Clove Circle','Kelley Ortells','xlBLGYMr','6201683258',6000000,'BASIC','56daa3c4-4d2f-11ec-abbb-02ef750e1fae',2,'kortells47','kortells47@ft.com'),(153,'56528 Mayer Hill','Gay Andrei','euCYKJ2','3605917795',6000000,'BASIC','56f2685e-4d2f-11ec-abbb-02ef750e1fae',1,'gandrei48','gandrei48@lulu.com'),(154,'10138 Grim Terrace','Elna Rampley','bqajjSh','6173322235',6000000,'BASIC','56fb2a81-4d2f-11ec-abbb-02ef750e1fae',2,'erampley49','erampley49@europa.eu'),(155,'63705 Spaight Avenue','Regan Inchbald','XZZMZI7fdBa','5937381987',6000000,'BASIC','5708df05-4d2f-11ec-abbb-02ef750e1fae',1,'rinchbald4a','rinchbald4a@cloudflare.com'),(156,'1204 Dottie Road','Nathan Laimable','Mzt8AEG47j','1848248406',6000000,'BASIC','5718edc3-4d2f-11ec-abbb-02ef750e1fae',2,'nlaimable4b','nlaimable4b@blogspot.com'),(157,'39 Saint Paul Center','Nonah Ive','2NEqeK3L3','9012116950',6000000,'BASIC','572a0358-4d2f-11ec-abbb-02ef750e1fae',1,'nive4c','nive4c@soup.io'),(158,'0105 Muir Crossing','Kenna Bebbington','PplLCrTOMb','5587334458',6000000,'BASIC','573b4478-4d2f-11ec-abbb-02ef750e1fae',2,'kbebbington4d','kbebbington4d@ustream.tv'),(159,'0 Briar Crest Hill','Gillian Fursland','Xr3XwvIYDYV','2977692371',6000000,'BASIC','5749ee6b-4d2f-11ec-abbb-02ef750e1fae',2,'gfursland4e','gfursland4e@chron.com'),(160,'6791 Anzinger Way','Deeyn Pioch','aY18PeScJ','1134244339',6000000,'BASIC','5758c0b2-4d2f-11ec-abbb-02ef750e1fae',1,'dpioch4f','dpioch4f@bigcartel.com'),(161,'6 Sloan Trail','Freemon Fogt','NhFrAaKt','5232494603',6000000,'BASIC','5768f9bc-4d2f-11ec-abbb-02ef750e1fae',2,'ffogt4g','ffogt4g@pen.io'),(162,'765 Ridgeview Plaza','Ester Butters','4Q2M2dLVy0','2719008136',6000000,'BASIC','578854c4-4d2f-11ec-abbb-02ef750e1fae',2,'ebutters4h','ebutters4h@bravesites.com'),(163,'16846 Randy Junction','Conrado Kort','f62Po1Uja','6325136343',6000000,'BASIC','57971921-4d2f-11ec-abbb-02ef750e1fae',2,'ckort4i','ckort4i@miibeian.gov.cn'),(164,'4 Weeping Birch Circle','Staci Chasson','Mcasm7wG','6332036287',6000000,'BASIC','57a680d0-4d2f-11ec-abbb-02ef750e1fae',1,'schasson4j','schasson4j@bravesites.com'),(165,'8 Schiller Court','Rosabel Toman','6h0wWh0ckXh','2762569641',6000000,'BASIC','57bc0e3c-4d2f-11ec-abbb-02ef750e1fae',1,'rtoman4k','rtoman4k@opensource.org'),(166,'2 Dovetail Center','Roxanna Bernon','N8OoodH6p','2502932806',6000000,'BASIC','57c64ec8-4d2f-11ec-abbb-02ef750e1fae',1,'rbernon4l','rbernon4l@bing.com'),(167,'169 Fulton Park','Anastasia Yurin','lzkoijutaP','4459184018',6000000,'BASIC','57d5cb5d-4d2f-11ec-abbb-02ef750e1fae',1,'ayurin4m','ayurin4m@acquirethisname.com'),(168,'00 Judy Crossing','Becky Sive','WMAkSjIs','4088047032',6000000,'BASIC','57e5fed7-4d2f-11ec-abbb-02ef750e1fae',1,'bsive4n','bsive4n@storify.com'),(169,'6135 Oak Hill','Hyacinthia Baress','b9dk8wvy7','5982626843',6000000,'BASIC','57f562c4-4d2f-11ec-abbb-02ef750e1fae',2,'hbaress4o','hbaress4o@google.fr'),(170,'156 Dryden Avenue','Gavra Jeune','AyxC4BkHX','2678632752',6000000,'BASIC','58167fc3-4d2f-11ec-abbb-02ef750e1fae',1,'gjeune4p','gjeune4p@skype.com'),(171,'556 Shasta Pass','Alexio Asprey','rOGmsBA','2996307477',6000000,'BASIC','583400d7-4d2f-11ec-abbb-02ef750e1fae',2,'aasprey4q','aasprey4q@sfgate.com'),(172,'60878 Heffernan Road','Skipper Hallaways','UUrJYo','2182775269',6000000,'BASIC','5841cdf9-4d2f-11ec-abbb-02ef750e1fae',2,'shallaways4r','shallaways4r@techcrunch.com'),(173,'1016 Haas Parkway','Cristy Soughton','xXxlkYhO6qI','7067534407',6000000,'BASIC','5850e80f-4d2f-11ec-abbb-02ef750e1fae',2,'csoughton4s','csoughton4s@ucoz.ru'),(174,'8 Fisk Circle','Anjela Lawler','c7Ff0mUN','1696274858',6000000,'BASIC','5860c57f-4d2f-11ec-abbb-02ef750e1fae',1,'alawler4t','alawler4t@icio.us'),(175,'484 2nd Court','Minetta Schuler','CBnna4','5286529561',6000000,'BASIC','58703b62-4d2f-11ec-abbb-02ef750e1fae',2,'mschuler4u','mschuler4u@mtv.com'),(176,'1 American Plaza','Nolan Martinie','io8r8e33','4719832991',6000000,'BASIC','58800a37-4d2f-11ec-abbb-02ef750e1fae',2,'nmartinie4v','nmartinie4v@uol.com.br'),(177,'428 Lien Circle','Thorn Burdis','8BzX07','6566864894',6000000,'BASIC','589090a5-4d2f-11ec-abbb-02ef750e1fae',1,'tburdis4w','tburdis4w@berkeley.edu'),(178,'2 Sutteridge Pass','Issie Leeburne','Njx7OcKi','2065101828',6000000,'BASIC','58afcfbe-4d2f-11ec-abbb-02ef750e1fae',2,'ileeburne4x','ileeburne4x@usnews.com'),(179,'6673 Arkansas Court','Marcia Sloane','jIcTQnXBwZd','8573015672',6000000,'BASIC','58d02746-4d2f-11ec-abbb-02ef750e1fae',1,'msloane4y','msloane4y@infoseek.co.jp'),(180,'087 Surrey Hill','Meyer Speachley','GW8HbQ','1611690241',6000000,'BASIC','58e00bd7-4d2f-11ec-abbb-02ef750e1fae',1,'mspeachley4z','mspeachley4z@java.com'),(181,'119 Acker Crossing','Shelby Skidmore','q498j5K8jNz','2069841168',6000000,'BASIC','58efa18d-4d2f-11ec-abbb-02ef750e1fae',1,'sskidmore50','sskidmore50@github.com'),(182,'38 Debs Place','Rogers Paule','u491NQORz2K','6887267000',6000000,'BASIC','58ff4e20-4d2f-11ec-abbb-02ef750e1fae',2,'rpaule51','rpaule51@xinhuanet.com'),(183,'804 Mallory Terrace','Elfie Clipston','qCNV41HoVN','1867461056',6000000,'BASIC','59128760-4d2f-11ec-abbb-02ef750e1fae',2,'eclipston52','eclipston52@craigslist.org'),(184,'80496 Loomis Lane','Merrilee Cuffley','djH7Bb1','8049513731',6000000,'BASIC','594cd263-4d2f-11ec-abbb-02ef750e1fae',2,'mcuffley53','mcuffley53@twitpic.com'),(185,'60840 Lakeland Circle','Montgomery McLoughlin','OKZexl6x','2758846624',6000000,'BASIC','598cf417-4d2f-11ec-abbb-02ef750e1fae',2,'mmcloughlin54','mmcloughlin54@geocities.jp'),(186,'344 Forest Road','Nelson Huffa','ffbHaqvMDlaQ','4276123482',6000000,'BASIC','59ad9923-4d2f-11ec-abbb-02ef750e1fae',1,'nhuffa55','nhuffa55@oracle.com'),(187,'987 Morningstar Avenue','Giulia Janes','jHaVEYxHgkl','7071266645',6000000,'BASIC','59dc2589-4d2f-11ec-abbb-02ef750e1fae',1,'gjanes56','gjanes56@virginia.edu'),(188,'0 Sycamore Circle','Bert Ishaki','MqcJEpssF','3358221075',6000000,'BASIC','59ed1e45-4d2f-11ec-abbb-02ef750e1fae',2,'bishaki57','bishaki57@seattletimes.com'),(189,'5566 Bowman Avenue','Myrle Navan','73z5p5i','9303430844',6000000,'BASIC','5a12d967-4d2f-11ec-abbb-02ef750e1fae',2,'mnavan58','mnavan58@360.cn'),(190,'4154 Erie Circle','Marsh Huckell','FQh1gZZUG','6184740165',6000000,'BASIC','5a27dba9-4d2f-11ec-abbb-02ef750e1fae',2,'mhuckell59','mhuckell59@princeton.edu'),(191,'8 Weeping Birch Avenue','Kaleena Endon','pPtlQQ','2253245475',6000000,'BASIC','5a357a98-4d2f-11ec-abbb-02ef750e1fae',1,'kendon5a','kendon5a@foxnews.com'),(192,'46 Ruskin Terrace','Florence McNamara','RvZCsB9Rbs','7454679125',6000000,'BASIC','5a4780ca-4d2f-11ec-abbb-02ef750e1fae',2,'fmcnamara5b','fmcnamara5b@xing.com'),(193,'183 5th Crossing','Irene Chuck','vry662hh9j','4761440191',6000000,'BASIC','5a56c324-4d2f-11ec-abbb-02ef750e1fae',2,'ichuck5c','ichuck5c@ucsd.edu'),(194,'86 Duke Place','Milicent Cavill','y5gb0Fui','2044646743',6000000,'BASIC','5a64782a-4d2f-11ec-abbb-02ef750e1fae',1,'mcavill5d','mcavill5d@nps.gov'),(195,'33998 Del Mar Way','Barty Jeanneau','cW5Nax','4081179063',6000000,'BASIC','5a929a51-4d2f-11ec-abbb-02ef750e1fae',1,'bjeanneau5e','bjeanneau5e@taobao.com'),(196,'66 Aberg Way','Tallie Carley','3ewCQcKAo','6376083197',6000000,'BASIC','5aa40f7c-4d2f-11ec-abbb-02ef750e1fae',1,'tcarley5f','tcarley5f@usda.gov'),(197,'2767 Pond Terrace','Alexei Wapol','lFbinvl30','9642919339',6000000,'BASIC','5ab5ea78-4d2f-11ec-abbb-02ef750e1fae',2,'awapol5g','awapol5g@prlog.org'),(198,'45984 Maywood Place','Geordie Condliffe','1oPMuQN','9529891932',6000000,'BASIC','5ac59319-4d2f-11ec-abbb-02ef750e1fae',2,'gcondliffe5h','gcondliffe5h@wisc.edu'),(199,'41888 Dorton Avenue','Cleve Sabin','nICqn65y','6748391522',6000000,'BASIC','5ad34a0c-4d2f-11ec-abbb-02ef750e1fae',1,'csabin5i','csabin5i@is.gd'),(200,'9 Mesta Drive','Bethena Caldroni','qnuUHzMMT8Q','6712735034',6000000,'BASIC','5afda703-4d2f-11ec-abbb-02ef750e1fae',2,'bcaldroni5j','bcaldroni5j@smugmug.com'),(201,'2698 Alpine Place','Sid Quilleash','x8XeM61IOGK','4045400566',6000000,'BASIC','5b122f37-4d2f-11ec-abbb-02ef750e1fae',1,'squilleash5k','squilleash5k@youku.com'),(202,'7 Vermont Crossing','Emanuel Turfus','P0Ya0YE','5057404016',6000000,'BASIC','5b21d576-4d2f-11ec-abbb-02ef750e1fae',1,'eturfus5l','eturfus5l@altervista.org'),(203,'51 Toban Way','Idalina Suckling','L8oQjpJ9nzM','6922088606',6000000,'BASIC','5b3a3724-4d2f-11ec-abbb-02ef750e1fae',2,'isuckling5m','isuckling5m@tumblr.com'),(204,'58 Eggendart Avenue','Bertram O\'Glassane','uVv2NjAyH','6514444675',6000000,'BASIC','5b4edd27-4d2f-11ec-abbb-02ef750e1fae',2,'boglassane5n','boglassane5n@hhs.gov'),(205,'66 Kim Point','Caril Brastead','ogesB8HK','5263515451',6000000,'BASIC','5b5ec3b6-4d2f-11ec-abbb-02ef750e1fae',1,'cbrastead5o','cbrastead5o@live.com'),(206,'5158 Anhalt Avenue','Chiquia Degan','8v2xh9','2693854693',6000000,'BASIC','5b6dc6d9-4d2f-11ec-abbb-02ef750e1fae',1,'cdegan5p','cdegan5p@vkontakte.ru'),(207,'1 Manitowish Way','Norina Heikkinen','UsB9YSBStcXl','1809719744',6000000,'BASIC','5b7f3853-4d2f-11ec-abbb-02ef750e1fae',2,'nheikkinen5q','nheikkinen5q@sogou.com'),(208,'831 Monterey Plaza','Mag Laverick','9j4LNN','7079636326',6000000,'BASIC','5b8d0b4f-4d2f-11ec-abbb-02ef750e1fae',1,'mlaverick5r','mlaverick5r@typepad.com'),(209,'29 Eliot Drive','Barbaraanne Ridings','LHBbjkaE','7923717587',6000000,'BASIC','5ba300d9-4d2f-11ec-abbb-02ef750e1fae',2,'bridings5s','bridings5s@feedburner.com'),(210,'5 Susan Trail','Crystie Haire','ujv48uqx1uI','7645304059',6000000,'BASIC','5bb06f68-4d2f-11ec-abbb-02ef750e1fae',1,'chaire5t','chaire5t@google.es'),(211,'00 Barnett Terrace','Grata Isakson','pZYPEPv','1923082944',6000000,'BASIC','5bbc1d37-4d2f-11ec-abbb-02ef750e1fae',2,'gisakson5u','gisakson5u@foxnews.com'),(212,'52479 Warrior Place','Zabrina Ricardet','jaiX949KLdRo','6171861751',6000000,'BASIC','5bde8f8b-4d2f-11ec-abbb-02ef750e1fae',1,'zricardet5v','zricardet5v@google.co.jp'),(213,'39 Lillian Point','Angus Heilds','3lw7Pr6xRAdg','1169309899',6000000,'BASIC','5bebf45f-4d2f-11ec-abbb-02ef750e1fae',2,'aheilds5w','aheilds5w@google.com.hk'),(214,'95 Crownhardt Crossing','Charmain Probin','frfcviHJCx7a','1011355004',6000000,'BASIC','5c050cd0-4d2f-11ec-abbb-02ef750e1fae',2,'cprobin5x','cprobin5x@businessinsider.com'),(215,'7 Nevada Road','Allan Mobberley','ndEu0PaJ','4476930198',6000000,'BASIC','5c204015-4d2f-11ec-abbb-02ef750e1fae',1,'amobberley5y','amobberley5y@tmall.com'),(216,'39171 Lien Park','Antonio Alster','cvSzhL5','2168833628',6000000,'BASIC','5cc4a902-4d2f-11ec-abbb-02ef750e1fae',2,'aalster5z','aalster5z@bbb.org'),(217,'3304 Monica Avenue','Ivory Merrydew','vcGlsTiqFmw','3897526586',6000000,'BASIC','5ce5c59d-4d2f-11ec-abbb-02ef750e1fae',2,'imerrydew60','imerrydew60@edublogs.org'),(218,'12 Lyons Place','Cherin Racher','lYve2dY','1145322844',6000000,'BASIC','5d00b622-4d2f-11ec-abbb-02ef750e1fae',2,'cracher61','cracher61@theglobeandmail.com'),(219,'6071 Pond Junction','Smith Bavin','tzHzMNaAKK','9491956497',6000000,'BASIC','5d25d6bd-4d2f-11ec-abbb-02ef750e1fae',1,'sbavin62','sbavin62@bbb.org'),(220,'6 Dovetail Drive','Haslett Kalisch','7RZWo1Nz2','4107977326',6000000,'BASIC','5d569e1a-4d2f-11ec-abbb-02ef750e1fae',2,'hkalisch63','hkalisch63@google.fr'),(221,'31840 Northfield Place','Alvin DeSousa','0R0eCVY','9384119707',6000000,'BASIC','5d645e62-4d2f-11ec-abbb-02ef750e1fae',2,'adesousa64','adesousa64@geocities.com'),(222,'70 Acker Lane','Berte Baldcock','Ioo4m5ZKIH5t','7114307837',6000000,'BASIC','5d746fa6-4d2f-11ec-abbb-02ef750e1fae',1,'bbaldcock65','bbaldcock65@newsvine.com'),(223,'09 Forest Dale Alley','Mateo Culbard','4IAq6bIYvVsj','5751822387',6000000,'BASIC','5d844e7f-4d2f-11ec-abbb-02ef750e1fae',2,'mculbard66','mculbard66@umn.edu'),(224,'17388 Cascade Court','Andree Prator','hhrK0lZQwdU','6521290175',6000000,'BASIC','5d93417c-4d2f-11ec-abbb-02ef750e1fae',1,'aprator67','aprator67@dell.com'),(225,'51 Mayfield Plaza','Jermain Squier','wbMTF4','3138842878',6000000,'BASIC','5db31725-4d2f-11ec-abbb-02ef750e1fae',2,'jsquier68','jsquier68@wikipedia.org'),(226,'58819 Russell Place','Dane Erie','bwvXJc6','4302296864',6000000,'BASIC','5dc11472-4d2f-11ec-abbb-02ef750e1fae',2,'derie69','derie69@jigsy.com'),(227,'057 Dixon Hill','Valenka Youhill','Gy0N6pvxhm3','9991322519',6000000,'BASIC','5dd7b491-4d2f-11ec-abbb-02ef750e1fae',1,'vyouhill6a','vyouhill6a@tuttocitta.it'),(228,'1 Glacier Hill Terrace','Beniamino Drayn','99r6Okt','4733356294',6000000,'BASIC','5ddf049a-4d2f-11ec-abbb-02ef750e1fae',1,'bdrayn6b','bdrayn6b@columbia.edu'),(229,'92681 Moulton Way','Lorene Sellwood','Pnx25RP','5288817150',6000000,'BASIC','5df72d8c-4d2f-11ec-abbb-02ef750e1fae',1,'lsellwood6c','lsellwood6c@ucsd.edu'),(230,'3914 Pankratz Avenue','Andres Sessions','s7NYrvx8cZq','8343870839',6000000,'BASIC','5dfe7e25-4d2f-11ec-abbb-02ef750e1fae',1,'asessions6d','asessions6d@blogspot.com'),(231,'57 Butterfield Drive','Karlotte Jimmes','eiof6APMqU','4084979414',6000000,'BASIC','5e0fec2a-4d2f-11ec-abbb-02ef750e1fae',2,'kjimmes6e','kjimmes6e@cnbc.com'),(232,'551 Ilene Road','Yvor Pittle','SDGZKtmKJ','1521970524',6000000,'BASIC','5e2bd142-4d2f-11ec-abbb-02ef750e1fae',2,'ypittle6f','ypittle6f@canalblog.com'),(233,'65515 Ridge Oak Point','Ebonee Gitsham','NfGRzeexuFpo','1888228601',6000000,'BASIC','5e440ae3-4d2f-11ec-abbb-02ef750e1fae',2,'egitsham6g','egitsham6g@sciencedirect.com'),(234,'64698 Eagle Crest Junction','Lyman Bracknall','BSUz0osSF','3225466262',6000000,'BASIC','5e4dc870-4d2f-11ec-abbb-02ef750e1fae',1,'lbracknall6h','lbracknall6h@latimes.com'),(235,'02192 Lawn Parkway','Sloan Sailor','EkXFy7r2SVT','7964319996',6000000,'BASIC','5e5bcb9a-4d2f-11ec-abbb-02ef750e1fae',1,'ssailor6i','ssailor6i@arizona.edu'),(236,'0 Bayside Lane','Kelly Binstead','gz3rAj2OFK','8105528951',6000000,'BASIC','5e710626-4d2f-11ec-abbb-02ef750e1fae',2,'kbinstead6j','kbinstead6j@technorati.com'),(237,'7 Namekagon Drive','Forest Habben','TvnQHTf','3623015688',6000000,'BASIC','5e8a5e8a-4d2f-11ec-abbb-02ef750e1fae',1,'fhabben6k','fhabben6k@comsenz.com'),(238,'2 Burning Wood Terrace','Dene Wadsworth','VDxdKYb','8105273762',6000000,'BASIC','5e9c4b04-4d2f-11ec-abbb-02ef750e1fae',1,'dwadsworth6l','dwadsworth6l@themeforest.net'),(239,'06683 Fairview Point','Lee Circuitt','8exuiqWX','8142416120',6000000,'BASIC','5eab1c5d-4d2f-11ec-abbb-02ef750e1fae',2,'lcircuitt6m','lcircuitt6m@nyu.edu'),(240,'638 Rusk Pass','Chas Catanheira','RWQaHCTJH','1238197878',6000000,'BASIC','5ec22644-4d2f-11ec-abbb-02ef750e1fae',1,'ccatanheira6n','ccatanheira6n@sbwire.com'),(241,'82 Dwight Crossing','Licha Jacob','mh0UPGST','9944652249',6000000,'BASIC','5ecc8832-4d2f-11ec-abbb-02ef750e1fae',1,'ljacob6o','ljacob6o@imdb.com'),(242,'5778 Clarendon Junction','Horatius Castanares','kINU1nw','2106405376',6000000,'BASIC','5ed923d8-4d2f-11ec-abbb-02ef750e1fae',2,'hcastanares6p','hcastanares6p@spotify.com'),(243,'26817 Anthes Court','My Gerger','WFWGGcnh','3111159651',6000000,'BASIC','5ef84510-4d2f-11ec-abbb-02ef750e1fae',2,'mgerger6q','mgerger6q@amazon.co.jp'),(244,'4 Linden Avenue','Bartlet Endacott','4Fk4aajQLiJd','5842165954',6000000,'BASIC','5f08d279-4d2f-11ec-abbb-02ef750e1fae',1,'bendacott6r','bendacott6r@ovh.net'),(245,'4977 Kenwood Alley','Josias Moyle','RzMtNY','2222472323',6000000,'BASIC','5f1b45ed-4d2f-11ec-abbb-02ef750e1fae',2,'jmoyle6s','jmoyle6s@whitehouse.gov'),(246,'1 Shoshone Point','Esmaria Diben','6sOy7y','8762695873',6000000,'BASIC','5f271358-4d2f-11ec-abbb-02ef750e1fae',2,'ediben6t','ediben6t@blog.com'),(247,'799 Iowa Trail','April Lantaff','JVzjTt','4955366717',6000000,'BASIC','5f36dd29-4d2f-11ec-abbb-02ef750e1fae',2,'alantaff6u','alantaff6u@ning.com'),(248,'1 Arapahoe Place','Trixie Espinet','WgT0CsCrs9D','8916318093',6000000,'BASIC','5f463f44-4d2f-11ec-abbb-02ef750e1fae',1,'tespinet6v','tespinet6v@slideshare.net'),(249,'0 Fairview Place','Maddi Lindelof','3nncvZIp','6968359174',6000000,'BASIC','5f584bf4-4d2f-11ec-abbb-02ef750e1fae',2,'mlindelof6w','mlindelof6w@360.cn'),(250,'78590 Veith Pass','Bren Rajchert','7xPvjZ','7216230009',6000000,'BASIC','5f6c866a-4d2f-11ec-abbb-02ef750e1fae',2,'brajchert6x','brajchert6x@pen.io'),(251,'2 Grover Place','Ariel Portlock','0kyfzvtd3Y','3425441182',6000000,'BASIC','5f77c6fc-4d2f-11ec-abbb-02ef750e1fae',2,'aportlock6y','aportlock6y@hc360.com'),(252,'0 Esch Junction','Kirsten Brokenbrow','szODlWjd3','9386062553',6000000,'BASIC','5f8535b1-4d2f-11ec-abbb-02ef750e1fae',1,'kbrokenbrow6z','kbrokenbrow6z@liveinternet.ru'),(253,'88870 Cottonwood Court','Mervin Lowseley','yBmhVJLqVUMR','4531934114',6000000,'BASIC','5f95c0f4-4d2f-11ec-abbb-02ef750e1fae',1,'mlowseley70','mlowseley70@sakura.ne.jp'),(254,'19 Oxford Center','Adolphe Corrison','nHciiOWG','7811227406',6000000,'BASIC','5fa72dff-4d2f-11ec-abbb-02ef750e1fae',2,'acorrison71','acorrison71@ovh.net'),(255,'1 Badeau Junction','Othilie Crambie','v6zpm45jp3','2213701820',6000000,'BASIC','5fedcbe7-4d2f-11ec-abbb-02ef750e1fae',2,'ocrambie72','ocrambie72@businessweek.com'),(256,'63404 Florence Center','Shane Greenland','sVPFFRy','4056366658',6000000,'BASIC','60689b7d-4d2f-11ec-abbb-02ef750e1fae',1,'sgreenland73','sgreenland73@comsenz.com'),(257,'6571 Blackbird Circle','Molly Blann','npvtAY','4465736122',6000000,'BASIC','60d1d325-4d2f-11ec-abbb-02ef750e1fae',2,'mblann74','mblann74@tmall.com'),(258,'691 Muir Drive','Marshall Stilliard','HGm7UgFs','6173031410',6000000,'BASIC','60ddefd1-4d2f-11ec-abbb-02ef750e1fae',1,'mstilliard75','mstilliard75@yahoo.com'),(259,'1 Lighthouse Bay Parkway','Franky Ganiclef','zHpL60rdKpQ','6902013466',6000000,'BASIC','60ec1e6e-4d2f-11ec-abbb-02ef750e1fae',1,'fganiclef76','fganiclef76@lycos.com'),(260,'2 Bayside Circle','Otes Zanre','qbfJcWj','2679629158',6000000,'BASIC','60fbf58a-4d2f-11ec-abbb-02ef750e1fae',2,'ozanre77','ozanre77@uiuc.edu'),(261,'9 1st Circle','Seumas Aslet','URCcypS','7666553029',6000000,'BASIC','61173d4a-4d2f-11ec-abbb-02ef750e1fae',1,'saslet78','saslet78@reverbnation.com'),(262,'1 Sundown Park','Penelope Hegg','CzRy4j','1153531657',6000000,'BASIC','612c7933-4d2f-11ec-abbb-02ef750e1fae',2,'phegg79','phegg79@hhs.gov'),(263,'7 Fairfield Trail','Cassaundra Ollivier','QXQXxq5','5435486283',6000000,'BASIC','613bc5d1-4d2f-11ec-abbb-02ef750e1fae',2,'collivier7a','collivier7a@tiny.cc'),(264,'745 Butterfield Pass','Fionnula Eddolls','YJZj9iOhim','7358375149',6000000,'BASIC','6169ce39-4d2f-11ec-abbb-02ef750e1fae',2,'feddolls7b','feddolls7b@technorati.com'),(265,'89 Merrick Street','Alano Hugle','AxTDo3d','8811111341',6000000,'BASIC','61790951-4d2f-11ec-abbb-02ef750e1fae',1,'ahugle7c','ahugle7c@gov.uk'),(266,'7422 Arrowood Point','Regine Crevagh','D9pjmo','2733795486',6000000,'BASIC','618aab7b-4d2f-11ec-abbb-02ef750e1fae',2,'rcrevagh7d','rcrevagh7d@rakuten.co.jp'),(267,'7 Sage Way','Juan Lebreton','9FksBd64DD','1008822911',6000000,'BASIC','619a3aa5-4d2f-11ec-abbb-02ef750e1fae',1,'jlebreton7e','jlebreton7e@alibaba.com'),(268,'8537 Petterle Alley','Avictor Strowan','0TEgrkBK','3066646278',6000000,'BASIC','61a916e7-4d2f-11ec-abbb-02ef750e1fae',2,'astrowan7f','astrowan7f@noaa.gov'),(269,'53 Steensland Plaza','Axe Janoch','fot5jMtApEgl','3052932242',6000000,'BASIC','61bc8581-4d2f-11ec-abbb-02ef750e1fae',1,'ajanoch7g','ajanoch7g@sbwire.com'),(270,'21 Memorial Street','Datha Sperski','wPi2vuG','4664025379',6000000,'BASIC','61d97e25-4d2f-11ec-abbb-02ef750e1fae',2,'dsperski7h','dsperski7h@youku.com'),(271,'89404 Red Cloud Parkway','Cortie Uzielli','imQ27nG','8311750855',6000000,'BASIC','61e7ade2-4d2f-11ec-abbb-02ef750e1fae',2,'cuzielli7i','cuzielli7i@devhub.com'),(272,'165 Westridge Center','Kizzee Tilte','HKGfROirdWA6','8773672113',6000000,'BASIC','61f6496b-4d2f-11ec-abbb-02ef750e1fae',1,'ktilte7j','ktilte7j@tiny.cc'),(273,'6 Messerschmidt Trail','Dillon Fairhurst','SqFZW0XB','7209917798',6000000,'BASIC','6205f695-4d2f-11ec-abbb-02ef750e1fae',2,'dfairhurst7k','dfairhurst7k@google.ca'),(274,'7718 Cardinal Hill','Claudius Muldoon','qogNIalzkq4C','4384997976',6000000,'BASIC','62154f8f-4d2f-11ec-abbb-02ef750e1fae',1,'cmuldoon7l','cmuldoon7l@businesswire.com'),(275,'55070 Blue Bill Park Hill','Caren Matthis','Mgucmus','2699482848',6000000,'BASIC','6224c782-4d2f-11ec-abbb-02ef750e1fae',2,'cmatthis7m','cmatthis7m@ebay.co.uk'),(276,'661 Mariners Cove Lane','Evered Marques','l9KZ28YSE','9931838235',6000000,'BASIC','6235b33c-4d2f-11ec-abbb-02ef750e1fae',2,'emarques7n','emarques7n@angelfire.com'),(277,'53104 Nelson Lane','Livvie Ayrs','jsS9IWaj','4567067566',6000000,'BASIC','624b6c32-4d2f-11ec-abbb-02ef750e1fae',2,'layrs7o','layrs7o@economist.com'),(278,'6994 Katie Way','Danya Silverwood','7P3XzMBBa','8928756097',6000000,'BASIC','62552827-4d2f-11ec-abbb-02ef750e1fae',1,'dsilverwood7p','dsilverwood7p@quantcast.com'),(279,'3 Shoshone Alley','Yoshi Bril','V2ngnptqVSCK','2942616932',6000000,'BASIC','628fa1c9-4d2f-11ec-abbb-02ef750e1fae',1,'ybril7q','ybril7q@g.co'),(280,'44104 Moulton Pass','Terri Adamsson','Q2xUPf7mT','8672790215',6000000,'BASIC','62a2e348-4d2f-11ec-abbb-02ef750e1fae',1,'tadamsson7r','tadamsson7r@deviantart.com'),(281,'92230 Oxford Hill','Daniella Skalls','kQKkYnGB','8911879143',6000000,'BASIC','62c7266e-4d2f-11ec-abbb-02ef750e1fae',2,'dskalls7s','dskalls7s@hibu.com'),(282,'62 Golden Leaf Way','Paulina Mepham','KsMQCYXagDcI','9063582017',6000000,'BASIC','62dfa23f-4d2f-11ec-abbb-02ef750e1fae',1,'pmepham7t','pmepham7t@blogspot.com'),(283,'74506 Evergreen Trail','Teresa Rutland','1YIiiD','5943752476',6000000,'BASIC','63191d65-4d2f-11ec-abbb-02ef750e1fae',2,'trutland7u','trutland7u@dailymotion.com'),(284,'09813 Thierer Avenue','Vonny Aldcorn','JfBQDP633ht','4694268254',6000000,'BASIC','632ea172-4d2f-11ec-abbb-02ef750e1fae',2,'valdcorn7v','valdcorn7v@stumbleupon.com'),(285,'79 Commercial Point','Dougie MacTrustie','yM50b9HiMZ','1542150379',6000000,'BASIC','633e07bb-4d2f-11ec-abbb-02ef750e1fae',1,'dmactrustie7w','dmactrustie7w@mozilla.org'),(286,'3 Kings Center','Kelby Clines','NXe2HpUD','2227490813',6000000,'BASIC','635137d7-4d2f-11ec-abbb-02ef750e1fae',2,'kclines7x','kclines7x@163.com'),(287,'3 Monument Drive','Phelia Sapshed','rk2RlGJ2scK','2675621485',6000000,'BASIC','635d1ccb-4d2f-11ec-abbb-02ef750e1fae',2,'psapshed7y','psapshed7y@linkedin.com'),(288,'0 4th Junction','Sadella Grassett','cdw1bD','2022965149',6000000,'BASIC','636eb9e6-4d2f-11ec-abbb-02ef750e1fae',1,'sgrassett7z','sgrassett7z@loc.gov'),(289,'6 Killdeer Junction','Rosalia Aisman','rk8ZJpmBJJYh','7379108403',6000000,'BASIC','637c87a0-4d2f-11ec-abbb-02ef750e1fae',2,'raisman80','raisman80@comsenz.com'),(290,'439 Golf Course Way','Elnar Guirau','LrLviAJ812','6437963851',6000000,'BASIC','638be1b6-4d2f-11ec-abbb-02ef750e1fae',1,'eguirau81','eguirau81@wix.com'),(291,'6 Elgar Point','Jasmin Saint','Ti2prR4ght','3035055163',6000000,'BASIC','63b5bbb0-4d2f-11ec-abbb-02ef750e1fae',2,'jsaint82','jsaint82@intel.com'),(292,'975 Randy Pass','Jarid Bothe','DhbRVyb9n','1731459360',6000000,'BASIC','63cba265-4d2f-11ec-abbb-02ef750e1fae',2,'jbothe83','jbothe83@posterous.com'),(293,'1188 Larry Park','Fidole Welsh','myvnnvDH','2155081022',6000000,'BASIC','63e9bd4d-4d2f-11ec-abbb-02ef750e1fae',2,'fwelsh84','fwelsh84@economist.com'),(294,'7 Caliangt Road','Barbara-anne Pooly','SpsUZiLF8K','5026364355',6000000,'BASIC','63fc73e4-4d2f-11ec-abbb-02ef750e1fae',2,'bpooly85','bpooly85@amazon.co.jp'),(295,'7 Barnett Parkway','Hortense Lucken','LZFg9f','3676742851',6000000,'BASIC','640a9ced-4d2f-11ec-abbb-02ef750e1fae',1,'hlucken86','hlucken86@delicious.com'),(296,'3347 Transport Pass','Brianna Johns','nTCAjvoZ1g','8036277053',6000000,'BASIC','641afcbf-4d2f-11ec-abbb-02ef750e1fae',2,'bjohns87','bjohns87@imgur.com'),(297,'6 Tony Plaza','Clarie Moorrud','6uhVGSA','5455992279',6000000,'BASIC','642e7ace-4d2f-11ec-abbb-02ef750e1fae',1,'cmoorrud88','cmoorrud88@zdnet.com'),(298,'79770 Swallow Park','Deonne Michal','3tBk47','2711815674',6000000,'BASIC','6442618d-4d2f-11ec-abbb-02ef750e1fae',1,'dmichal89','dmichal89@salon.com'),(299,'142 Charing Cross Avenue','Oby Del Checolo','8j48xlV2D6','2288453776',6000000,'BASIC','644d2934-4d2f-11ec-abbb-02ef750e1fae',1,'odel8a','odel8a@mashable.com'),(300,'192 Northfield Parkway','Louis Dearnaly','rd5d4gNMun','2743629448',6000000,'BASIC','6458dc07-4d2f-11ec-abbb-02ef750e1fae',2,'ldearnaly8b','ldearnaly8b@globo.com'),(301,'42544 Harbort Place','Matty Tappington','tJzuYZ9y','7771065732',6000000,'BASIC','646872ff-4d2f-11ec-abbb-02ef750e1fae',1,'mtappington8c','mtappington8c@tiny.cc'),(302,'8516 Haas Way','Bradley Collisson','Y606wmz8','6263291770',6000000,'BASIC','6476c32f-4d2f-11ec-abbb-02ef750e1fae',2,'bcollisson8d','bcollisson8d@telegraph.co.uk'),(303,'839 Dunning Center','Broddy Gaynsford','OQTjNVUFByi','2027310963',6000000,'BASIC','6487535d-4d2f-11ec-abbb-02ef750e1fae',1,'bgaynsford8e','bgaynsford8e@mit.edu'),(304,'80091 Mosinee Way','Larisa Simchenko','YGqv2I1FL','4481828278',6000000,'BASIC','64979b5b-4d2f-11ec-abbb-02ef750e1fae',1,'lsimchenko8f','lsimchenko8f@over-blog.com'),(305,'1316 Coleman Lane','Cody Crocroft','z0gWbLok','8172857406',6000000,'BASIC','64a690d5-4d2f-11ec-abbb-02ef750e1fae',2,'ccrocroft8g','ccrocroft8g@unc.edu'),(306,'7815 Green Ridge Hill','Barn Trimbey','xHw19N5n09','8167494609',6000000,'BASIC','64b63cd4-4d2f-11ec-abbb-02ef750e1fae',2,'btrimbey8h','btrimbey8h@accuweather.com'),(307,'5 Bashford Circle','Gram Bonde','KYjY19u97','2547519699',6000000,'BASIC','64c6bcaf-4d2f-11ec-abbb-02ef750e1fae',2,'gbonde8i','gbonde8i@thetimes.co.uk'),(308,'389 Ludington Plaza','Rayna Ebbage','eFEII323Ry0','7366566726',6000000,'BASIC','64f6dee7-4d2f-11ec-abbb-02ef750e1fae',1,'rebbage8j','rebbage8j@plala.or.jp'),(309,'60 Stone Corner Point','Ondrea Charopen','76qL3GMZcll','8086764633',6000000,'BASIC','65041a13-4d2f-11ec-abbb-02ef750e1fae',2,'ocharopen8k','ocharopen8k@e-recht24.de'),(310,'04736 Clove Trail','Fairleigh Elion','YAS07VICr','1895200691',6000000,'BASIC','65150829-4d2f-11ec-abbb-02ef750e1fae',2,'felion8l','felion8l@networksolutions.com'),(311,'2 Village Green Circle','Katalin Lynnett','I4jSGCQZY','3124579337',6000000,'BASIC','6524b562-4d2f-11ec-abbb-02ef750e1fae',1,'klynnett8m','klynnett8m@naver.com'),(312,'043 Eastwood Street','Lori Bilson','PGXl3G','9738747325',6000000,'BASIC','6531fb53-4d2f-11ec-abbb-02ef750e1fae',2,'lbilson8n','lbilson8n@ocn.ne.jp'),(313,'75 Colorado Center','Arlinda Corkill','ET9BzBZ','5946350901',6000000,'BASIC','65430ae3-4d2f-11ec-abbb-02ef750e1fae',2,'acorkill8o','acorkill8o@ftc.gov'),(314,'10 Mockingbird Way','Neila Hylden','Xf51HxtckNYx','2407502967',6000000,'BASIC','655133cd-4d2f-11ec-abbb-02ef750e1fae',2,'nhylden8p','nhylden8p@slashdot.org'),(315,'35 Esch Avenue','Octavius Nobriga','YxkvnYRh','9385739633',6000000,'BASIC','6560f691-4d2f-11ec-abbb-02ef750e1fae',2,'onobriga8q','onobriga8q@imageshack.us'),(316,'30188 1st Crossing','Lindy Dahlback','gOpy3D1Eadz','3647099552',6000000,'BASIC','6570d4b0-4d2f-11ec-abbb-02ef750e1fae',2,'ldahlback8r','ldahlback8r@google.es'),(317,'40 Summer Ridge Lane','Sherwin Ricciardello','ag6pCjwl','2947723427',6000000,'BASIC','65a1cb6a-4d2f-11ec-abbb-02ef750e1fae',2,'sricciardello8s','sricciardello8s@squarespace.com'),(318,'6691 Helena Street','Frederique Casbon','frpezYhqbK1','3367322532',6000000,'BASIC','661878a7-4d2f-11ec-abbb-02ef750e1fae',1,'fcasbon8t','fcasbon8t@mozilla.org'),(319,'0 Kedzie Plaza','Ericha Pittford','JzBfVG','7688175226',6000000,'BASIC','66b62c3f-4d2f-11ec-abbb-02ef750e1fae',1,'epittford8u','epittford8u@nhs.uk'),(320,'711 Porter Hill','Margarete Vayne','afJyoVf7z','7539223785',6000000,'BASIC','6708cd7d-4d2f-11ec-abbb-02ef750e1fae',1,'mvayne8v','mvayne8v@constantcontact.com'),(321,'12 Old Gate Court','Nelson Donaho','6Ats8eOB','6914182731',6000000,'BASIC','6717e6da-4d2f-11ec-abbb-02ef750e1fae',1,'ndonaho8w','ndonaho8w@wordpress.org'),(322,'6335 Dunning Avenue','Quinn Popple','2GNAHpcVZ41T','5379269660',6000000,'BASIC','67264b73-4d2f-11ec-abbb-02ef750e1fae',2,'qpopple8x','qpopple8x@mozilla.com'),(323,'30 Mitchell Junction','Humbert Rennard','UiY2YQ1t','7402316194',6000000,'BASIC','6736eb00-4d2f-11ec-abbb-02ef750e1fae',1,'hrennard8y','hrennard8y@dailymail.co.uk'),(324,'57651 Mitchell Terrace','Deeanne Chitson','Ppr5UdgAu','2933186098',6000000,'BASIC','67452528-4d2f-11ec-abbb-02ef750e1fae',1,'dchitson8z','dchitson8z@aboutads.info'),(325,'60 Sullivan Court','Lancelot Sargood','WgsVoHDsbOU','3189764086',6000000,'BASIC','676afc4f-4d2f-11ec-abbb-02ef750e1fae',2,'lsargood90','lsargood90@abc.net.au'),(326,'06 Blue Bill Park Trail','Austen Rosewall','q7hTruNo','9489196141',6000000,'BASIC','677f9dd3-4d2f-11ec-abbb-02ef750e1fae',2,'arosewall91','arosewall91@wikispaces.com'),(327,'606 Hintze Park','Glory Porte','GH4An7','3219595929',6000000,'BASIC','67934f97-4d2f-11ec-abbb-02ef750e1fae',1,'gporte92','gporte92@symantec.com'),(328,'35454 Charing Cross Parkway','Byran McGhie','Z7Sn4RCZ','8964782137',6000000,'BASIC','67a31130-4d2f-11ec-abbb-02ef750e1fae',2,'bmcghie93','bmcghie93@gmpg.org'),(329,'5749 Trailsway Crossing','Natal Duling','S61BsPQON62','7864027586',6000000,'BASIC','67b4571d-4d2f-11ec-abbb-02ef750e1fae',1,'nduling94','nduling94@goo.ne.jp'),(330,'949 Mallard Lane','Mathias Grishechkin','qnwP1gFeDi','1389318705',6000000,'BASIC','67c28ffe-4d2f-11ec-abbb-02ef750e1fae',2,'mgrishechkin95','mgrishechkin95@foxnews.com'),(331,'5790 Eastlawn Alley','Dalila Newstead','2tdAOl','6511151630',6000000,'BASIC','67d1f59a-4d2f-11ec-abbb-02ef750e1fae',1,'dnewstead96','dnewstead96@usa.gov'),(332,'1037 Bunker Hill Junction','Teodoor Antrobus','eRke3kAfect','7682037962',6000000,'BASIC','67e59b03-4d2f-11ec-abbb-02ef750e1fae',2,'tantrobus97','tantrobus97@vkontakte.ru'),(333,'7857 Beilfuss Circle','Vance Baggarley','6bOtiVlbb6n','4802066106',6000000,'BASIC','67f213d9-4d2f-11ec-abbb-02ef750e1fae',1,'vbaggarley98','vbaggarley98@diigo.com'),(334,'8536 Barby Alley','Adelle Farnorth','9tyzEaT','4745777111',6000000,'BASIC','6800f306-4d2f-11ec-abbb-02ef750e1fae',1,'afarnorth99','afarnorth99@paypal.com'),(335,'94 Cherokee Trail','Phil Clemente','pvsRqc','5255424010',6000000,'BASIC','6813d8ea-4d2f-11ec-abbb-02ef750e1fae',2,'pclemente9a','pclemente9a@dot.gov'),(336,'58 Ridge Oak Plaza','Hubie McKeating','lLBripK','8638323204',6000000,'BASIC','682a67ea-4d2f-11ec-abbb-02ef750e1fae',2,'hmckeating9b','hmckeating9b@123-reg.co.uk'),(337,'613 Birchwood Parkway','Fee Meadowcraft','2ooMLdyaP','3423990829',6000000,'BASIC','68364051-4d2f-11ec-abbb-02ef750e1fae',2,'fmeadowcraft9c','fmeadowcraft9c@1und1.de'),(338,'45369 Roxbury Park','Jonie Kedie','KisHRfH3rkGe','8725737016',6000000,'BASIC','68408e6b-4d2f-11ec-abbb-02ef750e1fae',1,'jkedie9d','jkedie9d@storify.com'),(339,'080 Pankratz Hill','Zacharias Richmond','394qlR','3577558604',6000000,'BASIC','685289ba-4d2f-11ec-abbb-02ef750e1fae',1,'zrichmond9e','zrichmond9e@who.int'),(340,'498 Loomis Park','Danna Persey','7HlwVw7vz','5968257040',6000000,'BASIC','685febab-4d2f-11ec-abbb-02ef750e1fae',1,'dpersey9f','dpersey9f@epa.gov'),(341,'185 Wayridge Plaza','Didi Kinnach','DiA6ehsD','3768655434',6000000,'BASIC','686e3368-4d2f-11ec-abbb-02ef750e1fae',2,'dkinnach9g','dkinnach9g@youtu.be'),(342,'4 Pawling Road','Rivy Lannon','ZOpdCLJ07N','1625971904',6000000,'BASIC','687e9bea-4d2f-11ec-abbb-02ef750e1fae',1,'rlannon9h','rlannon9h@live.com'),(343,'291 South Park','Rossy Du Hamel','Fc3ji6jM6','9595312149',6000000,'BASIC','688d8775-4d2f-11ec-abbb-02ef750e1fae',1,'rdu9i','rdu9i@ucoz.ru'),(344,'91 Shopko Terrace','Care Byart','XbXv6XN90Df','1651981920',6000000,'BASIC','689cff0f-4d2f-11ec-abbb-02ef750e1fae',1,'cbyart9j','cbyart9j@wikispaces.com'),(345,'063 Ryan Way','Storm Shilton','RCbpYCfxF','6475503253',6000000,'BASIC','68ac849f-4d2f-11ec-abbb-02ef750e1fae',2,'sshilton9k','sshilton9k@tiny.cc'),(346,'4850 Blaine Trail','Vania Durrad','1eBZ99Ys','8908252181',6000000,'BASIC','68ebce47-4d2f-11ec-abbb-02ef750e1fae',1,'vdurrad9l','vdurrad9l@unc.edu'),(347,'4912 Gulseth Parkway','Rosabel Stirland','B83aioeUeeSS','6542620179',6000000,'BASIC','6911f6c7-4d2f-11ec-abbb-02ef750e1fae',1,'rstirland9m','rstirland9m@japanpost.jp'),(348,'7097 Pearson Pass','Bendick Haldin','Juy4RwV5K56','5576142181',6000000,'BASIC','691a1b7f-4d2f-11ec-abbb-02ef750e1fae',2,'bhaldin9n','bhaldin9n@symantec.com'),(349,'0 Thompson Terrace','Nealy Chidwick','d4TzjK1Jx','2094966362',6000000,'BASIC','692af8c4-4d2f-11ec-abbb-02ef750e1fae',1,'nchidwick9o','nchidwick9o@people.com.cn'),(350,'025 Fallview Park','Beverlie Werlock','8UdAZEN0q1','9551528399',6000000,'BASIC','6949074c-4d2f-11ec-abbb-02ef750e1fae',2,'bwerlock9p','bwerlock9p@prweb.com'),(351,'6 Nova Place','Netti Mallock','HsRdKtX0','2425630441',6000000,'BASIC','69772309-4d2f-11ec-abbb-02ef750e1fae',2,'nmallock9q','nmallock9q@yellowbook.com'),(352,'2 Sutteridge Hill','Viki Dobing','8SxJ7VFV5D','1314057900',6000000,'BASIC','698a606c-4d2f-11ec-abbb-02ef750e1fae',2,'vdobing9r','vdobing9r@whitehouse.gov'),(353,'51296 Fairview Hill','Ced Paolo','G2RiiuH','4059172431',6000000,'BASIC','69d83b7f-4d2f-11ec-abbb-02ef750e1fae',1,'cpaolo9s','cpaolo9s@narod.ru'),(354,'291 Melody Court','Donnie Longhorne','NGVLVaYEQRw','7574499910',6000000,'BASIC','69f6bcbe-4d2f-11ec-abbb-02ef750e1fae',1,'dlonghorne9t','dlonghorne9t@psu.edu'),(355,'67 Loeprich Trail','Claudius Klaggeman','cJdEtNns','2269042392',6000000,'BASIC','6a0484a5-4d2f-11ec-abbb-02ef750e1fae',2,'cklaggeman9u','cklaggeman9u@clickbank.net'),(356,'3912 Browning Way','Aubrie Vobes','OaorsNMO05','4372604243',6000000,'BASIC','6a14514e-4d2f-11ec-abbb-02ef750e1fae',1,'avobes9v','avobes9v@google.fr'),(357,'90447 Di Loreto Way','Delphine Pancost','ij2XjL','7733580194',6000000,'BASIC','6a237edc-4d2f-11ec-abbb-02ef750e1fae',2,'dpancost9w','dpancost9w@mail.ru'),(358,'0 Eastwood Drive','Larina Taffurelli','iZz9yVcbvhD','3353931817',6000000,'BASIC','6a336138-4d2f-11ec-abbb-02ef750e1fae',2,'ltaffurelli9x','ltaffurelli9x@mozilla.org'),(359,'817 Badeau Pass','Gustaf Lideard','6uG9Fc','6897128429',6000000,'BASIC','6a431fc9-4d2f-11ec-abbb-02ef750e1fae',2,'glideard9y','glideard9y@pinterest.com'),(360,'10 Arrowood Road','Mozes Fedynski','MNQngvX','5455880675',6000000,'BASIC','6a529b71-4d2f-11ec-abbb-02ef750e1fae',2,'mfedynski9z','mfedynski9z@oracle.com'),(361,'855 New Castle Street','Faustina Brennenstuhl','Lk170MM','4248083271',6000000,'BASIC','6a88a96e-4d2f-11ec-abbb-02ef750e1fae',1,'fbrennenstuhla0','fbrennenstuhla0@histats.com'),(362,'3804 Hanson Parkway','Riccardo Rosendall','9HGJr36K0','8925454032',6000000,'BASIC','6a912b08-4d2f-11ec-abbb-02ef750e1fae',1,'rrosendalla1','rrosendalla1@java.com'),(363,'96744 Nobel Park','Giulio Claypoole','LjpPO1R','2994662007',6000000,'BASIC','6aa6582c-4d2f-11ec-abbb-02ef750e1fae',1,'gclaypoolea2','gclaypoolea2@google.co.uk'),(364,'2607 Larry Point','Tuckie Edmans','Ztb6wt6IEdr','2534676720',6000000,'BASIC','6ab247bd-4d2f-11ec-abbb-02ef750e1fae',2,'tedmansa3','tedmansa3@sohu.com'),(365,'3861 Lindbergh Hill','Louise Blackborne','YPmxn7e','2661044387',6000000,'BASIC','6ac7e7f4-4d2f-11ec-abbb-02ef750e1fae',1,'lblackbornea4','lblackbornea4@cmu.edu'),(366,'465 Schlimgen Place','Kendrick Raithmill','luMWzE5N1','9909964163',6000000,'BASIC','6ad0a516-4d2f-11ec-abbb-02ef750e1fae',1,'kraithmilla5','kraithmilla5@vimeo.com'),(367,'13114 Dryden Lane','Cassey Poolton','D0gppnar1i','8546638275',6000000,'BASIC','6ae09bae-4d2f-11ec-abbb-02ef750e1fae',1,'cpooltona6','cpooltona6@paginegialle.it'),(368,'950 Eliot Center','Claudell Neath','S9YyKGYoeD','9563766786',6000000,'BASIC','6af20713-4d2f-11ec-abbb-02ef750e1fae',1,'cneatha7','cneatha7@nbcnews.com'),(369,'3 Bluestem Crossing','Deva Symonds','ZldlPnwTvnuu','2381347629',6000000,'BASIC','6b10ce20-4d2f-11ec-abbb-02ef750e1fae',1,'dsymondsa8','dsymondsa8@dailymail.co.uk'),(370,'74 Debra Lane','Cecilia Balch','nStbvn0','6895030685',6000000,'BASIC','6b1f01be-4d2f-11ec-abbb-02ef750e1fae',2,'cbalcha9','cbalcha9@gmpg.org'),(371,'5 Lyons Street','Rozelle Surcombe','SlpWdobFyVHC','6021406512',6000000,'BASIC','6b2e73d3-4d2f-11ec-abbb-02ef750e1fae',2,'rsurcombeaa','rsurcombeaa@rediff.com'),(372,'0742 Badeau Way','Valma Fenech','Nk2AaUsu8N','5058658631',6000000,'BASIC','6b3d030e-4d2f-11ec-abbb-02ef750e1fae',1,'vfenechab','vfenechab@theguardian.com'),(373,'10822 Crowley Street','Allianora Peat','NETcUdI7','3532133935',6000000,'BASIC','6b4ca6c3-4d2f-11ec-abbb-02ef750e1fae',2,'apeatac','apeatac@indiegogo.com'),(374,'62387 Northwestern Court','Brice Plastow','FHhwDflM','2774571949',6000000,'BASIC','6b5c147d-4d2f-11ec-abbb-02ef750e1fae',1,'bplastowad','bplastowad@devhub.com'),(375,'48769 Green Ridge Junction','Rennie Doust','vhmryXjp8C','9689562495',6000000,'BASIC','6b6bc6e9-4d2f-11ec-abbb-02ef750e1fae',1,'rdoustae','rdoustae@drupal.org'),(376,'66 Rigney Plaza','Roley Senechell','WLQGp77Q','9186577537',6000000,'BASIC','6b7b1b58-4d2f-11ec-abbb-02ef750e1fae',2,'rsenechellaf','rsenechellaf@icio.us'),(377,'524 Golden Leaf Way','Jorrie Fruish','d2erLE','7862589566',6000000,'BASIC','6b8fb924-4d2f-11ec-abbb-02ef750e1fae',2,'jfruishag','jfruishag@unesco.org'),(378,'55 Menomonie Street','Alasteir Pawlick','Wa2loAd1','4742806007',6000000,'BASIC','6ba129ad-4d2f-11ec-abbb-02ef750e1fae',2,'apawlickah','apawlickah@de.vu'),(379,'3 Aberg Trail','Carolyn Yeats','uloRjVKX5YVw','1694161311',6000000,'BASIC','6baa6b89-4d2f-11ec-abbb-02ef750e1fae',1,'cyeatsai','cyeatsai@desdev.cn'),(380,'28 Commercial Terrace','Porter Bisacre','zZFpJ2f5lq','3253334285',6000000,'BASIC','6bba0eff-4d2f-11ec-abbb-02ef750e1fae',1,'pbisacreaj','pbisacreaj@skyrock.com'),(381,'9524 Green Place','Mil Nardoni','fk0LkFZM40','1474298507',6000000,'BASIC','6bd15f99-4d2f-11ec-abbb-02ef750e1fae',1,'mnardoniak','mnardoniak@163.com'),(382,'00 Holmberg Parkway','Brigida Oggers','oB8DYMg2x0yJ','8229202407',6000000,'BASIC','6bf13762-4d2f-11ec-abbb-02ef750e1fae',1,'boggersal','boggersal@deliciousdays.com'),(383,'822 Artisan Alley','Layton Pember','alhlP7n8vQ','4453804425',6000000,'BASIC','6c0860ff-4d2f-11ec-abbb-02ef750e1fae',1,'lpemberam','lpemberam@printfriendly.com'),(384,'27495 Cordelia Terrace','Sloane Wiburn','lA6En53g','9588758504',6000000,'BASIC','6c17af47-4d2f-11ec-abbb-02ef750e1fae',2,'swiburnan','swiburnan@multiply.com'),(385,'5547 Park Meadow Plaza','Aggie Powley','4MKnaGWETO','9315833087',6000000,'BASIC','6c27aa5b-4d2f-11ec-abbb-02ef750e1fae',2,'apowleyao','apowleyao@smh.com.au'),(386,'47 Anhalt Road','Lionel Payn','VsPb5fd','8058721385',6000000,'BASIC','6c36af59-4d2f-11ec-abbb-02ef750e1fae',2,'lpaynap','lpaynap@ibm.com'),(387,'763 Fulton Street','Tanner Goodrick','APdm54MIMy','2244002437',6000000,'BASIC','6c51d289-4d2f-11ec-abbb-02ef750e1fae',1,'tgoodrickaq','tgoodrickaq@flavors.me'),(388,'252 Erie Junction','Tommie Tennewell','Cqc67D','1156558903',6000000,'BASIC','6c6e8680-4d2f-11ec-abbb-02ef750e1fae',1,'ttennewellar','ttennewellar@hao123.com'),(389,'0349 Haas Drive','Jannelle Tern','9efffQ','1457993881',6000000,'BASIC','6c7a7f1d-4d2f-11ec-abbb-02ef750e1fae',1,'jternas','jternas@who.int'),(390,'0628 Anthes Point','Smith Jowett','QSpMhwM60bkY','6189349183',6000000,'BASIC','6c84e338-4d2f-11ec-abbb-02ef750e1fae',1,'sjowettat','sjowettat@ustream.tv'),(391,'53080 Gina Place','Jessalin Greener','B2LR1bowPDt6','7084397540',6000000,'BASIC','6c947fde-4d2f-11ec-abbb-02ef750e1fae',1,'jgreenerau','jgreenerau@fastcompany.com'),(392,'2642 Toban Circle','Jory Blasl','it6e99','6231312468',6000000,'BASIC','6ca5cf42-4d2f-11ec-abbb-02ef750e1fae',2,'jblaslav','jblaslav@barnesandnoble.com'),(393,'0137 American Ash Way','Denise Collison','XFYrXpBj','4484572780',6000000,'BASIC','6cbbf179-4d2f-11ec-abbb-02ef750e1fae',1,'dcollisonaw','dcollisonaw@omniture.com'),(394,'56542 Barby Parkway','Emilia Thackray','X8VTFBt','6025584988',6000000,'BASIC','6cc38a7f-4d2f-11ec-abbb-02ef750e1fae',2,'ethackrayax','ethackrayax@tinyurl.com'),(395,'83 Kinsman Park','Marisa Ruggs','ufFGdhl','5524379215',6000000,'BASIC','6cd37ac0-4d2f-11ec-abbb-02ef750e1fae',2,'mruggsay','mruggsay@dyndns.org'),(396,'1 Mayfield Way','Adriane Childs','gyMsEVQCl','8334262688',6000000,'BASIC','6ce462f1-4d2f-11ec-abbb-02ef750e1fae',1,'achildsaz','achildsaz@ed.gov'),(397,'0 Dixon Parkway','Ivonne Blockwell','RBFr9X','3243635320',6000000,'BASIC','6cf2af04-4d2f-11ec-abbb-02ef750e1fae',2,'iblockwellb0','iblockwellb0@europa.eu'),(398,'63 Donald Terrace','Myles Airlie','EVItJmRmVq','1467689570',6000000,'BASIC','6d07e786-4d2f-11ec-abbb-02ef750e1fae',2,'mairlieb1','mairlieb1@hhs.gov'),(399,'96 Hollow Ridge Parkway','Booth Godmar','H9NErgV6jj','3967269392',6000000,'BASIC','6d124462-4d2f-11ec-abbb-02ef750e1fae',1,'bgodmarb2','bgodmarb2@behance.net'),(400,'1257 Merry Parkway','Aigneis MacMenamie','uNOKuH','6291211527',6000000,'BASIC','6d32cd73-4d2f-11ec-abbb-02ef750e1fae',2,'amacmenamieb3','amacmenamieb3@pbs.org'),(401,'89 Katie Trail','Woodman McManamen','jLAnwdQu','4935203574',6000000,'BASIC','6d4286c1-4d2f-11ec-abbb-02ef750e1fae',2,'wmcmanamenb4','wmcmanamenb4@jimdo.com'),(402,'022 Talmadge Crossing','Annaliese Weare','RnpKjE','7767826139',6000000,'BASIC','6d51621d-4d2f-11ec-abbb-02ef750e1fae',2,'aweareb5','aweareb5@cnet.com'),(403,'89 Fieldstone Point','Anderson Drinnan','FmJaQB3Aa9WH','2903512042',6000000,'BASIC','6d6aaf23-4d2f-11ec-abbb-02ef750e1fae',2,'adrinnanb6','adrinnanb6@netvibes.com'),(404,'7 Blue Bill Park Crossing','Arin Jencken','mT5gZgN6','9922057757',6000000,'BASIC','6d746b1f-4d2f-11ec-abbb-02ef750e1fae',1,'ajenckenb7','ajenckenb7@sina.com.cn'),(405,'40 Mallard Way','Bevon Wade','zpnu1tU','6091220604',6000000,'BASIC','6d924233-4d2f-11ec-abbb-02ef750e1fae',1,'bwadeb8','bwadeb8@linkedin.com'),(406,'6 Golf Hill','Daryl Westmacott','Ohdt9g1W2Uth','5665685013',6000000,'BASIC','6da6f00e-4d2f-11ec-abbb-02ef750e1fae',1,'dwestmacottb9','dwestmacottb9@topsy.com'),(407,'89278 Independence Way','Ceciley Dockwra','aKEsfhyfK','5119851685',6000000,'BASIC','6db233d6-4d2f-11ec-abbb-02ef750e1fae',1,'cdockwraba','cdockwraba@va.gov'),(408,'80309 Linden Crossing','Stan Trassler','ub8wT4o','4347295701',6000000,'BASIC','6dc1e4a6-4d2f-11ec-abbb-02ef750e1fae',2,'strasslerbb','strasslerbb@yandex.ru'),(409,'20432 Stang Trail','Bibi Kleinerman','LNL4pTFKK','1564927291',6000000,'BASIC','6dd06f0a-4d2f-11ec-abbb-02ef750e1fae',1,'bkleinermanbc','bkleinermanbc@redcross.org'),(410,'426 Chive Way','Mart Baskeyfied','DhM2nV7sywdQ','7274684722',6000000,'BASIC','6ddd1bb3-4d2f-11ec-abbb-02ef750e1fae',2,'mbaskeyfiedbd','mbaskeyfiedbd@about.me'),(411,'796 Graedel Terrace','Luigi Beiderbecke','312lZgC','5383256264',6000000,'BASIC','6df33778-4d2f-11ec-abbb-02ef750e1fae',2,'lbeiderbeckebe','lbeiderbeckebe@godaddy.com'),(412,'7 Logan Junction','Hakeem Dumphreys','FLoLzlMl','8427872414',6000000,'BASIC','6e0719ed-4d2f-11ec-abbb-02ef750e1fae',2,'hdumphreysbf','hdumphreysbf@blogger.com'),(413,'6524 David Parkway','Hetty Moncreif','CwTE3AA','8232961583',6000000,'BASIC','6e1f2353-4d2f-11ec-abbb-02ef750e1fae',2,'hmoncreifbg','hmoncreifbg@fda.gov'),(414,'5070 Anthes Crossing','Lydie Ivankin','SdyhuRAyLUp','2381540864',6000000,'BASIC','6e2f508b-4d2f-11ec-abbb-02ef750e1fae',1,'livankinbh','livankinbh@yale.edu'),(415,'8236 Fairfield Court','Nonie Phoebe','9ljOMA2','5218098304',6000000,'BASIC','6e3a9f2d-4d2f-11ec-abbb-02ef750e1fae',2,'nphoebebi','nphoebebi@storify.com'),(416,'066 Redwing Road','Miner Eyckelberg','MNJDg20DVa','1309303966',6000000,'BASIC','6e4a29ad-4d2f-11ec-abbb-02ef750e1fae',2,'meyckelbergbj','meyckelbergbj@unicef.org'),(417,'8565 Granby Alley','Lisbeth Chaudhry','fEUov1p0Px','2115665736',6000000,'BASIC','6e5fb5dc-4d2f-11ec-abbb-02ef750e1fae',2,'lchaudhrybk','lchaudhrybk@ucoz.ru'),(418,'2067 Quincy Crossing','Vic Buckby','zaeXf4bakxKa','3186165021',6000000,'BASIC','6e6966e2-4d2f-11ec-abbb-02ef750e1fae',2,'vbuckbybl','vbuckbybl@pinterest.com'),(419,'2844 Ruskin Terrace','Diarmid Plaster','8s0uLIZiWf','8094937152',6000000,'BASIC','6e7f6a07-4d2f-11ec-abbb-02ef750e1fae',2,'dplasterbm','dplasterbm@telegraph.co.uk'),(420,'70 Thierer Terrace','Helyn Chapellow','pf7kIAhIb69','1861567694',6000000,'BASIC','6e8e4230-4d2f-11ec-abbb-02ef750e1fae',1,'hchapellowbn','hchapellowbn@nifty.com'),(421,'9 Delaware Drive','Wenonah Valens-Smith','XF5uXWT','2671468170',6000000,'BASIC','6f93f5bd-4d2f-11ec-abbb-02ef750e1fae',2,'wvalenssmithbo','wvalenssmithbo@webeden.co.uk'),(422,'93 Iowa Point','Vanya Lock','DU57oUH2pf1T','5176111208',6000000,'BASIC','6fb040d6-4d2f-11ec-abbb-02ef750e1fae',2,'vlockbp','vlockbp@noaa.gov'),(423,'9696 Manley Crossing','Dom Garaway','7HWeJTkyhgV','4763303502',6000000,'BASIC','6fc35254-4d2f-11ec-abbb-02ef750e1fae',2,'dgarawaybq','dgarawaybq@mediafire.com'),(424,'0969 Sachs Street','Austina Crinage','R8T3NaUp9b','9193135687',6000000,'BASIC','6fea9df8-4d2f-11ec-abbb-02ef750e1fae',1,'acrinagebr','acrinagebr@youtu.be'),(425,'47 Anhalt Lane','Nichol Gilbride','sZAh6e','5736165098',6000000,'BASIC','6ffac6d6-4d2f-11ec-abbb-02ef750e1fae',1,'ngilbridebs','ngilbridebs@drupal.org'),(426,'46639 Shasta Street','Randall Baggaley','gp4MWImW','1854354981',6000000,'BASIC','701c9d82-4d2f-11ec-abbb-02ef750e1fae',1,'rbaggaleybt','rbaggaleybt@de.vu'),(427,'62890 Moose Hill','Isidore Aleshkov','oFQLI1A2','7652082041',6000000,'BASIC','702feb26-4d2f-11ec-abbb-02ef750e1fae',1,'ialeshkovbu','ialeshkovbu@icio.us'),(428,'43 Elgar Road','Lalo Frankton','dPMVlBF','4588947871',6000000,'BASIC','704334d6-4d2f-11ec-abbb-02ef750e1fae',2,'lfranktonbv','lfranktonbv@illinois.edu'),(429,'1 Laurel Lane','Dolli Corneljes','JHaKjE','6004085779',6000000,'BASIC','7060dc8f-4d2f-11ec-abbb-02ef750e1fae',2,'dcorneljesbw','dcorneljesbw@comcast.net'),(430,'214 Westport Road','Errol Adamowitz','5mTdQvnp','5429678417',6000000,'BASIC','70939555-4d2f-11ec-abbb-02ef750e1fae',2,'eadamowitzbx','eadamowitzbx@goo.gl'),(431,'6 Division Road','Minny Dumbelton','kbJmv9eV1u','3816460568',6000000,'BASIC','70b46bba-4d2f-11ec-abbb-02ef750e1fae',2,'mdumbeltonby','mdumbeltonby@facebook.com'),(432,'6629 Tennyson Terrace','Barnabas Spillman','F1h1w2udlyP','4058235472',6000000,'BASIC','70bca808-4d2f-11ec-abbb-02ef750e1fae',1,'bspillmanbz','bspillmanbz@businesswire.com'),(433,'747 Onsgard Park','Jourdan Hiland','brTXLwf','7033937789',6000000,'BASIC','70e0fc60-4d2f-11ec-abbb-02ef750e1fae',1,'jhilandc0','jhilandc0@google.com.br'),(434,'67 Gulseth Point','Brooks Brownsworth','4y9LikKpeKfG','5295969519',6000000,'BASIC','70ee5fc7-4d2f-11ec-abbb-02ef750e1fae',1,'bbrownsworthc1','bbrownsworthc1@mlb.com'),(435,'23 6th Court','Barbie McGibbon','8iK3E8vXJH5I','3643336700',6000000,'BASIC','711bbe7b-4d2f-11ec-abbb-02ef750e1fae',2,'bmcgibbonc2','bmcgibbonc2@sphinn.com'),(436,'931 Red Cloud Parkway','Alfonse Schrader','rKEIZZLOLRDt','6401390141',6000000,'BASIC','713a1c73-4d2f-11ec-abbb-02ef750e1fae',2,'aschraderc3','aschraderc3@surveymonkey.com'),(437,'36 Parkside Street','Krishnah Vernalls','FD7RLDW08UN4','8837911133',6000000,'BASIC','7148cc97-4d2f-11ec-abbb-02ef750e1fae',2,'kvernallsc4','kvernallsc4@infoseek.co.jp'),(438,'420 Forest Crossing','Jareb Firk','Gu3OgF2NxVdb','2852036217',6000000,'BASIC','715d3389-4d2f-11ec-abbb-02ef750e1fae',1,'jfirkc5','jfirkc5@youtu.be'),(439,'142 Gulseth Crossing','Duke Durrand','KDZBfY7k','9617609377',6000000,'BASIC','71671de2-4d2f-11ec-abbb-02ef750e1fae',2,'ddurrandc6','ddurrandc6@cbsnews.com'),(440,'4454 Hoffman Pass','Steward Anderl','cSfhzqfY','3429096643',6000000,'BASIC','718877eb-4d2f-11ec-abbb-02ef750e1fae',2,'sanderlc7','sanderlc7@blinklist.com'),(441,'0831 5th Parkway','Humfrid Shapera','3Rg4pms','1853386856',6000000,'BASIC','719977f2-4d2f-11ec-abbb-02ef750e1fae',2,'hshaperac8','hshaperac8@youku.com'),(442,'2 Sherman Crossing','Moina Frostick','V5dhPvq7JB','4449836488',6000000,'BASIC','71ab51d6-4d2f-11ec-abbb-02ef750e1fae',1,'mfrostickc9','mfrostickc9@umich.edu'),(443,'9 Harbort Crossing','Normy Dodamead','7BxGeVOyu','7972333146',6000000,'BASIC','71c01356-4d2f-11ec-abbb-02ef750e1fae',1,'ndodameadca','ndodameadca@theatlantic.com'),(444,'06817 Weeping Birch Trail','Raquela Oosthout de Vree','AQD7AU4gKj7','9948523465',6000000,'BASIC','72055044-4d2f-11ec-abbb-02ef750e1fae',2,'roosthoutcb','roosthoutcb@webeden.co.uk'),(445,'9 Debs Center','Hestia Adcocks','oRX1vzvqSad9','2544439030',6000000,'BASIC','7212bd72-4d2f-11ec-abbb-02ef750e1fae',2,'hadcockscc','hadcockscc@odnoklassniki.ru'),(446,'7 Jenifer Alley','Durand Pringley','b3XjJGcZA','3401560002',6000000,'BASIC','7225b077-4d2f-11ec-abbb-02ef750e1fae',2,'dpringleycd','dpringleycd@diigo.com'),(447,'264 Gerald Crossing','Zena Rehorek','DWtPBTOTwH','3608039365',6000000,'BASIC','723dc653-4d2f-11ec-abbb-02ef750e1fae',2,'zrehorekce','zrehorekce@nationalgeographic.com'),(448,'67308 Schiller Lane','Mariska Vondrasek','6HO00d9mb7PX','3669216866',6000000,'BASIC','7253bda2-4d2f-11ec-abbb-02ef750e1fae',1,'mvondrasekcf','mvondrasekcf@japanpost.jp'),(449,'7984 Menomonie Terrace','Tabby Booth-Jarvis','4P1MZ9BqdBNc','4817990188',6000000,'BASIC','7260f6f3-4d2f-11ec-abbb-02ef750e1fae',1,'tboothjarviscg','tboothjarviscg@wikia.com'),(450,'37 Basil Court','Angelita Goulding','aRFOW7vdEuGk','5801953754',6000000,'BASIC','728b2dca-4d2f-11ec-abbb-02ef750e1fae',2,'agouldingch','agouldingch@trellian.com'),(451,'3 Caliangt Pass','Ly Dymoke','SXigtZSZCG5K','4336869598',6000000,'BASIC','72a11251-4d2f-11ec-abbb-02ef750e1fae',2,'ldymokeci','ldymokeci@house.gov'),(452,'58 Brentwood Lane','Corey Fentem','ST6pfo2','5547286418',6000000,'BASIC','72c256c5-4d2f-11ec-abbb-02ef750e1fae',2,'cfentemcj','cfentemcj@google.cn'),(453,'152 Corben Alley','Welsh Gilchrest','CHHsk1O7RXr0','6083477854',6000000,'BASIC','72cf94d3-4d2f-11ec-abbb-02ef750e1fae',1,'wgilchrestck','wgilchrestck@reddit.com'),(454,'910 Dapin Pass','Nealy Semken','AlXCXFH','1642868820',6000000,'BASIC','72de2374-4d2f-11ec-abbb-02ef750e1fae',2,'nsemkencl','nsemkencl@de.vu'),(455,'4 Rieder Alley','Bert Blamey','tB0YCHTrURBF','8939993456',6000000,'BASIC','72ef4194-4d2f-11ec-abbb-02ef750e1fae',1,'bblameycm','bblameycm@gravatar.com'),(456,'5 Schmedeman Junction','Dawn Whittlesea','nV3nyS1v','6184571061',6000000,'BASIC','7300e82e-4d2f-11ec-abbb-02ef750e1fae',1,'dwhittleseacn','dwhittleseacn@flavors.me'),(457,'9 Golf Course Way','Jesus Estevez','KoNprYBo8e','3576228496',6000000,'BASIC','730e296b-4d2f-11ec-abbb-02ef750e1fae',1,'jestevezco','jestevezco@sohu.com'),(458,'63 Dayton Avenue','Shepperd Izatt','Iqr70EkJsOo','6668361526',6000000,'BASIC','731ed712-4d2f-11ec-abbb-02ef750e1fae',1,'sizattcp','sizattcp@myspace.com'),(459,'45203 Montana Parkway','Clarisse Bratten','t49g9QOj1wIY','6051234837',6000000,'BASIC','7350ef91-4d2f-11ec-abbb-02ef750e1fae',1,'cbrattencq','cbrattencq@xinhuanet.com'),(460,'0840 Bluestem Street','Sigismond Ruzicka','QDqWoC3O6','5416283229',6000000,'BASIC','735b6a20-4d2f-11ec-abbb-02ef750e1fae',1,'sruzickacr','sruzickacr@wsj.com'),(461,'274 Fisk Pass','Collette Gianettini','JGOAdi1O','2257032519',6000000,'BASIC','736ddbeb-4d2f-11ec-abbb-02ef750e1fae',2,'cgianettinics','cgianettinics@dedecms.com'),(462,'1 Loftsgordon Trail','Trev Milstead','kWMZrtc','4088097921',6000000,'BASIC','737bce96-4d2f-11ec-abbb-02ef750e1fae',2,'tmilsteadct','tmilsteadct@e-recht24.de'),(463,'2 Lake View Junction','Tiebold Fargher','3fZDaiDMX','4704558673',6000000,'BASIC','738af158-4d2f-11ec-abbb-02ef750e1fae',2,'tfarghercu','tfarghercu@smh.com.au'),(464,'3 Tony Point','Cirilo Soars','89smtzGLwlV','8197129016',6000000,'BASIC','7399ef46-4d2f-11ec-abbb-02ef750e1fae',2,'csoarscv','csoarscv@ustream.tv'),(465,'4991 Schlimgen Drive','Mair Ruddock','5Np8c7imTun','9973700725',6000000,'BASIC','73b54ac2-4d2f-11ec-abbb-02ef750e1fae',1,'mruddockcw','mruddockcw@wikipedia.org'),(466,'34788 Fieldstone Park','Skippy Terrill','FHLTq5Wn','5462259847',6000000,'BASIC','73d00767-4d2f-11ec-abbb-02ef750e1fae',1,'sterrillcx','sterrillcx@shop-pro.jp'),(467,'18136 Maywood Road','Raviv McCraine','bYm7hG3R4fX','8945700314',6000000,'BASIC','73dc5c83-4d2f-11ec-abbb-02ef750e1fae',1,'rmccrainecy','rmccrainecy@google.co.uk'),(468,'1 Meadow Valley Crossing','Lisabeth Dillingstone','U56U2jt6UJz','4572483517',6000000,'BASIC','73e9e023-4d2f-11ec-abbb-02ef750e1fae',2,'ldillingstonecz','ldillingstonecz@amazon.com'),(469,'8 Crest Line Center','Ernaline Brodley','vUmYmwQzfT','9839896902',6000000,'BASIC','73f88d84-4d2f-11ec-abbb-02ef750e1fae',1,'ebrodleyd0','ebrodleyd0@google.pl'),(470,'5455 Schmedeman Place','Arlin Martland','APkA70yEl','8584449151',6000000,'BASIC','740747d7-4d2f-11ec-abbb-02ef750e1fae',2,'amartlandd1','amartlandd1@nifty.com'),(471,'25322 Charing Cross Center','Kendrick Hardes','mWncnQUc97','4791214207',6000000,'BASIC','741b2f14-4d2f-11ec-abbb-02ef750e1fae',2,'khardesd2','khardesd2@chronoengine.com'),(472,'27 Golf View Center','Murry Oels','fOCd8SxHN0','1711372256',6000000,'BASIC','74265178-4d2f-11ec-abbb-02ef750e1fae',2,'moelsd3','moelsd3@yellowbook.com'),(473,'3 Logan Way','Hailee Jakeman','GNDli6Km','3284481649',6000000,'BASIC','7437a48a-4d2f-11ec-abbb-02ef750e1fae',1,'hjakemand4','hjakemand4@cdc.gov'),(474,'588 Anhalt Circle','Jeffrey Cuffe','yszfhKDaiKG6','2716181299',6000000,'BASIC','7447f76c-4d2f-11ec-abbb-02ef750e1fae',1,'jcuffed5','jcuffed5@ebay.com'),(475,'847 Texas Parkway','Amerigo Bentson','Am3SLIu','5356462942',6000000,'BASIC','745583a4-4d2f-11ec-abbb-02ef750e1fae',1,'abentsond6','abentsond6@php.net'),(476,'4417 New Castle Hill','Innis Gooders','vls4kscw','5781806917',6000000,'BASIC','74651828-4d2f-11ec-abbb-02ef750e1fae',2,'igoodersd7','igoodersd7@friendfeed.com'),(477,'63488 Manley Parkway','Aliza McGaraghan','xQaARUj','4029615594',6000000,'BASIC','7485e99e-4d2f-11ec-abbb-02ef750e1fae',2,'amcgaraghand8','amcgaraghand8@google.nl'),(478,'86 Vernon Plaza','Mirabel Ephson','6DazKS','4442188471',6000000,'BASIC','7493d9cf-4d2f-11ec-abbb-02ef750e1fae',1,'mephsond9','mephsond9@comsenz.com'),(479,'2 Continental Park','Barnaby Wrate','Gq99lBA','4199317413',6000000,'BASIC','74b33590-4d2f-11ec-abbb-02ef750e1fae',2,'bwrateda','bwrateda@mozilla.org'),(480,'17462 Derek Center','Carissa Winchcomb','BHnKSU6fuEy','1887173533',6000000,'BASIC','74e1adce-4d2f-11ec-abbb-02ef750e1fae',1,'cwinchcombdb','cwinchcombdb@nationalgeographic.com'),(481,'787 Debs Avenue','Stephanie Buck','e1kOtXzgKN','8979084718',6000000,'BASIC','74ff0bd0-4d2f-11ec-abbb-02ef750e1fae',1,'sbuckdc','sbuckdc@imageshack.us'),(482,'65979 Loftsgordon Place','Grazia Duchatel','4fl4zAq','1002357116',6000000,'BASIC','751fa5bd-4d2f-11ec-abbb-02ef750e1fae',1,'gduchateldd','gduchateldd@trellian.com'),(483,'31221 School Plaza','Benedetto Bouchard','UM80PN','7054080865',6000000,'BASIC','75366491-4d2f-11ec-abbb-02ef750e1fae',2,'bbouchardde','bbouchardde@npr.org'),(484,'5 Scott Hill','Joycelin Jago','SC8ySUJeMy','7794500889',6000000,'BASIC','75477f63-4d2f-11ec-abbb-02ef750e1fae',2,'jjagodf','jjagodf@gov.uk'),(485,'4 Jay Street','Tabb Tomaini','uozqrX8ZYz','5842073195',6000000,'BASIC','754ef52a-4d2f-11ec-abbb-02ef750e1fae',2,'ttomainidg','ttomainidg@ask.com'),(486,'816 Ludington Road','Stanford Yarwood','CHrDe8','7643604753',6000000,'BASIC','755fd2ca-4d2f-11ec-abbb-02ef750e1fae',1,'syarwooddh','syarwooddh@weebly.com'),(487,'894 Larry Pass','Caritta Le Count','ZXKidT3','4042840178',6000000,'BASIC','756e4cfd-4d2f-11ec-abbb-02ef750e1fae',1,'cledi','cledi@tinypic.com'),(488,'3 Debs Road','Clevie Eldered','vGfAI100w','2961346973',6000000,'BASIC','757e549f-4d2f-11ec-abbb-02ef750e1fae',2,'celdereddj','celdereddj@miitbeian.gov.cn'),(489,'2321 Waubesa Center','Kaleb Swale','H8Jn1O2R','9427534788',6000000,'BASIC','758ec54c-4d2f-11ec-abbb-02ef750e1fae',1,'kswaledk','kswaledk@columbia.edu'),(490,'1 Green Ridge Drive','Joann Gadd','8jPzyxFCD','9709901825',6000000,'BASIC','75ae1e82-4d2f-11ec-abbb-02ef750e1fae',2,'jgadddl','jgadddl@com.com'),(491,'9114 Summerview Parkway','Tammy Braxay','TuJBNW','2931086219',6000000,'BASIC','75c20cfe-4d2f-11ec-abbb-02ef750e1fae',2,'tbraxaydm','tbraxaydm@lycos.com'),(492,'58 Elka Lane','Flor Wroth','in8EbI','2885139621',6000000,'BASIC','75ccaf0b-4d2f-11ec-abbb-02ef750e1fae',1,'fwrothdn','fwrothdn@addtoany.com'),(493,'468 Summit Parkway','Maighdiln Launder','5jjp29G','8098328392',6000000,'BASIC','75dc23e9-4d2f-11ec-abbb-02ef750e1fae',2,'mlaunderdo','mlaunderdo@indiatimes.com'),(494,'44 Mallard Plaza','Atlante Bradane','f2YYbVl8B','1263436444',6000000,'BASIC','75ec2f73-4d2f-11ec-abbb-02ef750e1fae',2,'abradanedp','abradanedp@aboutads.info'),(495,'054 Butternut Street','Patience McCarter','gjUHnqcRte','9834715020',6000000,'BASIC','75fad799-4d2f-11ec-abbb-02ef750e1fae',2,'pmccarterdq','pmccarterdq@pagesperso-orange.fr'),(496,'010 Walton Crossing','Bobbie Fillon','BJhrjqab3','2293078372',6000000,'BASIC','760a88a8-4d2f-11ec-abbb-02ef750e1fae',2,'bfillondr','bfillondr@infoseek.co.jp'),(497,'8199 Thierer Street','Cecile Ivanishin','Gsy2S0nMVv','2166729923',6000000,'BASIC','761bec4d-4d2f-11ec-abbb-02ef750e1fae',1,'civanishinds','civanishinds@diigo.com'),(498,'5362 Hoepker Plaza','Alonso Playle','uyYsWaHZ','8172255940',6000000,'BASIC','762cea94-4d2f-11ec-abbb-02ef750e1fae',2,'aplayledt','aplayledt@google.pl'),(499,'9 Bartillon Junction','Fan Eilers','kCTHinIo','9623219669',6000000,'BASIC','763e2648-4d2f-11ec-abbb-02ef750e1fae',1,'feilersdu','feilersdu@arstechnica.com'),(500,'1 Charing Cross Drive','Lovell Edsell','qFCi2Pig','2308463664',6000000,'BASIC','764ac135-4d2f-11ec-abbb-02ef750e1fae',2,'ledselldv','ledselldv@indiegogo.com');
/*!40000 ALTER TABLE `staff` ENABLE KEYS */;
UNLOCK TABLES;

--
-- Table structure for table `staff_note`
--

DROP TABLE IF EXISTS `staff_note`;
/*!40101 SET @saved_cs_client     = @@character_set_client */;
/*!50503 SET character_set_client = utf8mb4 */;
CREATE TABLE `staff_note` (
  `staff_note_id` bigint NOT NULL AUTO_INCREMENT,
  `message` varchar(1000) DEFAULT NULL,
  `note_date` datetime DEFAULT NULL,
  `seen` bit(1) DEFAULT NULL,
  `staff_id` bigint NOT NULL,
  `user_id` bigint NOT NULL,
  PRIMARY KEY (`staff_note_id`),
  KEY `staff_note_user_id_index` (`user_id`),
  KEY `staff_note_staff_id_index` (`staff_id`)
) ENGINE=InnoDB AUTO_INCREMENT=501 DEFAULT CHARSET=utf8mb4 COLLATE=utf8mb4_0900_ai_ci;
/*!40101 SET character_set_client = @saved_cs_client */;

--
-- Dumping data for table `staff_note`
--

LOCK TABLES `staff_note` WRITE;
/*!40000 ALTER TABLE `staff_note` DISABLE KEYS */;
INSERT INTO `staff_note` VALUES (1,'No comment','2021-06-17 00:00:00',_binary '',1,2),(2,'Demo','2021-06-25 00:00:00',_binary '',3,1),(3,'Testing','2021-06-29 00:00:00',_binary '',8,2),(4,'Beta','2021-07-04 00:00:00',_binary '',6,1),(5,'No comment','2021-06-17 00:00:00',_binary '',1,1),(6,'Demo','2021-06-25 00:00:00',_binary '',3,2),(7,'Testing','2021-06-29 00:00:00',_binary '',8,1),(8,'Beta','2021-07-04 00:00:00',_binary '',6,1),(9,'Centralized','2021-08-15 14:33:23',_binary '',33,1),(10,'challenge','2021-09-26 00:47:46',_binary '',5,1),(11,'Fully-configurable','2021-10-24 03:52:07',_binary '',22,1),(12,'hub','2021-07-21 19:47:32',_binary '',91,2),(13,'leverage','2021-10-08 05:50:35',_binary '',93,2),(14,'well-modulated','2021-08-22 10:19:54',_binary '',94,2),(15,'Exclusive','2021-10-15 01:58:48',_binary '',89,1),(16,'monitoring','2021-09-19 09:32:06',_binary '',62,1),(17,'full-range','2021-11-02 19:32:43',_binary '',40,2),(18,'Graphical User Interface','2021-10-29 14:03:23',_binary '',11,1),(19,'Multi-layered','2021-10-06 14:44:23',_binary '',32,2),(20,'Devolved','2021-10-08 23:15:16',_binary '',24,1),(21,'support','2021-07-14 18:10:41',_binary '',24,2),(22,'demand-driven','2021-08-27 19:29:23',_binary '',45,2),(23,'cohesive','2021-10-03 18:29:16',_binary '',50,2),(24,'Diverse','2021-07-29 19:59:19',_binary '',18,2),(25,'Public-key','2021-08-08 01:38:43',_binary '',35,1),(26,'ability','2021-09-16 23:01:33',_binary '',21,1),(27,'website','2021-07-31 21:49:30',_binary '',93,1),(28,'6th generation','2021-08-03 13:35:11',_binary '',9,1),(29,'collaboration','2021-07-21 21:19:44',_binary '',57,1),(30,'Automated','2021-09-03 15:45:14',_binary '',59,2),(31,'functionalities','2021-10-22 19:47:32',_binary '',26,1),(32,'monitoring','2021-10-01 02:58:25',_binary '',47,1),(33,'monitoring','2021-08-12 07:34:52',_binary '',58,2),(34,'secondary','2021-10-20 15:12:54',_binary '',48,1),(35,'Proactive','2021-07-10 19:49:54',_binary '',63,2),(36,'Customizable','2021-09-28 22:43:24',_binary '',70,2),(37,'next generation','2021-07-17 18:28:27',_binary '',63,1),(38,'parallelism','2021-09-24 15:27:40',_binary '',3,1),(39,'website','2021-09-23 22:17:19',_binary '',21,1),(40,'Open-source','2021-10-31 02:07:57',_binary '',93,2),(41,'multimedia','2021-08-26 07:42:50',_binary '',5,2),(42,'Enhanced','2021-10-13 10:03:46',_binary '',40,2),(43,'Stand-alone','2021-10-04 02:39:06',_binary '',85,1),(44,'workforce','2021-10-17 06:04:29',_binary '',6,2),(45,'clear-thinking','2021-07-22 02:42:28',_binary '',67,1),(46,'hierarchy','2021-07-12 15:53:51',_binary '',23,2),(47,'Re-engineered','2021-08-29 05:08:08',_binary '',9,2),(48,'implementation','2021-09-10 08:48:24',_binary '',69,1),(49,'Re-contextualized','2021-07-20 06:21:42',_binary '',22,2),(50,'client-driven','2021-10-26 07:44:22',_binary '',95,1),(51,'dedicated','2021-09-15 16:13:39',_binary '',17,2),(52,'bandwidth-monitored','2021-10-01 00:04:52',_binary '',89,2),(53,'Streamlined','2021-08-31 21:54:20',_binary '',98,1),(54,'time-frame','2021-07-18 09:32:25',_binary '',23,1),(55,'Graphic Interface','2021-09-02 08:19:25',_binary '',16,1),(56,'Proactive','2021-08-26 13:49:26',_binary '',8,2),(57,'customer loyalty','2021-10-14 06:55:01',_binary '',86,2),(58,'open architecture','2021-08-17 02:14:58',_binary '',15,1),(59,'Assimilated','2021-09-09 17:41:15',_binary '',8,1),(60,'Graphical User Interface','2021-07-17 18:47:18',_binary '',93,2),(61,'intranet','2021-10-24 16:15:59',_binary '',44,2),(62,'Re-engineered','2021-10-01 07:19:58',_binary '',39,2),(63,'open architecture','2021-09-22 09:57:14',_binary '',61,1),(64,'Progressive','2021-11-01 23:51:26',_binary '',86,1),(65,'Switchable','2021-09-04 16:35:35',_binary '',48,1),(66,'extranet','2021-10-01 14:30:24',_binary '',77,1),(67,'logistical','2021-10-09 03:50:06',_binary '',45,2),(68,'Cross-platform','2021-07-26 13:37:39',_binary '',87,2),(69,'24 hour','2021-10-31 20:05:15',_binary '',100,2),(70,'monitoring','2021-08-05 10:51:49',_binary '',44,1),(71,'Synchronised','2021-08-23 03:58:18',_binary '',14,2),(72,'Decentralized','2021-07-25 10:16:44',_binary '',36,1),(73,'Re-engineered','2021-09-18 03:00:19',_binary '',34,1),(74,'Virtual','2021-08-29 08:56:35',_binary '',61,1),(75,'local','2021-08-23 16:40:55',_binary '',5,1),(76,'6th generation','2021-10-23 15:44:53',_binary '',35,2),(77,'zero tolerance','2021-08-29 19:19:37',_binary '',60,1),(78,'actuating','2021-09-13 06:55:49',_binary '',93,2),(79,'Persistent','2021-08-31 12:31:25',_binary '',86,1),(80,'non-volatile','2021-09-04 00:11:54',_binary '',52,1),(81,'productivity','2021-09-30 15:51:31',_binary '',96,2),(82,'utilisation','2021-07-20 13:25:28',_binary '',27,1),(83,'Digitized','2021-09-03 03:05:42',_binary '',40,1),(84,'interactive','2021-08-23 03:05:35',_binary '',21,2),(85,'Innovative','2021-07-19 15:57:30',_binary '',81,2),(86,'Inverse','2021-07-06 19:08:08',_binary '',42,2),(87,'demand-driven','2021-08-20 16:42:10',_binary '',65,1),(88,'Managed','2021-10-10 01:25:30',_binary '',100,2),(89,'secondary','2021-07-31 16:34:53',_binary '',6,2),(90,'toolset','2021-09-19 01:43:11',_binary '',20,2),(91,'motivating','2021-11-02 08:28:46',_binary '',83,2),(92,'Cross-platform','2021-09-10 09:23:12',_binary '',57,2),(93,'needs-based','2021-09-21 02:47:58',_binary '',34,2),(94,'workforce','2021-09-09 13:10:36',_binary '',96,1),(95,'exuding','2021-09-15 21:14:29',_binary '',78,1),(96,'Persistent','2021-09-23 11:47:08',_binary '',4,2),(97,'product','2021-08-23 11:10:42',_binary '',78,2),(98,'User-friendly','2021-10-21 10:33:42',_binary '',79,1),(99,'portal','2021-09-16 15:29:34',_binary '',60,1),(100,'optimizing','2021-10-11 19:03:37',_binary '',63,1),(101,'nibh fusce lacus purus aliquet','2021-09-07 18:20:33',_binary '',1,2),(102,'pede ullamcorper augue','2021-07-29 02:17:36',_binary '',1,1),(103,'turpis sed ante vivamus','2021-09-11 22:13:07',_binary '',1,2),(104,'lectus pellentesque at','2021-07-21 21:48:51',_binary '',1,2),(105,'ante nulla justo','2021-08-09 07:05:47',_binary '',1,1),(106,'in quam fringilla rhoncus','2021-08-01 12:11:09',_binary '',1,1),(107,'lectus pellentesque eget','2021-09-25 16:55:17',_binary '',1,1),(108,'sem praesent','2021-08-21 04:43:00',_binary '',1,2),(109,'tristique est et','2021-08-29 18:19:58',_binary '',1,2),(110,'donec dapibus duis','2021-09-23 12:54:34',_binary '',1,2),(111,'etiam vel augue','2021-11-12 01:01:53',_binary '',1,2),(112,'volutpat sapien arcu sed augue','2021-10-26 21:18:16',_binary '',1,2),(113,'vitae nisi','2021-08-15 01:12:31',_binary '',1,1),(114,'posuere cubilia curae donec pharetra','2021-09-23 19:27:21',_binary '',1,1),(115,'tempus vel pede morbi porttitor','2021-08-19 17:18:04',_binary '',1,1),(116,'tincidunt lacus at velit','2021-10-30 15:57:20',_binary '',1,1),(117,'erat vestibulum sed magna','2021-09-02 23:11:09',_binary '',1,1),(118,'massa id nisl','2021-09-13 06:30:50',_binary '',1,1),(119,'mauris sit','2021-07-31 15:25:19',_binary '',1,1),(120,'hac','2021-10-13 12:14:14',_binary '',1,2),(121,'at nunc','2021-07-16 04:02:32',_binary '',1,1),(122,'porttitor lacus at turpis','2021-11-21 20:10:37',_binary '',1,2),(123,'pharetra magna vestibulum aliquet','2021-10-02 11:08:57',_binary '',1,1),(124,'in porttitor pede justo eu','2021-09-21 18:43:55',_binary '',1,1),(125,'libero ut','2021-09-16 15:45:23',_binary '',1,2),(126,'maecenas ut massa quis augue','2021-09-28 12:23:58',_binary '',1,1),(127,'metus aenean fermentum donec','2021-08-15 18:18:20',_binary '',1,1),(128,'tellus nulla ut erat id','2021-08-12 06:50:36',_binary '',1,2),(129,'in lacus curabitur at','2021-11-03 22:21:05',_binary '',1,2),(130,'vulputate elementum nullam','2021-08-24 21:11:56',_binary '',1,1),(131,'justo morbi ut','2021-08-29 23:01:42',_binary '',1,2),(132,'dictumst etiam faucibus cursus','2021-08-29 02:28:35',_binary '',1,1),(133,'nullam molestie nibh in lectus','2021-10-20 01:25:57',_binary '',1,2),(134,'suspendisse potenti nullam','2021-11-13 05:36:09',_binary '',1,1),(135,'id turpis integer aliquet massa','2021-10-15 12:13:53',_binary '',1,2),(136,'magna','2021-10-17 07:29:01',_binary '',1,1),(137,'ipsum ac tellus','2021-09-04 20:48:15',_binary '',1,1),(138,'ultrices vel augue','2021-09-10 12:12:11',_binary '',1,2),(139,'in faucibus orci luctus','2021-09-18 21:01:09',_binary '',1,1),(140,'aliquam quis turpis','2021-08-24 14:25:34',_binary '',1,2),(141,'in','2021-10-03 02:46:02',_binary '',1,1),(142,'vulputate justo in blandit','2021-11-14 03:00:09',_binary '',1,1),(143,'eu','2021-10-26 22:48:48',_binary '',1,1),(144,'in sapien iaculis','2021-09-07 04:09:15',_binary '',1,1),(145,'vestibulum','2021-07-28 14:54:24',_binary '',1,2),(146,'eu tincidunt in leo maecenas','2021-08-04 20:07:57',_binary '',1,2),(147,'blandit lacinia erat vestibulum sed','2021-11-09 02:09:22',_binary '',1,2),(148,'est quam pharetra magna ac','2021-09-30 05:50:40',_binary '',1,1),(149,'pharetra magna vestibulum aliquet ultrices','2021-10-27 20:31:57',_binary '',1,2),(150,'tellus in sagittis dui vel','2021-07-18 16:20:32',_binary '',1,2),(151,'aenean auctor','2021-07-24 09:44:36',_binary '',1,1),(152,'parturient montes nascetur ridiculus','2021-08-24 22:15:10',_binary '',1,1),(153,'nisi venenatis','2021-11-06 17:04:25',_binary '',1,1),(154,'sit amet nulla quisque arcu','2021-10-17 09:04:38',_binary '',1,2),(155,'nulla ut erat id mauris','2021-08-18 12:42:42',_binary '',1,1),(156,'vestibulum ante','2021-09-26 01:26:51',_binary '',1,2),(157,'et','2021-10-07 20:56:43',_binary '',1,1),(158,'mauris','2021-08-18 13:37:32',_binary '',1,2),(159,'felis eu sapien','2021-08-13 03:41:41',_binary '',1,1),(160,'ante nulla','2021-10-10 14:56:17',_binary '',1,2),(161,'amet eleifend pede libero quis','2021-11-05 08:35:59',_binary '',1,2),(162,'libero non mattis','2021-08-15 21:26:23',_binary '',1,1),(163,'ultrices libero non mattis','2021-10-08 23:21:04',_binary '',1,2),(164,'viverra diam vitae quam','2021-08-20 10:16:41',_binary '',1,1),(165,'quam nec dui luctus rutrum','2021-10-22 10:36:02',_binary '',1,1),(166,'aliquam erat volutpat','2021-08-04 11:54:11',_binary '',1,2),(167,'sollicitudin','2021-11-15 08:57:11',_binary '',1,2),(168,'molestie sed','2021-07-17 12:08:33',_binary '',1,1),(169,'sapien placerat ante nulla justo','2021-10-30 00:30:59',_binary '',1,1),(170,'ligula','2021-10-21 13:37:17',_binary '',1,2),(171,'vel sem sed sagittis','2021-07-21 09:50:53',_binary '',1,1),(172,'pellentesque quisque porta','2021-10-05 01:41:05',_binary '',1,2),(173,'odio donec vitae','2021-10-22 03:43:10',_binary '',1,2),(174,'ornare imperdiet sapien urna pretium','2021-10-05 17:08:48',_binary '',1,2),(175,'orci luctus et ultrices posuere','2021-11-01 21:47:08',_binary '',1,2),(176,'faucibus orci','2021-07-25 02:42:53',_binary '',1,1),(177,'vitae ipsum','2021-07-23 21:45:56',_binary '',1,2),(178,'justo etiam','2021-11-07 16:05:54',_binary '',1,1),(179,'pulvinar','2021-10-14 03:12:42',_binary '',1,2),(180,'orci luctus et ultrices posuere','2021-10-29 13:17:15',_binary '',1,1),(181,'eleifend luctus','2021-09-03 18:47:49',_binary '',1,2),(182,'magnis dis parturient montes nascetur','2021-09-28 16:08:26',_binary '',1,1),(183,'faucibus orci luctus','2021-11-11 15:03:08',_binary '',1,1),(184,'nulla mollis molestie lorem','2021-07-26 14:51:43',_binary '',1,1),(185,'sociis natoque penatibus','2021-07-28 13:10:09',_binary '',1,1),(186,'dictumst aliquam','2021-08-26 13:44:51',_binary '',1,2),(187,'velit vivamus vel','2021-08-30 05:31:10',_binary '',1,1),(188,'vel est','2021-10-24 20:45:22',_binary '',1,2),(189,'sit amet','2021-07-22 04:40:05',_binary '',1,1),(190,'lacus','2021-11-02 20:07:00',_binary '',1,1),(191,'dui vel','2021-10-17 15:04:03',_binary '',1,1),(192,'orci mauris lacinia sapien quis','2021-08-12 15:53:37',_binary '',1,2),(193,'accumsan','2021-08-21 06:14:27',_binary '',1,1),(194,'nulla elit ac','2021-09-25 07:22:43',_binary '',1,1),(195,'porttitor lacus at turpis donec','2021-10-17 05:05:01',_binary '',1,2),(196,'ligula sit amet eleifend','2021-09-29 00:10:43',_binary '',1,1),(197,'justo','2021-10-20 11:36:46',_binary '',1,1),(198,'ut volutpat sapien arcu','2021-07-16 02:53:38',_binary '',1,1),(199,'semper porta volutpat quam pede','2021-09-04 15:42:32',_binary '',1,1),(200,'sit amet erat','2021-10-03 10:02:03',_binary '',1,2),(201,'nam tristique','2021-08-21 04:50:05',_binary '',1,1),(202,'nulla eget eros','2021-08-09 15:15:04',_binary '',1,2),(203,'nam','2021-08-02 03:10:23',_binary '',1,1),(204,'pellentesque viverra pede ac diam','2021-09-12 00:31:57',_binary '',1,1),(205,'amet turpis elementum ligula','2021-09-16 16:36:24',_binary '',1,1),(206,'ipsum primis in faucibus orci','2021-11-03 03:48:17',_binary '',1,2),(207,'nibh fusce lacus','2021-11-15 13:32:29',_binary '',1,1),(208,'ligula vehicula','2021-11-02 10:08:08',_binary '',1,1),(209,'magnis','2021-08-03 05:15:55',_binary '',1,2),(210,'convallis eget eleifend luctus','2021-08-15 12:28:55',_binary '',1,1),(211,'rutrum ac','2021-10-28 19:04:54',_binary '',1,2),(212,'dapibus dolor vel','2021-11-17 12:26:59',_binary '',1,2),(213,'lacus purus aliquet at','2021-09-10 23:46:34',_binary '',1,2),(214,'sed','2021-07-29 01:22:17',_binary '',1,1),(215,'vestibulum eget vulputate','2021-11-15 07:10:00',_binary '',1,1),(216,'dolor','2021-09-12 16:22:59',_binary '',1,1),(217,'venenatis non','2021-09-24 03:13:58',_binary '',1,1),(218,'viverra dapibus','2021-08-08 07:34:18',_binary '',1,1),(219,'mus','2021-09-05 17:07:31',_binary '',1,1),(220,'phasellus sit','2021-09-07 01:36:19',_binary '',1,2),(221,'non velit donec diam','2021-08-12 12:07:01',_binary '',1,1),(222,'aenean auctor gravida sem','2021-08-22 21:00:54',_binary '',1,1),(223,'nunc viverra dapibus nulla suscipit','2021-09-24 01:38:01',_binary '',1,2),(224,'consequat dui nec nisi volutpat','2021-11-10 08:19:50',_binary '',1,1),(225,'curae mauris','2021-09-21 10:38:58',_binary '',1,1),(226,'venenatis turpis enim','2021-09-20 10:36:50',_binary '',1,2),(227,'habitasse platea dictumst aliquam augue','2021-10-13 04:13:51',_binary '',1,2),(228,'nulla mollis molestie','2021-10-28 15:14:36',_binary '',1,2),(229,'quis tortor id','2021-10-31 22:17:41',_binary '',1,2),(230,'turpis','2021-07-24 09:57:55',_binary '',1,2),(231,'facilisi cras non','2021-07-25 23:54:04',_binary '',1,2),(232,'turpis nec','2021-11-13 14:19:55',_binary '',1,2),(233,'ut','2021-11-14 17:32:39',_binary '',1,2),(234,'rutrum nulla nunc','2021-08-01 06:32:49',_binary '',1,1),(235,'diam erat','2021-11-18 01:59:42',_binary '',1,1),(236,'interdum mauris non','2021-08-21 16:29:24',_binary '',1,2),(237,'augue aliquam erat volutpat in','2021-08-26 20:39:13',_binary '',1,1),(238,'donec semper sapien','2021-09-08 21:35:18',_binary '',1,1),(239,'vel enim sit amet','2021-08-23 17:08:35',_binary '',1,1),(240,'varius','2021-09-25 05:04:42',_binary '',1,1),(241,'erat','2021-10-17 10:08:56',_binary '',1,2),(242,'enim sit amet','2021-09-06 17:11:19',_binary '',1,2),(243,'fusce','2021-10-18 13:01:27',_binary '',1,2),(244,'pellentesque eget nunc donec','2021-09-29 15:45:53',_binary '',1,1),(245,'id nulla','2021-10-11 03:25:34',_binary '',1,1),(246,'duis aliquam','2021-10-14 11:15:50',_binary '',1,2),(247,'nulla elit ac','2021-08-31 12:31:49',_binary '',1,2),(248,'sed','2021-10-03 12:15:58',_binary '',1,1),(249,'cras','2021-11-18 07:37:50',_binary '',1,2),(250,'posuere cubilia curae mauris','2021-11-14 12:24:23',_binary '',1,1),(251,'at','2021-11-19 15:52:26',_binary '',1,2),(252,'etiam faucibus cursus','2021-09-29 23:26:22',_binary '',1,2),(253,'leo odio porttitor','2021-09-19 23:27:54',_binary '',1,1),(254,'luctus nec molestie sed justo','2021-08-21 19:16:09',_binary '',1,2),(255,'aliquam augue quam sollicitudin','2021-11-01 19:53:13',_binary '',1,1),(256,'vestibulum ante','2021-10-04 20:18:44',_binary '',1,2),(257,'nec molestie','2021-09-28 18:22:03',_binary '',1,1),(258,'tempus sit','2021-09-09 04:18:52',_binary '',1,2),(259,'amet eleifend pede libero','2021-10-19 11:26:37',_binary '',1,1),(260,'et ultrices posuere','2021-08-31 20:59:47',_binary '',1,1),(261,'augue vestibulum rutrum','2021-07-16 04:04:33',_binary '',1,1),(262,'amet','2021-10-30 16:18:37',_binary '',1,1),(263,'rutrum nulla nunc','2021-07-15 21:59:27',_binary '',1,2),(264,'accumsan tortor quis turpis sed','2021-11-20 23:51:57',_binary '',1,2),(265,'sed vel enim sit amet','2021-10-25 16:04:16',_binary '',1,1),(266,'lectus','2021-09-07 18:18:13',_binary '',1,1),(267,'in consequat','2021-07-25 09:17:16',_binary '',1,1),(268,'duis ac nibh fusce lacus','2021-10-28 09:52:49',_binary '',1,2),(269,'semper sapien a libero','2021-09-02 17:55:51',_binary '',1,2),(270,'phasellus id sapien in sapien','2021-11-15 04:00:52',_binary '',1,1),(271,'pharetra magna vestibulum','2021-08-31 12:57:05',_binary '',1,1),(272,'in quis justo maecenas','2021-09-17 08:00:23',_binary '',1,1),(273,'nulla mollis molestie','2021-07-19 05:30:08',_binary '',1,2),(274,'arcu sed augue','2021-09-28 12:33:48',_binary '',1,2),(275,'libero','2021-08-29 10:19:04',_binary '',1,2),(276,'diam nam','2021-08-12 15:12:42',_binary '',1,1),(277,'quis libero nullam','2021-10-19 12:37:02',_binary '',1,1),(278,'in lacus curabitur','2021-09-26 08:14:28',_binary '',1,1),(279,'pede malesuada in imperdiet et','2021-08-23 02:10:28',_binary '',1,1),(280,'felis sed lacus morbi','2021-08-26 06:43:41',_binary '',1,1),(281,'enim in tempor turpis nec','2021-07-24 21:03:56',_binary '',1,2),(282,'lorem vitae','2021-07-26 07:37:29',_binary '',1,1),(283,'lorem ipsum dolor sit amet','2021-11-16 00:41:18',_binary '',1,1),(284,'justo lacinia','2021-09-22 14:16:20',_binary '',1,1),(285,'molestie sed justo pellentesque viverra','2021-11-20 03:21:35',_binary '',1,2),(286,'donec dapibus','2021-07-30 10:11:49',_binary '',1,1),(287,'nibh','2021-09-28 17:22:54',_binary '',1,1),(288,'sapien urna pretium nisl ut','2021-08-31 09:34:48',_binary '',1,2),(289,'aenean lectus pellentesque eget nunc','2021-07-15 08:37:18',_binary '',1,2),(290,'ut suscipit','2021-10-31 16:49:46',_binary '',1,1),(291,'quis','2021-08-16 02:43:59',_binary '',1,2),(292,'vivamus vestibulum sagittis','2021-11-21 10:33:57',_binary '',1,1),(293,'enim leo','2021-10-10 06:49:38',_binary '',1,1),(294,'mauris','2021-08-03 00:04:15',_binary '',1,1),(295,'erat tortor sollicitudin','2021-08-01 03:21:01',_binary '',1,1),(296,'sit amet nulla quisque arcu','2021-09-29 12:10:22',_binary '',1,1),(297,'amet justo morbi','2021-09-12 00:38:03',_binary '',1,1),(298,'integer','2021-08-09 13:54:37',_binary '',1,2),(299,'magna vulputate luctus cum sociis','2021-10-06 03:57:22',_binary '',1,1),(300,'in blandit','2021-08-24 17:32:09',_binary '',1,1),(301,'sagittis sapien cum sociis','2021-08-03 15:31:39',_binary '',1,2),(302,'rhoncus aliquet pulvinar','2021-07-25 09:12:25',_binary '',1,2),(303,'primis in faucibus orci','2021-09-14 00:33:59',_binary '',1,1),(304,'posuere','2021-07-25 04:32:47',_binary '',1,2),(305,'amet consectetuer adipiscing','2021-08-11 14:41:01',_binary '',1,2),(306,'orci','2021-08-05 15:28:41',_binary '',1,1),(307,'nisl duis bibendum felis','2021-10-19 06:16:31',_binary '',1,2),(308,'odio in hac habitasse','2021-08-03 14:45:09',_binary '',1,1),(309,'amet consectetuer adipiscing','2021-09-06 00:42:40',_binary '',1,2),(310,'nam nulla integer pede justo','2021-10-31 02:43:12',_binary '',1,1),(311,'luctus ultricies','2021-07-25 20:07:23',_binary '',1,1),(312,'posuere cubilia curae mauris','2021-09-07 09:59:42',_binary '',1,2),(313,'in sagittis dui','2021-11-19 13:45:36',_binary '',1,2),(314,'nulla','2021-09-04 19:03:44',_binary '',1,1),(315,'porttitor lorem id ligula','2021-11-14 04:34:34',_binary '',1,2),(316,'diam erat fermentum justo nec','2021-08-18 04:54:04',_binary '',1,2),(317,'luctus et ultrices posuere','2021-08-02 14:22:21',_binary '',1,1),(318,'porttitor pede justo','2021-11-14 20:10:14',_binary '',1,2),(319,'vel augue vestibulum','2021-10-02 02:50:22',_binary '',1,1),(320,'odio odio','2021-11-19 06:55:17',_binary '',1,1),(321,'semper interdum','2021-09-03 07:19:20',_binary '',1,2),(322,'justo','2021-10-15 17:36:50',_binary '',1,2),(323,'libero','2021-11-04 05:20:17',_binary '',1,2),(324,'eleifend pede libero quis orci','2021-09-11 10:24:25',_binary '',1,1),(325,'quis odio','2021-09-19 08:41:13',_binary '',1,1),(326,'risus praesent','2021-10-14 04:09:50',_binary '',1,1),(327,'viverra diam vitae','2021-07-17 02:47:49',_binary '',1,1),(328,'luctus ultricies eu nibh','2021-08-27 21:38:54',_binary '',1,2),(329,'sit amet','2021-08-30 04:15:53',_binary '',1,2),(330,'sed vestibulum sit amet cursus','2021-10-20 13:07:26',_binary '',1,2),(331,'vestibulum aliquet ultrices erat tortor','2021-09-02 02:39:03',_binary '',1,2),(332,'sagittis','2021-08-06 10:32:33',_binary '',1,2),(333,'mi','2021-10-30 01:54:29',_binary '',1,1),(334,'nam congue risus','2021-11-06 02:37:11',_binary '',1,1),(335,'ut','2021-08-11 07:25:00',_binary '',1,1),(336,'tempus','2021-11-04 23:21:38',_binary '',1,2),(337,'tristique est et','2021-10-02 11:32:03',_binary '',1,1),(338,'mus etiam','2021-11-02 07:52:23',_binary '',1,1),(339,'tortor','2021-07-15 23:50:53',_binary '',1,1),(340,'nam ultrices','2021-11-06 16:12:40',_binary '',1,1),(341,'leo','2021-11-19 11:11:05',_binary '',1,2),(342,'nulla suscipit ligula in','2021-08-27 00:43:37',_binary '',1,2),(343,'eu mi nulla ac','2021-10-19 14:19:06',_binary '',1,2),(344,'at velit','2021-11-21 11:05:12',_binary '',1,2),(345,'semper','2021-09-10 19:38:11',_binary '',1,2),(346,'quis turpis sed ante vivamus','2021-09-06 17:41:18',_binary '',1,1),(347,'turpis eget elit sodales scelerisque','2021-11-19 04:36:15',_binary '',1,1),(348,'ante ipsum primis in faucibus','2021-09-30 17:25:07',_binary '',1,1),(349,'consequat in','2021-07-25 07:00:56',_binary '',1,2),(350,'morbi a ipsum integer a','2021-11-06 01:14:08',_binary '',1,1),(351,'quam fringilla rhoncus mauris','2021-11-08 09:51:21',_binary '',1,2),(352,'ut ultrices vel','2021-08-01 09:34:31',_binary '',1,2),(353,'congue eget semper rutrum','2021-08-29 22:44:13',_binary '',1,2),(354,'nulla quisque arcu','2021-08-19 01:18:05',_binary '',1,2),(355,'sapien cum sociis','2021-08-16 14:13:25',_binary '',1,1),(356,'odio elementum','2021-10-03 12:27:28',_binary '',1,2),(357,'molestie hendrerit at','2021-10-17 08:18:24',_binary '',1,2),(358,'pretium','2021-10-26 18:14:19',_binary '',1,1),(359,'eget eros elementum pellentesque quisque','2021-09-11 10:08:13',_binary '',1,1),(360,'eu est congue elementum','2021-11-09 05:10:04',_binary '',1,2),(361,'cubilia curae mauris','2021-08-28 09:54:58',_binary '',1,2),(362,'quis orci eget orci','2021-09-22 06:34:21',_binary '',1,1),(363,'nunc','2021-10-16 15:23:13',_binary '',1,1),(364,'in tempus','2021-07-22 06:26:33',_binary '',1,2),(365,'etiam','2021-09-13 11:53:31',_binary '',1,2),(366,'quam','2021-10-30 01:54:59',_binary '',1,1),(367,'quis orci nullam molestie nibh','2021-07-31 20:03:30',_binary '',1,1),(368,'lacinia aenean sit amet','2021-09-09 12:20:11',_binary '',1,2),(369,'aliquet ultrices erat tortor','2021-08-22 20:55:06',_binary '',1,2),(370,'in imperdiet et commodo','2021-10-12 21:16:54',_binary '',1,1),(371,'tincidunt eu felis fusce posuere','2021-10-16 00:54:10',_binary '',1,1),(372,'nulla','2021-07-27 23:55:07',_binary '',1,2),(373,'dapibus dolor vel est donec','2021-11-04 12:35:09',_binary '',1,2),(374,'dapibus duis at velit eu','2021-07-18 14:19:35',_binary '',1,2),(375,'fusce','2021-09-01 01:00:16',_binary '',1,2),(376,'congue eget','2021-08-24 21:29:01',_binary '',1,1),(377,'sagittis dui vel nisl duis','2021-11-14 02:20:21',_binary '',1,2),(378,'semper sapien a libero nam','2021-08-01 13:04:33',_binary '',1,1),(379,'ipsum','2021-08-19 14:03:32',_binary '',1,2),(380,'porttitor id','2021-09-07 10:32:29',_binary '',1,1),(381,'maecenas tristique est','2021-11-03 22:28:50',_binary '',1,2),(382,'quisque','2021-09-03 07:36:23',_binary '',1,1),(383,'sed lacus morbi sem','2021-10-25 17:59:30',_binary '',1,2),(384,'molestie sed justo pellentesque viverra','2021-11-08 04:56:07',_binary '',1,2),(385,'diam nam','2021-11-15 20:12:27',_binary '',1,1),(386,'sit','2021-08-02 09:49:23',_binary '',1,1),(387,'sem duis aliquam','2021-10-19 10:11:35',_binary '',1,2),(388,'ligula suspendisse ornare consequat lectus','2021-08-29 04:45:09',_binary '',1,1),(389,'porttitor pede justo','2021-11-20 01:28:31',_binary '',1,2),(390,'praesent id','2021-08-07 20:21:36',_binary '',1,1),(391,'libero quis orci nullam','2021-08-29 17:45:57',_binary '',1,2),(392,'nisi','2021-10-03 19:24:35',_binary '',1,1),(393,'parturient montes nascetur','2021-11-01 16:55:43',_binary '',1,2),(394,'tristique est et tempus semper','2021-07-24 09:48:29',_binary '',1,2),(395,'posuere','2021-11-21 10:49:34',_binary '',1,1),(396,'nibh in lectus pellentesque','2021-10-27 22:04:06',_binary '',1,1),(397,'vel','2021-07-28 17:38:19',_binary '',1,2),(398,'habitasse','2021-07-26 21:50:08',_binary '',1,1),(399,'libero nullam sit amet','2021-11-16 04:08:46',_binary '',1,2),(400,'ipsum primis','2021-10-25 05:43:39',_binary '',1,2),(401,'dapibus nulla','2021-07-18 20:28:00',_binary '',1,2),(402,'quam turpis adipiscing','2021-10-20 05:15:39',_binary '',1,2),(403,'tristique','2021-09-17 06:26:18',_binary '',1,2),(404,'eleifend','2021-10-22 17:10:36',_binary '',1,2),(405,'luctus tincidunt nulla mollis molestie','2021-10-28 16:07:42',_binary '',1,1),(406,'tincidunt nulla mollis','2021-11-06 17:51:33',_binary '',1,2),(407,'nulla tellus in sagittis','2021-10-15 13:53:12',_binary '',1,1),(408,'turpis eget elit sodales','2021-09-02 01:26:14',_binary '',1,2),(409,'consequat morbi a','2021-10-13 05:12:35',_binary '',1,1),(410,'eu magna vulputate','2021-08-16 21:44:11',_binary '',1,2),(411,'tellus nulla ut erat','2021-10-06 01:39:38',_binary '',1,2),(412,'primis','2021-09-18 11:07:19',_binary '',1,1),(413,'mauris ullamcorper purus sit','2021-08-04 06:46:25',_binary '',1,1),(414,'non velit','2021-10-28 22:02:00',_binary '',1,1),(415,'aliquam non mauris morbi non','2021-07-20 22:45:32',_binary '',1,2),(416,'velit donec diam neque','2021-09-14 12:09:20',_binary '',1,1),(417,'ultrices','2021-08-03 18:20:42',_binary '',1,2),(418,'primis','2021-09-10 08:41:57',_binary '',1,2),(419,'augue aliquam erat volutpat','2021-08-04 01:08:36',_binary '',1,2),(420,'tincidunt eget tempus vel','2021-10-18 23:57:38',_binary '',1,1),(421,'amet lobortis sapien','2021-07-20 07:01:10',_binary '',1,2),(422,'nulla eget','2021-11-04 00:18:38',_binary '',1,1),(423,'sem duis aliquam convallis','2021-11-18 22:09:12',_binary '',1,2),(424,'pede lobortis ligula sit amet','2021-08-30 15:38:24',_binary '',1,1),(425,'augue quam sollicitudin vitae','2021-08-18 05:03:06',_binary '',1,1),(426,'gravida nisi at nibh','2021-10-29 17:46:12',_binary '',1,2),(427,'nibh ligula nec sem duis','2021-09-24 22:52:41',_binary '',1,2),(428,'donec odio justo sollicitudin ut','2021-11-19 03:23:40',_binary '',1,1),(429,'in hac habitasse','2021-10-10 21:36:10',_binary '',1,1),(430,'posuere felis sed','2021-07-16 22:54:52',_binary '',1,1),(431,'morbi quis tortor','2021-08-02 18:12:35',_binary '',1,2),(432,'ac','2021-07-21 12:25:25',_binary '',1,1),(433,'pulvinar nulla','2021-11-07 17:24:07',_binary '',1,1),(434,'in leo maecenas','2021-11-03 03:46:21',_binary '',1,1),(435,'justo in hac','2021-09-14 05:20:31',_binary '',1,1),(436,'urna pretium','2021-10-28 14:32:27',_binary '',1,1),(437,'dui vel nisl','2021-09-24 08:41:40',_binary '',1,2),(438,'bibendum','2021-08-18 01:19:03',_binary '',1,2),(439,'aliquet maecenas','2021-11-19 05:53:56',_binary '',1,1),(440,'pulvinar sed nisl nunc','2021-10-30 22:03:15',_binary '',1,1),(441,'nullam sit amet','2021-10-20 09:59:07',_binary '',1,1),(442,'odio donec','2021-10-20 20:25:57',_binary '',1,2),(443,'nullam porttitor lacus at','2021-08-04 06:33:14',_binary '',1,1),(444,'integer a nibh in quis','2021-09-11 21:12:46',_binary '',1,1),(445,'velit donec diam neque','2021-09-18 22:58:19',_binary '',1,2),(446,'consectetuer adipiscing elit proin','2021-08-13 00:51:59',_binary '',1,2),(447,'platea dictumst aliquam','2021-07-28 16:42:29',_binary '',1,2),(448,'amet','2021-10-04 02:19:54',_binary '',1,2),(449,'non mi integer ac neque','2021-11-05 16:00:40',_binary '',1,2),(450,'vulputate','2021-11-13 21:02:38',_binary '',1,1),(451,'sagittis nam','2021-07-29 13:12:39',_binary '',1,1),(452,'nunc nisl duis bibendum felis','2021-07-27 12:25:34',_binary '',1,2),(453,'aliquet massa id lobortis','2021-10-11 10:55:00',_binary '',1,1),(454,'duis aliquam','2021-11-13 18:26:16',_binary '',1,2),(455,'egestas metus','2021-08-07 11:07:48',_binary '',1,1),(456,'nec condimentum neque sapien','2021-08-07 05:29:55',_binary '',1,2),(457,'dapibus','2021-10-19 04:04:49',_binary '',1,1),(458,'vestibulum ante','2021-09-26 20:56:52',_binary '',1,2),(459,'mi integer ac neque','2021-11-01 05:18:09',_binary '',1,2),(460,'diam id ornare imperdiet','2021-08-01 13:10:46',_binary '',1,2),(461,'sollicitudin','2021-10-20 12:29:02',_binary '',1,1),(462,'quam turpis','2021-08-04 05:24:55',_binary '',1,1),(463,'primis in faucibus orci','2021-09-20 22:24:44',_binary '',1,2),(464,'tincidunt ante vel ipsum','2021-09-10 17:33:54',_binary '',1,2),(465,'non velit','2021-08-14 20:04:29',_binary '',1,2),(466,'primis in','2021-11-18 02:01:25',_binary '',1,2),(467,'in tempus','2021-10-09 07:19:38',_binary '',1,2),(468,'libero','2021-08-29 20:44:37',_binary '',1,2),(469,'tellus semper interdum mauris ullamcorper','2021-10-24 09:11:18',_binary '',1,1),(470,'tellus in sagittis dui','2021-10-14 03:40:07',_binary '',1,1),(471,'mauris ullamcorper purus sit','2021-10-10 12:37:18',_binary '',1,2),(472,'tristique in tempus sit','2021-09-26 01:52:28',_binary '',1,1),(473,'duis bibendum felis sed','2021-11-03 01:16:15',_binary '',1,2),(474,'id luctus','2021-09-11 13:17:25',_binary '',1,1),(475,'in purus eu magna vulputate','2021-09-15 03:43:50',_binary '',1,2),(476,'est donec odio justo','2021-07-15 20:11:37',_binary '',1,1),(477,'mattis nibh ligula','2021-09-22 03:19:13',_binary '',1,2),(478,'erat vestibulum sed magna at','2021-10-29 23:55:56',_binary '',1,2),(479,'molestie','2021-09-19 21:53:39',_binary '',1,2),(480,'eleifend quam a odio','2021-11-12 20:34:09',_binary '',1,1),(481,'amet sapien dignissim vestibulum vestibulum','2021-10-21 11:14:28',_binary '',1,1),(482,'eros viverra','2021-09-26 05:05:56',_binary '',1,2),(483,'vestibulum','2021-07-26 11:12:20',_binary '',1,2),(484,'aliquam convallis','2021-10-17 12:18:52',_binary '',1,2),(485,'luctus cum sociis natoque penatibus','2021-08-27 14:23:53',_binary '',1,2),(486,'turpis a','2021-09-15 14:41:16',_binary '',1,1),(487,'ut massa quis augue luctus','2021-09-20 15:30:24',_binary '',1,1),(488,'viverra dapibus nulla suscipit ligula','2021-09-29 09:28:48',_binary '',1,2),(489,'nam congue risus','2021-08-14 17:10:12',_binary '',1,1),(490,'elit sodales scelerisque mauris','2021-09-23 10:08:17',_binary '',1,2),(491,'velit donec diam','2021-11-05 15:16:54',_binary '',1,1),(492,'sed tristique in tempus','2021-08-11 13:41:37',_binary '',1,2),(493,'quisque id justo sit','2021-11-08 12:24:33',_binary '',1,1),(494,'sem fusce','2021-09-24 23:03:36',_binary '',1,2),(495,'mauris laoreet ut','2021-09-25 22:41:22',_binary '',1,2),(496,'at velit vivamus vel','2021-08-18 00:48:15',_binary '',1,1),(497,'leo rhoncus sed vestibulum','2021-07-28 02:46:05',_binary '',1,1),(498,'aliquet massa id lobortis convallis','2021-09-05 13:37:44',_binary '',1,1),(499,'cras pellentesque','2021-10-08 02:43:55',_binary '',1,2),(500,'ac','2021-09-22 11:42:55',_binary '',1,2);
/*!40000 ALTER TABLE `staff_note` ENABLE KEYS */;
UNLOCK TABLES;

--
-- Table structure for table `staff_role`
--

DROP TABLE IF EXISTS `staff_role`;
/*!40101 SET @saved_cs_client     = @@character_set_client */;
/*!50503 SET character_set_client = utf8mb4 */;
CREATE TABLE `staff_role` (
  `staff_id` bigint NOT NULL,
  `role_id` bigint NOT NULL,
  KEY `FKmu5qbw925ra8earuud0kqc1iq` (`role_id`),
  KEY `FKpcx2le3larpufip8hbowjqjfb` (`staff_id`),
  CONSTRAINT `FKmu5qbw925ra8earuud0kqc1iq` FOREIGN KEY (`role_id`) REFERENCES `role` (`roleid`),
  CONSTRAINT `FKpcx2le3larpufip8hbowjqjfb` FOREIGN KEY (`staff_id`) REFERENCES `staff` (`staff_id`)
) ENGINE=InnoDB DEFAULT CHARSET=utf8mb4 COLLATE=utf8mb4_0900_ai_ci;
/*!40101 SET character_set_client = @saved_cs_client */;

--
-- Dumping data for table `staff_role`
--

LOCK TABLES `staff_role` WRITE;
/*!40000 ALTER TABLE `staff_role` DISABLE KEYS */;
/*!40000 ALTER TABLE `staff_role` ENABLE KEYS */;
UNLOCK TABLES;

--
-- Table structure for table `supplier`
--

DROP TABLE IF EXISTS `supplier`;
/*!40101 SET @saved_cs_client     = @@character_set_client */;
/*!50503 SET character_set_client = utf8mb4 */;
CREATE TABLE `supplier` (
  `supplier_id` bigint NOT NULL AUTO_INCREMENT,
  `address` varchar(220) DEFAULT NULL,
  `email` varchar(50) DEFAULT NULL,
  `name` varchar(50) DEFAULT NULL,
  `phone_number` varchar(15) DEFAULT NULL,
  `picture_id` bigint DEFAULT NULL,
  `user_id` bigint DEFAULT NULL,
  `visible` tinyint(1) DEFAULT '1',
  PRIMARY KEY (`supplier_id`),
  KEY `supplier_user_id_index` (`user_id`),
  KEY `supplier_phone_number_index` (`phone_number`)
) ENGINE=InnoDB AUTO_INCREMENT=501 DEFAULT CHARSET=utf8mb4 COLLATE=utf8mb4_0900_ai_ci;
/*!40101 SET character_set_client = @saved_cs_client */;

--
-- Dumping data for table `supplier`
--

LOCK TABLES `supplier` WRITE;
/*!40000 ALTER TABLE `supplier` DISABLE KEYS */;
INSERT INTO `supplier` VALUES (1,'3 Prairie Rose Hill','bedens0@aboutads.info','Viettel','2917056444',1,1,1),(2,'4 Vernon Point','cmclugaish1@hubpages.com','Vinaphone ','6943555633',2,1,1),(3,'76 Carey Terrace','mepps2@cbc.ca','Mobifone','4625222484',3,1,1),(4,'21171 Melvin Avenue','rphillps3@comsenz.com','VNPT','7448498333',4,2,1),(5,'51720 Troy Lane','rlawrey4@patch.com','Vietnamobile','1912460650',5,1,1),(6,'33 Jenna Road','bsackes5@loc.gov','Beeline','6592734398',6,2,1),(7,'131 Steensland Parkway','pscrimshire6@ucsd.edu','FPT','3343238885',7,2,1),(8,'18760 Del Sol Alley','lbredgeland7@skype.com','CMC','4248924742',8,1,1),(9,'484 Saint Paul Avenue','cparmeter8@naver.com','Viettelco','9681411388',9,2,1),(10,'08 Haas Trail','jhymers9@prlog.org','Netnam','9107279396',10,1,1),(11,'82 Hansons Way','chutchina@springer.com','Mann, Littel and Huels','1785520954',145,1,1),(12,'30 Lyons Hill','vbeagleholeb@theglobeandmail.com','Baumbach Group','2921386345',146,2,1),(13,'454 Moulton Center','rhabinc@digg.com','Daniel, Moore and Olson','6828309225',147,1,1),(14,'4425 Havey Crossing','krennlesd@homestead.com','Carter and Sons','7117703806',148,1,1),(15,'30590 School Center','nvallise@unblog.fr','McLaughlin-Heidenreich','6713593536',149,2,1),(16,'27848 Hermina Court','abendf@free.fr','Friesen-Rohan','7519040194',150,1,1),(17,'7222 Ludington Hill','btebbg@naver.com','Dibbert, Schumm and Greenholt','3123301946',151,1,1),(18,'471 7th Junction','adevilh@woothemes.com','Weimann-O\'Kon','5458862783',152,1,1),(19,'122 Huxley Point','gfuchsi@etsy.com','Lynch, Bartoletti and Howe','1462860540',153,1,1),(20,'60 Blaine Plaza','arucklessej@freewebs.com','Christiansen-Effertz','2834329909',154,2,1),(21,'5 Ridge Oak Avenue','plowsonk@mashable.com','Mann-Heidenreich','4429343740',155,2,1),(22,'55347 Maryland Place','odeclercql@businessinsider.com','Torp-Crist','2136375432',156,1,1),(23,'8 Quincy Circle','hmcharrym@dion.ne.jp','Okuneva-Schimmel','8776787784',157,2,1),(24,'3801 Gale Avenue','twhittetn@hud.gov','Kassulke LLC','5285480129',158,2,1),(25,'419 Melody Parkway','mdidsburyo@furl.net','Stanton-Kautzer','4222112137',159,1,1),(26,'0867 Declaration Crossing','tmarjanovicp@simplemachines.org','Hodkiewicz-Spinka','4114517050',160,2,1),(27,'5 Farragut Parkway','cleffekq@youtu.be','Smith Inc','9757595456',161,1,1),(28,'8212 Arizona Park','msimesr@blogger.com','Bernhard Inc','9747998328',162,1,1),(29,'72920 Anniversary Alley','zmildenhalls@squidoo.com','Stehr LLC','5856324100',163,2,1),(30,'44 Elgar Point','kescrittt@multiply.com','Kilback-Shields','9933562979',164,2,1),(31,'64 Buena Vista Center','edanskenu@biglobe.ne.jp','Bernhard-Feeney','5959818199',165,1,1),(32,'8 Laurel Trail','tmatthewsv@telegraph.co.uk','Roob, Altenwerth and Gislason','9521159810',166,2,1),(33,'91048 Goodland Road','gmoizerw@macromedia.com','Doyle-Pollich','6037226741',167,1,1),(34,'5 Straubel Drive','dpeacheyx@cloudflare.com','Heidenreich-Bruen','3751580035',168,1,1),(35,'300 Autumn Leaf Alley','gaseyy@bbb.org','Hauck LLC','1112073189',169,2,1),(36,'0 Johnson Road','dchottyz@rediff.com','Kemmer LLC','7179566318',170,1,1),(37,'78842 Karstens Plaza','ksivior10@vk.com','Langosh Inc','7439602675',171,1,1),(38,'9524 Magdeline Road','cdeddum11@ebay.com','Maggio-Konopelski','3355306098',172,2,1),(39,'288 Vahlen Center','dlampen12@sogou.com','Labadie-McDermott','6542218477',173,2,1),(40,'210 Burning Wood Avenue','gprettjohn13@paginegialle.it','Miller, O\'Reilly and Olson','3883371435',174,1,1),(41,'3317 Stoughton Way','btabourel14@businessweek.com','Adams-Glover','3125063873',175,2,1),(42,'24828 Gateway Point','mbransom15@privacy.gov.au','Haley LLC','5632622404',176,1,1),(43,'0 Oxford Point','ohammelberg16@plala.or.jp','Brekke and Sons','6744622301',177,1,1),(44,'9 Eliot Point','kredferne17@latimes.com','McClure LLC','6988562077',178,1,1),(45,'563 Maywood Place','fvallintine18@123-reg.co.uk','Reynolds-Waelchi','5623507694',179,2,1),(46,'53844 Grim Trail','bgillan19@uiuc.edu','Beatty-O\'Kon','4805415879',180,2,1),(47,'3838 Rusk Point','jlubbock1a@nps.gov','O\'Conner Group','5462966407',181,2,1),(48,'145 Everett Street','mplumb1b@quantcast.com','Durgan, Weissnat and Franecki','3572722334',182,2,1),(49,'40518 Gulseth Pass','ghunnam1c@omniture.com','Kautzer, Reilly and Schneider','5056342073',183,2,1),(50,'0282 Thompson Avenue','rszymaniak1d@ucoz.ru','Graham-Hane','8495588779',184,1,1),(51,'3480 Vermont Junction','pscolding1e@xrea.com','Bartoletti, Flatley and D\'Amore','1145179630',185,1,1),(52,'5872 Arapahoe Trail','pschlagtmans1f@mayoclinic.com','Hand-Kunde','5226557299',186,1,1),(53,'2958 Green Drive','nbarns1g@alibaba.com','Gorczany-Crist','5935481286',187,2,1),(54,'02 Eagle Crest Junction','ecrocket1h@etsy.com','Quitzon and Sons','7931619716',188,1,1),(55,'682 Hanover Road','ypitchers1i@ted.com','Batz-Kassulke','2112524196',189,1,1),(56,'382 Boyd Circle','rstarrs1j@deliciousdays.com','Marquardt LLC','4987494926',190,1,1),(57,'67 Briar Crest Plaza','nrableau1k@cloudflare.com','Macejkovic-Macejkovic','7445838439',191,1,1),(58,'91 Arapahoe Terrace','fmcgahern1l@zimbio.com','Pfannerstill, Upton and MacGyver','6938249037',192,2,1),(59,'4367 Hudson Road','nmacgaffey1m@miitbeian.gov.cn','Hammes, Lind and Yundt','9085702588',193,2,1),(60,'3 Anderson Parkway','lgoodswen1n@tumblr.com','Dicki-Lehner','2441160577',194,2,1),(61,'519 Twin Pines Point','hpavelka1o@china.com.cn','Mraz-Kuhlman','1147893993',195,1,1),(62,'3266 Straubel Pass','mseivertsen1p@hibu.com','King LLC','7231317958',196,1,1),(63,'1 Birchwood Street','slozano1q@t.co','Stanton and Sons','3994897406',197,1,1),(64,'43 Hintze Crossing','nchin1r@sakura.ne.jp','Waters LLC','8911492808',198,1,1),(65,'3 Main Alley','jbalshen1s@domainmarket.com','Dicki, Ebert and Schroeder','8326673893',199,2,1),(66,'6118 Hollow Ridge Hill','mtyght1t@intel.com','Morar and Sons','1506307863',200,2,1),(67,'9 David Plaza','cspeer1u@examiner.com','Spencer Group','1159650894',201,2,1),(68,'56087 Milwaukee Terrace','fstuck1v@parallels.com','Lehner and Sons','9887390729',202,2,1),(69,'834 5th Road','ocardenoza1w@ovh.net','Fisher, Goyette and Reilly','8731665755',203,2,1),(70,'67 Sauthoff Avenue','jhulburt1x@newyorker.com','Berge LLC','4578427911',204,2,1),(71,'05633 Jana Hill','beskell1y@eventbrite.com','Labadie Inc','4428554088',205,2,1),(72,'8643 Sycamore Parkway','jmariolle1z@taobao.com','Hamill-Grant','8761686377',206,2,1),(73,'94 Logan Avenue','mmailes20@mashable.com','Cormier, Denesik and Murphy','9023697771',207,1,1),(74,'6 Pearson Drive','iorrill21@weather.com','Beatty Group','1974038304',208,1,1),(75,'52768 Linden Pass','pmcilory22@shop-pro.jp','King, McLaughlin and Sanford','7763403428',209,1,1),(76,'60 Lakewood Gardens Junction','alamkin23@google.pl','Klein and Sons','9456457133',210,1,1),(77,'8 Clyde Gallagher Junction','lrickford24@stumbleupon.com','Breitenberg-Lehner','7432193954',211,1,1),(78,'70371 Lindbergh Avenue','dmuspratt25@printfriendly.com','Goodwin, Hayes and Lemke','2118935708',212,1,1),(79,'3355 Arkansas Way','rbalazin26@cdbaby.com','Medhurst, Goldner and Kling','9189948608',213,1,1),(80,'92786 Buell Terrace','fgatecliff27@illinois.edu','Cronin Inc','9206126060',214,1,1),(81,'58 Sachtjen Place','bcrandon28@independent.co.uk','Mann-Feeney','1067054012',215,2,1),(82,'481 Shelley Street','cmighele29@webmd.com','Wolf, Kub and Morissette','9155070487',216,2,1),(83,'0 Katie Avenue','lcaltera2a@liveinternet.ru','Ward Inc','3428592381',217,2,1),(84,'287 Mendota Trail','gfinlry2b@salon.com','Spinka Group','2233629172',218,1,1),(85,'101 Maple Street','ahoodspeth2c@ihg.com','Boyer Inc','7548786260',219,1,1),(86,'02 American Place','ekingston2d@nba.com','Pagac-Kutch','2732101851',220,1,1),(87,'8885 Northland Trail','llukasen2e@elpais.com','Friesen, Braun and Kilback','2626448326',221,1,1),(88,'365 Montana Court','cstilwell2f@vk.com','Schamberger-Frami','1735317452',222,1,1),(89,'700 Lakewood Gardens Court','wattrie2g@cbc.ca','Christiansen-Nienow','1498142157',223,2,1),(90,'12 Gale Place','ltoffler2h@forbes.com','Berge-Williamson','2431498119',224,2,1),(91,'092 Hoffman Alley','mcamili2i@cbslocal.com','Hauck-Lang','8706736200',225,1,1),(92,'865 Clarendon Drive','griddick2j@google.it','Yost-Kshlerin','2076105464',226,2,1),(93,'666 Roth Lane','lhearsum2k@go.com','Brown Inc','7006273008',227,2,1),(94,'11 Hazelcrest Road','eyedall2l@answers.com','Carroll Inc','7685225338',228,2,1),(95,'021 Vahlen Street','pchastaing2m@dailymail.co.uk','Hartmann LLC','8452801501',229,1,1),(96,'27172 Grayhawk Point','chunter2n@tinypic.com','Thompson, Williamson and Upton','8109855072',230,2,1),(97,'86296 Comanche Trail','hmcquaker2o@bbb.org','Yundt Group','1659457106',231,1,1),(98,'5747 High Crossing Plaza','ibrusle2p@usda.gov','Beier, Hirthe and Howell','2701810350',232,2,1),(99,'82120 Prentice Place','rroxburch2q@ning.com','Hessel Inc','5245471678',233,2,1),(100,'82 Tony Parkway','lpowderham2r@hp.com','Turcotte Group','4346864270',234,1,1),(101,'600 Mcbride Point','jwilfing2s@hibu.com','Innotype','4413680042',235,2,1),(102,'0 Londonderry Drive','dfitkin2t@google.fr','Linktype','1737789832',236,1,1),(103,'68951 Sachs Place','ijoron2u@cornell.edu','Photospace','6172007027',237,2,1),(104,'361 Farmco Crossing','sdomico2v@gmpg.org','Ntag','4246855744',238,2,1),(105,'6038 Dottie Street','sskates2w@tripadvisor.com','Shuffletag','3514518385',239,2,1),(106,'81 Lakewood Trail','twalisiak2x@mlb.com','Dynazzy','9236024865',240,1,1),(107,'407 Bluestem Crossing','wealam2y@about.com','Skinix','5963498082',241,2,1),(108,'34 8th Park','mwitul2z@tamu.edu','Wikivu','2862748519',242,1,1),(109,'6 Green Avenue','fmcevilly30@springer.com','Skyble','7393277136',243,2,1),(110,'3220 School Court','ahartzog31@scribd.com','Wikivu','1273149286',244,1,1),(111,'79 Heath Trail','eviall32@myspace.com','Wordware','9624873563',245,2,1),(112,'8355 Oxford Avenue','gcoye33@list-manage.com','Voonder','1362337687',246,2,1),(113,'9820 Express Park','fmcalroy34@illinois.edu','Ntags','5343288335',247,2,1),(114,'1 Quincy Circle','smuston35@wordpress.com','Jaxworks','5813282071',248,1,1),(115,'3 Bellgrove Junction','rfiggures36@oaic.gov.au','Pixonyx','2949973652',249,2,1),(116,'65594 Kings Hill','qbretherick37@yale.edu','Flashspan','9092391433',250,1,1),(117,'84 Granby Crossing','lmycock38@google.com.au','Agivu','4205012090',251,1,1),(118,'78 Myrtle Trail','dtoothill39@cyberchimps.com','Fiveclub','5039641884',252,2,1),(119,'175 Brickson Park Drive','tspinige3a@stumbleupon.com','Eimbee','5094486329',253,1,1),(120,'84032 Waubesa Drive','dnormadell3b@ed.gov','Katz','5226355860',254,2,1),(121,'5531 Fulton Lane','achopin3c@deliciousdays.com','Voonix','9018217757',255,2,1),(122,'67 Lien Point','mkernermann3d@cbslocal.com','Thoughtbeat','1104673415',256,2,1),(123,'77 Messerschmidt Drive','mcampbell3e@gmpg.org','Dynava','3042306624',257,1,1),(124,'18 Monterey Pass','cheadings3f@blogspot.com','Bubbletube','8353843393',258,1,1),(125,'8 Commercial Plaza','gnatte3g@live.com','Voolith','1551215114',259,2,1),(126,'0665 Cambridge Street','rseater3h@netlog.com','Kayveo','6809532780',260,2,1),(127,'272 Eagle Crest Point','lshipley3i@oracle.com','Kaymbo','1091752861',261,2,1),(128,'2 Hayes Circle','medlyn3j@is.gd','Divape','4853309540',262,2,1),(129,'48443 Katie Plaza','bmully3k@ustream.tv','Wikido','2448950880',263,1,1),(130,'55 Graedel Court','wbyrde3l@mapquest.com','Midel','6388368552',264,2,1),(131,'922 7th Trail','rsheekey3m@ucoz.com','Oloo','9414232377',265,1,1),(132,'33109 Longview Plaza','abrisseau3n@topsy.com','Dynabox','8546015745',266,2,1),(133,'5 Porter Point','nkoenen3o@xrea.com','Yodoo','7143263835',267,2,1),(134,'15433 Fieldstone Pass','jmatus3p@oracle.com','Voonte','9648101059',268,2,1),(135,'60 Cherokee Center','hclaye3q@about.com','Avamm','1024530444',269,1,1),(136,'220 Springs Trail','ywitton3r@shinystat.com','Avaveo','8914637583',270,1,1),(137,'5296 Del Mar Pass','ffayter3s@dyndns.org','Oyondu','9908157637',271,1,1),(138,'2629 Heath Parkway','lroft3t@prweb.com','Fivebridge','2825671005',272,2,1),(139,'84452 Lake View Alley','drenon3u@auda.org.au','Skinix','4256777517',273,2,1),(140,'38776 Huxley Crossing','lcaspell3v@1688.com','Yata','2792605124',274,2,1),(141,'11094 Debra Way','vclevely3w@booking.com','Minyx','8716569239',275,1,1),(142,'6087 Pearson Road','celcock3x@reference.com','Roomm','9826128807',276,1,1),(143,'4 Sheridan Parkway','dsyson3y@globo.com','Jabbersphere','5534758211',277,2,1),(144,'835 Memorial Way','mkirton3z@wisc.edu','Katz','2597194236',278,1,1),(145,'73 Graedel Court','ccowper40@artisteer.com','Einti','7449185628',279,1,1),(146,'16 Ludington Court','mgever41@epa.gov','Cogibox','9527413247',280,1,1),(147,'80 Darwin Street','kcarslaw42@sciencedaily.com','Oyoyo','6032119675',281,1,1),(148,'5820 Muir Court','jamor43@histats.com','Nlounge','1828640264',282,2,1),(149,'5 Waxwing Avenue','ccalcraft44@columbia.edu','Babbleopia','8674280006',283,2,1),(150,'5242 Barby Street','gcraigs45@miitbeian.gov.cn','Yakidoo','2766696545',284,2,1),(151,'01 Heffernan Point','szorzenoni46@oaic.gov.au','Rhyloo','2093011459',285,1,1),(152,'576 8th Circle','vbatalle47@gnu.org','Zoombeat','9051279049',286,2,1),(153,'5469 West Pass','backenhead48@vinaora.com','Kaymbo','5111295621',287,1,1),(154,'37034 Huxley Court','gpaddon49@oracle.com','Eare','2899771860',288,1,1),(155,'47845 Judy Court','hjoselson4a@aboutads.info','Dabfeed','1103321880',289,1,1),(156,'72654 Dapin Pass','itanguy4b@blogtalkradio.com','Podcat','7544507483',290,2,1),(157,'8 Oak Valley Lane','jmakepeace4c@plala.or.jp','Cogilith','9888148593',291,1,1),(158,'716 Trailsway Point','remnoney4d@flickr.com','Gabtype','1169003651',292,2,1),(159,'52594 Pierstorff Street','mwhyard4e@photobucket.com','Shufflebeat','9742899524',293,1,1),(160,'6073 Lukken Junction','tmattei4f@arstechnica.com','Thoughtbridge','8079290211',294,2,1),(161,'7303 Lyons Center','aallett4g@unblog.fr','Fivespan','7415901931',295,1,1),(162,'68 Hoffman Drive','woneligan4h@sakura.ne.jp','Meevee','3243004454',296,1,1),(163,'77212 Erie Drive','boxteby4i@indiegogo.com','Rhycero','6746541764',297,2,1),(164,'16 Straubel Parkway','dwoehler4j@fda.gov','Skiba','9383604844',298,2,1),(165,'60 Sycamore Court','fcornely4k@disqus.com','Yacero','8508895171',299,2,1),(166,'292 La Follette Drive','tringrose4l@miitbeian.gov.cn','Yodo','3859101886',300,1,1),(167,'21564 Bunting Alley','ckolakovic4m@ox.ac.uk','Buzzbean','8844375148',301,2,1),(168,'1828 Ilene Junction','cwalshe4n@patch.com','Linkbuzz','2424469317',302,1,1),(169,'613 Graedel Pass','cbewshire4o@4shared.com','Skinder','7607194031',303,2,1),(170,'8419 Carpenter Crossing','clabusch4p@altervista.org','Browsezoom','4028413096',304,1,1),(171,'3774 Emmet Avenue','kmaccumeskey4q@pcworld.com','Fivespan','6928925606',305,2,1),(172,'47795 Acker Court','dchestney4r@dot.gov','Dabtype','8851729948',306,2,1),(173,'94 Acker Avenue','lrace4s@flavors.me','Einti','2621655117',307,1,1),(174,'2 Cottonwood Place','bmclleese4t@drupal.org','Realblab','6698411686',308,1,1),(175,'2084 Roxbury Crossing','iingrem4u@is.gd','InnoZ','4398459128',309,2,1),(176,'00489 American Park','fproudlock4v@typepad.com','Skibox','6693806326',310,2,1),(177,'5413 7th Crossing','cmartinon4w@tamu.edu','Photospace','5686257077',311,1,1),(178,'22 Golf View Way','jarnason4x@netvibes.com','Skibox','6987152714',312,2,1),(179,'481 Schurz Parkway','estreat4y@163.com','Tagcat','5145406535',313,1,1),(180,'5 Huxley Place','ftrahair4z@furl.net','Eimbee','4425147238',314,1,1),(181,'289 Scoville Court','ddryden50@admin.ch','Zoomlounge','1173941056',315,2,1),(182,'366 Gina Parkway','kdanielczyk51@cornell.edu','Jamia','4386966652',316,2,1),(183,'37 Rowland Circle','msteers52@flavors.me','Jabbercube','5452349352',317,1,1),(184,'39441 Pierstorff Hill','mwincom53@yellowbook.com','Wikibox','8732403967',318,1,1),(185,'1432 Cherokee Avenue','tcammish54@soup.io','Rhynoodle','6457657297',319,1,1),(186,'9 Warner Center','lstitle55@cafepress.com','Meevee','4138976896',320,2,1),(187,'68 Cordelia Street','dcaswall56@sogou.com','Zoozzy','2713699225',321,1,1),(188,'72 Burning Wood Junction','bspollen57@alibaba.com','Photobug','3404795636',322,1,1),(189,'6 Johnson Center','kmcnicol58@wikispaces.com','Skajo','6542969751',323,2,1),(190,'85 Green Ridge Crossing','dsloam59@arstechnica.com','Roombo','1622459966',324,1,1),(191,'18686 Delaware Way','gmcbean5a@sciencedirect.com','Mycat','7245082391',325,2,1),(192,'9 Kings Junction','cellard5b@lulu.com','Dabfeed','3991435341',326,2,1),(193,'3 Express Alley','oomurtagh5c@elpais.com','Zoonoodle','3776172911',327,2,1),(194,'9948 Bunker Hill Hill','hbroughton5d@prweb.com','Realmix','1959031833',328,1,1),(195,'4876 Golden Leaf Center','vschoular5e@pbs.org','Browsecat','2504687737',329,2,1),(196,'50546 Mockingbird Trail','cheale5f@berkeley.edu','Gigazoom','5972199334',330,1,1),(197,'5297 Messerschmidt Plaza','ahansley5g@eventbrite.com','Vitz','7796479434',331,1,1),(198,'37890 Dottie Pass','ualvey5h@smugmug.com','Oba','3614130492',332,1,1),(199,'9657 Heffernan Parkway','bglader5i@github.com','Mybuzz','8665972517',333,1,1),(200,'7 Eastlawn Court','balleyn5j@msn.com','LiveZ','4153170906',334,1,1),(201,'57019 Autumn Leaf Street','lfearn5k@stumbleupon.com','Brightbean','9111398194',335,2,1),(202,'65 Springview Crossing','cbillingham5l@nasa.gov','Lazz','2433407697',336,2,1),(203,'4 Maple Wood Avenue','kheddon5m@wikimedia.org','Leexo','8663945597',337,1,1),(204,'006 Memorial Park','rmallalieu5n@miitbeian.gov.cn','Avamba','6412656621',338,1,1),(205,'47775 Oak Alley','alukehurst5o@ocn.ne.jp','Eidel','1819808589',339,2,1),(206,'9 Sycamore Junction','dmunnion5p@house.gov','Feedspan','9945810835',340,1,1),(207,'627 Waywood Crossing','awitt5q@webeden.co.uk','Zoovu','8799359633',341,2,1),(208,'06 Eliot Pass','lwestfalen5r@ebay.com','Wordtune','9245751208',342,2,1),(209,'4 American Trail','ebarens5s@boston.com','Youspan','5586249736',343,1,1),(210,'56 Jenna Pass','aboultwood5t@typepad.com','Twimbo','5598441151',344,2,1),(211,'2575 Hagan Trail','gsparkes5u@ning.com','Zoomlounge','7489083477',345,2,1),(212,'59 Lakewood Gardens Hill','jpuckring5v@a8.net','Jabbersphere','8402973620',346,2,1),(213,'685 La Follette Place','ddouglass5w@miitbeian.gov.cn','Livetube','7169952257',347,1,1),(214,'7 Kingsford Way','blosel5x@amazon.com','Pixoboo','2086280520',348,1,1),(215,'34643 Jana Center','lfrankel5y@weather.com','Feedbug','4798259001',349,1,1),(216,'5 Dorton Trail','lpacey5z@fc2.com','Voolith','1913476028',350,2,1),(217,'940 Waxwing Parkway','dduffell60@booking.com','Oyondu','4255919951',351,1,1),(218,'33091 Menomonie Road','mcantle61@theguardian.com','Quimba','2525612419',352,1,1),(219,'2509 Anhalt Center','tosgardby62@eventbrite.com','Tambee','3791693801',353,1,1),(220,'1259 Moland Drive','rmckirdy63@cdbaby.com','Yambee','3156721775',354,2,1),(221,'679 Annamark Court','ghourigan64@psu.edu','Eire','3366820974',355,1,1),(222,'18 Brickson Park Lane','kscotchbourouge65@netlog.com','Tagchat','6359480538',356,1,1),(223,'49 Eastwood Way','dsivior66@washington.edu','Centimia','9249355653',357,1,1),(224,'916 Superior Park','bmccart67@themeforest.net','Bluejam','8495918886',358,1,1),(225,'5 Norway Maple Alley','estocks68@wsj.com','Topicware','2617007049',359,1,1),(226,'4780 Holmberg Drive','marmall69@comcast.net','Realcube','3275106644',360,1,1),(227,'033 Pond Court','tsaltsberg6a@washingtonpost.com','Yakitri','8108021607',361,2,1),(228,'484 Sloan Pass','btrebbett6b@wufoo.com','Podcat','2012103469',362,1,1),(229,'3188 Lindbergh Alley','mtraise6c@skype.com','Vidoo','9064110250',363,2,1),(230,'257 Bobwhite Avenue','cball6d@mashable.com','Browsetype','8847653302',364,2,1),(231,'70136 Nelson Street','mrizzetti6e@exblog.jp','Eare','9878422563',365,2,1),(232,'30 Shopko Street','hbogays6f@ameblo.jp','Zazio','7491553374',366,1,1),(233,'466 Del Mar Center','kelvey6g@elegantthemes.com','Dablist','1488720834',367,2,1),(234,'4947 Hansons Circle','vplane6h@goodreads.com','Wikizz','4579370704',368,2,1),(235,'138 Sheridan Crossing','rdowbiggin6i@shinystat.com','Youbridge','1632151478',369,1,1),(236,'52285 Gale Park','cfetters6j@ebay.co.uk','Aivee','9226221528',370,2,1),(237,'219 Cherokee Drive','ldidball6k@bravesites.com','Devbug','8587728237',371,2,1),(238,'85793 Elmside Junction','hgaskell6l@nih.gov','Skyba','3326976339',372,1,1),(239,'7628 Monterey Place','cgarrand6m@umn.edu','Yodoo','5932464204',373,2,1),(240,'36 Nova Junction','mpetticrow6n@delicious.com','Skaboo','9782553447',374,2,1),(241,'7169 Anzinger Drive','mdeleon6o@va.gov','Divape','4395903069',375,2,1),(242,'90 Butterfield Terrace','ewinning6p@rakuten.co.jp','Omba','3451809453',376,1,1),(243,'00193 Hoepker Parkway','jskerrett6q@smh.com.au','Eare','1781052254',377,2,1),(244,'385 Butternut Crossing','lfores6r@tuttocitta.it','Blogtag','3508923151',378,1,1),(245,'89403 Hallows Avenue','silling6s@t.co','Youopia','8058926496',379,1,1),(246,'603 Cody Plaza','srosterne6t@infoseek.co.jp','Flipstorm','5633470133',380,2,1),(247,'4 Service Center','kmccrum6u@ycombinator.com','Voonder','4942049346',381,1,1),(248,'8 Cascade Drive','cbauman6v@nydailynews.com','Kayveo','4105880183',382,1,1),(249,'44377 Melrose Way','mlinger6w@de.vu','Mycat','9948565812',383,2,1),(250,'9731 Cherokee Hill','lgerraty6x@de.vu','Oyoloo','7715833090',384,2,1),(251,'95360 Esch Place','astaniford6y@ning.com','Feedmix','8321876495',385,1,1),(252,'2823 Corben Center','pviollet6z@cdbaby.com','Thoughtblab','7838183662',386,1,1),(253,'2624 Roxbury Terrace','cbentham70@yolasite.com','Jayo','7053160667',387,1,1),(254,'91 Luster Crossing','rgreim71@slashdot.org','Dynabox','6277976372',388,1,1),(255,'743 Service Avenue','shollyman72@mayoclinic.com','Twimm','9674642255',389,2,1),(256,'3692 Mockingbird Junction','fellor73@bluehost.com','Kwideo','2291797307',390,2,1),(257,'1 Kenwood Pass','gmeric74@dropbox.com','Mynte','8836978721',391,2,1),(258,'25363 Park Meadow Crossing','cdakers75@diigo.com','Gigaclub','4738512992',392,2,1),(259,'566 Blackbird Street','rmactimpany76@cloudflare.com','Rooxo','2649087376',393,2,1),(260,'43 Blue Bill Park Parkway','pdingle77@yahoo.com','Roodel','9621749575',394,2,1),(261,'67 Gina Street','lbruckenthal78@stanford.edu','Meembee','8321633818',395,1,1),(262,'828 Thierer Parkway','msiggery79@dropbox.com','Shuffledrive','3747782249',396,1,1),(263,'3 Mitchell Park','mjoppich7a@unc.edu','Skalith','9092085378',397,2,1),(264,'6 Division Avenue','jholberry7b@nps.gov','Babblestorm','3241215893',398,2,1),(265,'096 Stuart Alley','khancill7c@yelp.com','Topiclounge','7333487103',399,1,1),(266,'785 Continental Center','kroffe7d@delicious.com','Jaxbean','1403540263',400,2,1),(267,'8 Stuart Junction','cfotheringham7e@mozilla.org','Skipfire','5889404615',401,2,1),(268,'571 Haas Junction','hledger7f@apache.org','Realfire','7734126856',402,2,1),(269,'56 Arrowood Park','dferronel7g@gov.uk','Oloo','1413577111',403,1,1),(270,'2687 Fremont Trail','fsorrell7h@ebay.co.uk','Zoomlounge','9022597847',404,2,1),(271,'7374 Badeau Junction','arotherforth7i@ask.com','Babbleopia','3126388413',405,2,1),(272,'875 Village Green Hill','espaule7j@addthis.com','Fliptune','7371351187',406,2,1),(273,'82536 Aberg Drive','rgabbitus7k@mashable.com','Oyoba','6048185347',407,2,1),(274,'33 Gulseth Hill','hspittal7l@cargocollective.com','Wikizz','6954974883',408,2,1),(275,'3 Union Hill','jabbett7m@ovh.net','Skivee','5163215019',409,1,1),(276,'5321 Toban Court','cbortolutti7n@ovh.net','Quamba','7378918353',410,2,1),(277,'7 Dixon Plaza','adugdale7o@indiegogo.com','Cogilith','5501505414',411,1,1),(278,'7 Continental Parkway','kmacilriach7p@ask.com','Mydo','8791417177',412,2,1),(279,'93 Tennyson Trail','aschukraft7q@google.com.hk','Feedspan','8901746497',413,2,1),(280,'503 Welch Center','bglasscock7r@wiley.com','Eamia','7266592079',414,1,1),(281,'395 Summit Parkway','ndrysdall7s@barnesandnoble.com','Flipstorm','4276576277',415,1,1),(282,'371 Jackson Way','dbainton7t@reference.com','Tagtune','8641856360',416,2,1),(283,'62 Debs Crossing','aiacovini7u@icq.com','Yacero','4643238378',417,2,1),(284,'8 Hermina Crossing','rnelsey7v@mediafire.com','Trilith','9975150854',418,1,1),(285,'3379 Montana Crossing','mclaiden7w@symantec.com','Shuffledrive','6644199971',419,2,1),(286,'4123 Melvin Alley','hsaxelby7x@youtube.com','Talane','3708806890',420,1,1),(287,'4 Thierer Avenue','rtrevino7y@sohu.com','DabZ','5448319648',421,1,1),(288,'7045 Farwell Point','cantalffy7z@tripod.com','Yotz','7799816966',422,2,1),(289,'489 Cardinal Road','smarzele80@fda.gov','Leenti','8491890620',423,2,1),(290,'139 Menomonie Center','wnevison81@storify.com','Jamia','8905920389',424,1,1),(291,'77558 South Drive','mskerritt82@hc360.com','Feedfish','5045029986',425,2,1),(292,'4095 Graedel Court','tbeevers83@yellowbook.com','Browsetype','5583737878',426,2,1),(293,'6 Evergreen Court','gzannotelli84@google.ca','Jayo','8664843804',427,2,1),(294,'9891 Barby Court','rtravis85@bloglovin.com','Jaloo','2126852995',428,2,1),(295,'218 Helena Trail','dchristol86@behance.net','Jaloo','1529913371',429,1,1),(296,'1 Sunfield Circle','csammes87@nasa.gov','Devpoint','7334614270',430,1,1),(297,'7690 Algoma Plaza','atourle88@businesswire.com','Realfire','8329632155',431,1,1),(298,'38 Cambridge Avenue','ejosilevich89@ebay.com','Oloo','8965102071',432,1,1),(299,'62 Prairieview Place','wbalentyne8a@timesonline.co.uk','Feedfish','4835809699',433,2,1),(300,'930 Independence Avenue','mlornsen8b@state.tx.us','Meetz','4975592112',434,2,1),(301,'13478 Lakewood Gardens Drive','vabrahamsohn8c@nps.gov','DabZ','1361394536',435,2,1),(302,'583 Duke Drive','wgreaves8d@intel.com','Voomm','9174075267',436,2,1),(303,'96 Blackbird Avenue','kburchfield8e@joomla.org','Bluejam','2809972473',437,1,1),(304,'39 Forest Street','cbertelmot8f@latimes.com','Miboo','4756888918',438,2,1),(305,'11 Bay Point','hsyddie8g@privacy.gov.au','Jabbersphere','2128723162',439,1,1),(306,'3 Onsgard Way','dpringley8h@flavors.me','Abatz','8233626875',440,1,1),(307,'0 Bobwhite Avenue','ktoby8i@furl.net','Wikivu','7312860690',441,1,1),(308,'5897 Colorado Plaza','eclinning8j@dedecms.com','Shuffledrive','3935907491',442,2,1),(309,'179 Morningstar Plaza','ibarnson8k@who.int','Devbug','4998337706',443,1,1),(310,'387 Farmco Lane','aedgson8l@go.com','Thoughtstorm','6199784383',444,2,1),(311,'62247 Bartelt Alley','calves8m@cocolog-nifty.com','Thoughtbeat','6819671390',445,2,1),(312,'758 Carey Park','ephilbin8n@google.ru','Twinder','9238888279',446,1,1),(313,'45 Summerview Center','dsatterley8o@rambler.ru','Eabox','5091617042',447,1,1),(314,'45129 Pearson Drive','dbenthall8p@imageshack.us','Aimbu','4834180684',448,1,1),(315,'43740 Erie Pass','opennacci8q@theatlantic.com','Blogtags','2141287377',449,1,1),(316,'82 Bunting Center','sfansy8r@nbcnews.com','Voonyx','8785062686',450,1,1),(317,'2908 Dovetail Court','dmuck8s@wunderground.com','Photobug','9496760343',451,1,1),(318,'4 Dovetail Road','kathow8t@parallels.com','Zoomcast','8058472680',452,1,1),(319,'59 Oxford Court','lbeak8u@icio.us','Oyoyo','8848198030',453,1,1),(320,'8186 Doe Crossing Alley','earchibald8v@tmall.com','Talane','2322654593',454,1,1),(321,'50780 Farmco Lane','fkeats8w@wp.com','Feedfish','8748531506',455,1,1),(322,'28 Larry Parkway','bpollak8x@uiuc.edu','Browseblab','2852952601',456,2,1),(323,'6 Hanson Terrace','cveneur8y@tumblr.com','Blogtag','3032890886',457,1,1),(324,'77239 Rieder Crossing','ljudge8z@npr.org','Zoomdog','2104020922',458,2,1),(325,'69752 Anthes Court','wrowlstone90@skyrock.com','Topicblab','1959394505',459,2,1),(326,'30 Mitchell Hill','jkmieciak91@dedecms.com','Photospace','4512673316',460,1,1),(327,'697 Saint Paul Point','bfickling92@aboutads.info','Latz','2768016638',461,2,1),(328,'41 Debra Lane','cwanley93@nifty.com','Twiyo','7665901757',462,1,1),(329,'81639 Brentwood Crossing','kgiamelli94@spiegel.de','Topiclounge','4196820525',463,1,1),(330,'5523 Golf Circle','kwaterson95@meetup.com','Gigabox','2211342904',464,1,1),(331,'1052 Columbus Street','hlougheid96@wiley.com','Realpoint','4356752096',465,1,1),(332,'23 Parkside Junction','sgrantham97@twitter.com','DabZ','4632064458',466,1,1),(333,'11339 Rowland Court','ckrikorian98@newyorker.com','Skimia','5771785384',467,1,1),(334,'883 Hollow Ridge Road','dmcgarrell99@java.com','Thoughtbridge','1408790594',468,1,1),(335,'8921 Burrows Parkway','tcobelli9a@businessweek.com','Vinder','5238639324',469,1,1),(336,'723 Corry Lane','sskurm9b@wordpress.org','Ooba','6128577497',470,2,1),(337,'53965 Haas Pass','cdugald9c@github.io','Trudoo','2918810189',471,2,1),(338,'3 Autumn Leaf Drive','tgolthorpp9d@time.com','Fivechat','8939926771',472,2,1),(339,'82 Bashford Alley','bstowell9e@microsoft.com','Roombo','5461002003',473,1,1),(340,'57 Ryan Alley','itranfield9f@soup.io','Mybuzz','6723343457',474,1,1),(341,'9316 Vermont Junction','landraud9g@aol.com','Skimia','9529656172',475,2,1),(342,'730 Valley Edge Terrace','gniles9h@reuters.com','Mita','6158189310',476,2,1),(343,'77 Carberry Circle','lmars9i@artisteer.com','Ainyx','4579062918',477,1,1),(344,'2543 Ohio Park','vkuhnwald9j@wunderground.com','Rooxo','6521566721',478,2,1),(345,'89 Milwaukee Drive','jsilcocks9k@abc.net.au','Fatz','2108969283',479,2,1),(346,'97240 Talisman Junction','jmoakes9l@elegantthemes.com','Realfire','8007430111',480,2,1),(347,'50886 Corry Plaza','sraffon9m@nifty.com','Youopia','5303029736',481,2,1),(348,'01516 Larry Trail','ccullagh9n@skype.com','Livetube','2536792189',482,2,1),(349,'67234 Pearson Drive','mnewnham9o@skype.com','Topiczoom','6717578470',483,1,1),(350,'00811 Melby Junction','kwauchope9p@tinypic.com','Gigazoom','5638415167',484,1,1),(351,'05 Reinke Plaza','elisimore9q@mtv.com','Roomm','5206210771',485,2,1),(352,'619 Canary Parkway','ijakeway9r@netscape.com','Meembee','6787918001',486,1,1),(353,'752 Oak Valley Plaza','sdeegan9s@netvibes.com','Leenti','7334788152',487,1,1),(354,'34 Vera Avenue','rshoulder9t@loc.gov','Skipstorm','8496751850',488,2,1),(355,'2184 Hayes Drive','lyeell9u@tamu.edu','Devcast','2792840988',489,1,1),(356,'44105 Northfield Drive','mfloodgate9v@blogger.com','Midel','7177192286',490,1,1),(357,'68874 Rockefeller Plaza','vbrownsall9w@g.co','Oyondu','4829210452',491,1,1),(358,'4 Walton Place','gschettini9x@unc.edu','Meeveo','6075381305',492,2,1),(359,'496 Kedzie Parkway','gmattys9y@wsj.com','Geba','6936556228',493,2,1),(360,'72 Tennyson Drive','agrzesiewicz9z@oakley.com','Npath','9397394114',494,1,1),(361,'608 Lotheville Parkway','mworsnupa0@ft.com','Centidel','5879615463',495,2,1),(362,'2845 Menomonie Trail','ksidebottoma1@mozilla.com','Aimbo','8634922938',496,1,1),(363,'10326 Colorado Circle','mgabea2@hostgator.com','Wordify','9777219646',497,1,1),(364,'06 Bartillon Center','gdurhama3@nbcnews.com','Plajo','4508631086',498,2,1),(365,'05889 Leroy Circle','mdisdela4@marriott.com','Mynte','6972506993',499,2,1),(366,'19 Lakewood Gardens Point','kdamirala5@hexun.com','Realblab','7531831200',500,1,1),(367,'770 Macpherson Plaza','rboswarda6@independent.co.uk','Katz','4771091052',501,1,1),(368,'85049 Larry Park','jhounshama7@fema.gov','Skinte','9596859171',502,2,1),(369,'5137 Shopko Street','kbartholomausa8@angelfire.com','Abata','1496517798',503,2,1),(370,'56643 Butterfield Junction','qrodliffa9@csmonitor.com','Oyoloo','2181932252',504,1,1),(371,'3 South Lane','adunnetaa@artisteer.com','Photospace','1599799801',505,1,1),(372,'9877 Twin Pines Avenue','fdevallab@sourceforge.net','Realpoint','6552564612',506,2,1),(373,'5 Weeping Birch Avenue','bsnowlingac@auda.org.au','Feednation','6195046179',507,1,1),(374,'5 Sage Parkway','sburchmoread@chronoengine.com','Devpulse','7269357335',508,2,1),(375,'47 Oxford Alley','pnielsonae@sfgate.com','Twiyo','1866378389',509,1,1),(376,'34426 Trailsway Terrace','cfellisaf@psu.edu','Skyndu','5329341434',510,1,1),(377,'15 Lukken Drive','wpepperillag@utexas.edu','Topicstorm','6417491233',511,1,1),(378,'403 Thompson Avenue','gioselevichah@usgs.gov','Yacero','3455357570',512,2,1),(379,'81 Mcguire Alley','cbrogiai@squidoo.com','Aimbo','5147336802',513,2,1),(380,'8226 American Pass','nvarkeraj@ebay.com','Realmix','6413178034',514,1,1),(381,'3812 Old Shore Terrace','kbleiak@so-net.ne.jp','Feedfire','9786347095',515,1,1),(382,'5 Blaine Parkway','swalklateal@yale.edu','Flipstorm','9729233315',516,1,1),(383,'94924 Merrick Terrace','ihalvosenam@pbs.org','Divanoodle','3188747415',517,1,1),(384,'95957 Bay Trail','wwilksan@angelfire.com','Eimbee','6082001320',518,1,1),(385,'6 Dixon Crossing','tdacresao@wikispaces.com','Twitterworks','3461534174',519,2,1),(386,'14874 Rutledge Lane','gdahlenap@delicious.com','Chatterbridge','5403631357',520,2,1),(387,'39723 Brentwood Court','aweatherupaq@multiply.com','Talane','3103392495',521,2,1),(388,'998 Spohn Junction','jrouthamar@canalblog.com','Tavu','1975337429',522,1,1),(389,'08 Forest Run Avenue','nlummas@amazon.de','Eadel','9015062785',523,2,1),(390,'90452 Raven Drive','apaveseat@bbc.co.uk','Oba','2813689643',524,2,1),(391,'5767 Graceland Alley','mheaphyau@issuu.com','Voonix','9151741810',525,1,1),(392,'031 Paget Parkway','jbeaudryav@seattletimes.com','Kwinu','9945385983',526,1,1),(393,'88073 Twin Pines Junction','dtivnanaw@friendfeed.com','Meejo','5874124992',527,2,1),(394,'65 Randy Alley','nhulseax@themeforest.net','Youfeed','9054264195',528,2,1),(395,'0384 Hanover Point','jshouteay@yolasite.com','Thoughtblab','5729353209',529,1,1),(396,'58 Shoshone Street','jreesaz@wunderground.com','Plambee','4146564837',530,2,1),(397,'1414 Schiller Way','ahalgarthb0@twitter.com','Quinu','6372246670',531,1,1),(398,'76074 Spaight Junction','jcockerhamb1@cdc.gov','Roomm','5459850384',532,2,1),(399,'78 Becker Place','etreatb2@washington.edu','Minyx','5123725534',533,2,1),(400,'52 Derek Court','sbramsenb3@cbsnews.com','Oyoyo','8935089487',534,2,1),(401,'901 Rutledge Pass','jgypsonb4@netscape.com','Dabshots','9239943328',535,1,1),(402,'71597 Parkside Plaza','tbordmanb5@bigcartel.com','Fliptune','5403827901',536,2,1),(403,'5 Northview Pass','apattinib6@foxnews.com','Topdrive','1722981438',537,1,1),(404,'4 Green Park','fmcgettrickb7@technorati.com','Quimm','9248119968',538,1,1),(405,'4941 Transport Pass','pdillawayb8@ca.gov','Topicstorm','7453609162',539,2,1),(406,'619 Bowman Park','aguerreaub9@rediff.com','Kayveo','1322829042',540,2,1),(407,'2868 Meadow Valley Avenue','aleyntonba@flavors.me','Thoughtbridge','8314109704',541,1,1),(408,'8387 Westridge Crossing','hlascellesbb@quantcast.com','Photobug','7508951473',542,2,1),(409,'9661 Forest Dale Junction','nlisciardellibc@vk.com','Vinder','9173065342',543,2,1),(410,'3 Sherman Avenue','kmitchardbd@cnbc.com','Wikivu','4782851166',544,2,1),(411,'81 Kinsman Hill','ewicksonbe@google.co.uk','Ntags','5682245733',545,1,1),(412,'27139 Acker Way','blaitebf@goodreads.com','Bubblemix','2558942972',546,2,1),(413,'28227 Waxwing Court','econnockbg@nydailynews.com','Zazio','7415814914',547,1,1),(414,'4005 Golf Course Court','fisakowiczbh@altervista.org','Browsezoom','1818005762',548,2,1),(415,'01821 Packers Crossing','dtrittonbi@blogspot.com','Aimbu','8877075842',549,2,1),(416,'13 Bashford Terrace','efiggsbj@ft.com','Photospace','7643232239',550,1,1),(417,'7 Gateway Alley','apolettobk@un.org','Feednation','3486351370',551,1,1),(418,'57295 Columbus Center','asandwickbl@answers.com','Thoughtblab','9026006095',552,1,1),(419,'05423 Warrior Plaza','mreadwingbm@nymag.com','Quimba','9818998775',553,1,1),(420,'57478 Hollow Ridge Center','meborallbn@reverbnation.com','Layo','2584636733',554,1,1),(421,'01516 Sundown Place','dmaclisebo@tiny.cc','Photojam','9902352915',555,2,1),(422,'8792 Miller Avenue','csargantbp@unicef.org','Dabtype','6819661740',556,2,1),(423,'019 Cardinal Parkway','tfrarybq@omniture.com','Edgeblab','9118519152',557,1,1),(424,'25932 Tony Alley','cfoucherbr@seattletimes.com','Devbug','2762285171',558,2,1),(425,'8 Becker Drive','bfirpibs@nymag.com','Photobug','1108128406',559,2,1),(426,'69 Scoville Pass','rameybt@webeden.co.uk','Oba','3118558148',560,1,1),(427,'5 Main Junction','clawriebu@wikipedia.org','Bluezoom','2451359507',561,1,1),(428,'55250 Ridge Oak Way','tmartschikbv@sciencedirect.com','Realpoint','3966261648',562,1,1),(429,'0986 Duke Crossing','rdoddemeedebw@fema.gov','Yamia','1237134037',563,2,1),(430,'918 Crescent Oaks Place','ostimsonbx@diigo.com','Zazio','4992081550',564,2,1),(431,'274 Rigney Lane','csmithemanby@tmall.com','Oozz','9398950842',565,1,1),(432,'07 Kim Alley','gendlebz@eventbrite.com','Gigabox','2766047720',566,1,1),(433,'50494 Mallory Hill','kwilkensonc0@thetimes.co.uk','Skyndu','6605227052',567,1,1),(434,'3 Dayton Place','fleederc1@pcworld.com','Zooveo','8015884809',568,2,1),(435,'7 Utah Crossing','acratchleyc2@artisteer.com','Quimm','9451678611',569,2,1),(436,'319 Hollow Ridge Park','bwalklingc3@amazonaws.com','Gabcube','8522278718',570,1,1),(437,'935 Granby Park','asherrinc4@simplemachines.org','Linktype','9612662187',571,1,1),(438,'94 Blaine Avenue','rcanferc5@wikimedia.org','Skyba','6754321911',572,2,1),(439,'4 Bartelt Avenue','jhullec6@hostgator.com','Eire','1869299544',573,1,1),(440,'91720 Nancy Park','jmckinnac7@nationalgeographic.com','Quinu','3951082964',574,1,1),(441,'54960 American Ash Trail','ibraikenridgec8@samsung.com','Brainlounge','7906162238',575,2,1),(442,'25170 Springs Drive','aharrellc9@usa.gov','Centidel','6004584274',576,2,1),(443,'5 Fuller Plaza','slyenyngca@cafepress.com','Skalith','1904524864',577,2,1),(444,'5 Homewood Crossing','sfernancb@umich.edu','Feedbug','5774106580',578,1,1),(445,'98 Hudson Crossing','wdennidgecc@g.co','Meembee','8604111876',579,2,1),(446,'627 Annamark Drive','tmangenetcd@printfriendly.com','Photofeed','3833500690',580,2,1),(447,'120 Merchant Park','aleonidace@google.fr','Vinte','2809123202',581,2,1),(448,'630 Debs Trail','mgaskincf@blogtalkradio.com','Divanoodle','2335820596',582,1,1),(449,'007 Linden Park','cabrahamcg@guardian.co.uk','Eire','8728336573',583,2,1),(450,'26 Waywood Parkway','rcaughtech@cnbc.com','Mymm','5314623689',584,2,1),(451,'41 Dixon Terrace','meusticeci@latimes.com','Mudo','3733836741',585,2,1),(452,'360 Sage Alley','dfeeleycj@apple.com','Babbleopia','5024314172',586,2,1),(453,'96786 Hanover Hill','sabrahamianck@mediafire.com','Realcube','6067092786',587,1,1),(454,'923 Hoard Way','cpostoncl@deliciousdays.com','Realcube','6382210224',588,2,1),(455,'952 Eastwood Center','klindlcm@twitter.com','Oyondu','8742406259',589,2,1),(456,'375 Sommers Park','teberstcn@macromedia.com','Dabtype','4291452696',590,1,1),(457,'337 Melby Crossing','feckhco@rakuten.co.jp','Skimia','4907392552',591,2,1),(458,'49209 Little Fleur Drive','lyoungcp@psu.edu','Thoughtmix','6612283403',592,1,1),(459,'85 Ridge Oak Court','bpummerycq@lycos.com','Kare','8898174346',593,2,1),(460,'927 Autumn Leaf Trail','pdillintoncr@yandex.ru','Gigaclub','9859854260',594,1,1),(461,'7641 Claremont Hill','cringscs@creativecommons.org','Lazzy','7371722194',595,1,1),(462,'492 Crownhardt Avenue','xcaygillct@youtube.com','Voonix','1551924750',596,1,1),(463,'292 Oxford Road','itolputtcu@wsj.com','Fliptune','8387005144',597,1,1),(464,'357 Pleasure Lane','lpallentcv@geocities.jp','Quire','7661706859',598,1,1),(465,'9186 Loeprich Pass','kdeddencw@hubpages.com','Dablist','1705070480',599,2,1),(466,'8 Claremont Circle','mvanderplascx@cisco.com','Twitterlist','5065849133',600,1,1),(467,'012 Carioca Street','ndelanycy@alibaba.com','Tavu','7874426611',601,1,1),(468,'8 Bluestem Alley','fdefilippocz@miitbeian.gov.cn','Bluejam','1597432180',602,1,1),(469,'84 La Follette Park','ethomasond0@ow.ly','Aimbo','1727932142',603,1,1),(470,'1548 Eagle Crest Crossing','eratleyd1@columbia.edu','Fadeo','4313841583',604,2,1),(471,'905 Arkansas Hill','alatheyd2@facebook.com','Jaxnation','9016614395',605,2,1),(472,'1 Doe Crossing Way','bketteld3@tiny.cc','Kwimbee','6116424214',606,2,1),(473,'25193 Pennsylvania Road','vmaultbyd4@apple.com','Fivechat','9209624619',607,1,1),(474,'5625 Green Ridge Lane','csandled5@dyndns.org','Dynava','8182744990',608,1,1),(475,'89 Grayhawk Park','bmccardled6@i2i.jp','Meevee','5678017185',609,1,1),(476,'6 Bobwhite Parkway','mvanlintd7@discovery.com','Blogspan','2034725109',610,1,1),(477,'6 Becker Place','jpitrassod8@ted.com','Yata','1254181027',611,1,1),(478,'02716 East Parkway','elindemannd9@canalblog.com','Voonte','3804174392',612,2,1),(479,'015 Upham Park','fmorsleyda@jalbum.net','Wordtune','4506188152',613,1,1),(480,'51090 Kedzie Trail','rdysterdb@ca.gov','Skilith','5606651284',614,1,1),(481,'44162 Norway Maple Way','dsidneydc@xinhuanet.com','Gabspot','9359902809',615,1,1),(482,'57447 Arapahoe Pass','bkerforddd@topsy.com','Katz','2653723261',616,1,1),(483,'9133 Rutledge Park','wrosingdallde@auda.org.au','Dynava','9352706927',617,1,1),(484,'21 Bayside Junction','jvannardf@quantcast.com','Edgeblab','9173039197',618,2,1),(485,'10 Leroy Way','btinndg@japanpost.jp','Thoughtbridge','2852683484',619,2,1),(486,'09 Dexter Junction','kdumbaredh@google.ca','Trilia','3062099683',620,1,1),(487,'31 Leroy Crossing','gcoskerdi@trellian.com','Podcat','6946581577',621,1,1),(488,'9 Porter Plaza','cmapledj@ycombinator.com','Flipopia','7184086054',622,1,1),(489,'38397 Grim Lane','gchangdk@live.com','Realcube','4684150599',623,2,1),(490,'24 Burning Wood Trail','tprendl@flavors.me','Gigazoom','1179566760',624,1,1),(491,'42 Vera Plaza','spirouetdm@last.fm','Wikibox','8251410700',625,1,1),(492,'0600 Spohn Pass','smcnerndn@bandcamp.com','Kwinu','1428236406',626,1,1),(493,'65153 Caliangt Alley','awipperdo@washington.edu','Myworks','6058625455',627,1,1),(494,'3763 Ramsey Center','rgiacomassodp@tripadvisor.com','Photospace','9014800467',628,2,1),(495,'9 Londonderry Plaza','sshalcrasdq@bigcartel.com','Katz','1454739670',629,1,1),(496,'951 Huxley Plaza','hrickmandr@g.co','Viva','6245107297',630,2,1),(497,'18708 Fallview Plaza','kbroadstockds@livejournal.com','Kaymbo','7974532848',631,1,1),(498,'8238 Anthes Point','xalsteaddt@ca.gov','Meemm','9802931857',632,2,1),(499,'72 Bowman Plaza','ehudsondu@admin.ch','Riffwire','7891358202',633,2,1),(500,'7885 Dixon Way','urubidv@indiatimes.com','Yacero','9131814450',634,2,1);
/*!40000 ALTER TABLE `supplier` ENABLE KEYS */;
UNLOCK TABLES;

--
-- Table structure for table `user`
--

DROP TABLE IF EXISTS `user`;
/*!40101 SET @saved_cs_client     = @@character_set_client */;
/*!50503 SET character_set_client = utf8mb4 */;
CREATE TABLE `user` (
  `user_id` bigint NOT NULL AUTO_INCREMENT,
  `email` varchar(50) DEFAULT NULL,
  `first_name` varchar(20) DEFAULT NULL,
  `last_name` varchar(20) DEFAULT NULL,
  `password` varchar(128) DEFAULT NULL,
  `phone_number` varchar(15) DEFAULT NULL,
  `picture_id` bigint DEFAULT NULL,
  `user_name` varchar(30) DEFAULT NULL,
  `user_uuid` varchar(50) DEFAULT (uuid()),
  PRIMARY KEY (`user_id`),
  KEY `user_email_index` (`email`),
  KEY `user_phone_number_index` (`phone_number`),
  KEY `user_user_name_index` (`user_name`)
) ENGINE=InnoDB AUTO_INCREMENT=10 DEFAULT CHARSET=utf8mb4 COLLATE=utf8mb4_0900_ai_ci;
/*!40101 SET character_set_client = @saved_cs_client */;

--
-- Dumping data for table `user`
--

LOCK TABLES `user` WRITE;
/*!40000 ALTER TABLE `user` DISABLE KEYS */;
INSERT INTO `user` VALUES (1,'anotherbadass@gmail.com','Buda','Buda','$2a$10$B5uPPp7NHVjSuC6IIv.kDOmgQPwonJSsH8n02VYLEsLAsLdKs8dKO','1231312313',NULL,'badasssss',NULL),(2,'budatester@gmail.com','Buda','Buda','$2a$10$gepYPzi4FAQA8h1EbGgb5e.iFDH.3XqTC7GQBjACn23G/tg2aVXYq','123131223313',NULL,'budatester',NULL),(3,'abcxyz@email.com','tien','tien','$2a$10$47Qq75q0ZCzBCedJI7L9Bum.0hvllzVnuDLLXVudW6OSbC0JRBePW','0123456788',NULL,'tien1',NULL),(4,'abcxyz1@email.com','tien','tien','$2a$10$Hy3CCAYmYan26h67fo9y8.42rx9T12pnV8QrUbc8tVRctnYaCzQr2','0123456787',NULL,'tien2',NULL),(5,'abcxyz2@email.com','tien','tien','$2a$10$X.PjvsjGrH6tsWVnniHGYOVaXSwn2yOjTWpMuCK4tcLIqV2DRTjse','0123456786',NULL,'tien3',NULL),(6,'tqhai@gmail.com','Tran','Hai','$2a$10$BW2ZGd/.SQdww.O4mSMCY.ZyXB/E4JXSmhjLR715ikleUnn5.lzF.','031256748',NULL,'tqhai',NULL),(7,'nnling@gmail.com','Nguyen','Linh','$2a$10$VW.CyRznBc5rwY2rROp.p.B5GCuvN7.YJUc3fJmSk4yDbS8bMhQtS','03489427284',NULL,'nnling',NULL),(8,'haitq_new@mail.edu','hai','kas','$2a$10$A2bnHphXZJGRU7qTjWAzwOUUlMWjIHSjjhYg/tAHmuVIoNbfBcFRK','01231231344',NULL,'haitq_new',NULL),(9,'tien4@email.com','tien','tien','$2a$10$nxKQgWcS16nYpT.L/4dekux9LOWfDAOdlAhl1u8tSzB.sCLV9OdKi','0123456784',NULL,'tien4',NULL);
/*!40000 ALTER TABLE `user` ENABLE KEYS */;
UNLOCK TABLES;

--
-- Table structure for table `user_role`
--

DROP TABLE IF EXISTS `user_role`;
/*!40101 SET @saved_cs_client     = @@character_set_client */;
/*!50503 SET character_set_client = utf8mb4 */;
CREATE TABLE `user_role` (
  `user_id` bigint NOT NULL,
  `role_id` bigint NOT NULL,
  KEY `FKa68196081fvovjhkek5m97n3y` (`role_id`),
  KEY `FK859n2jvi8ivhui0rl0esws6o` (`user_id`),
  CONSTRAINT `FK859n2jvi8ivhui0rl0esws6o` FOREIGN KEY (`user_id`) REFERENCES `user` (`user_id`),
  CONSTRAINT `FKa68196081fvovjhkek5m97n3y` FOREIGN KEY (`role_id`) REFERENCES `role` (`roleid`)
) ENGINE=InnoDB DEFAULT CHARSET=utf8mb4 COLLATE=utf8mb4_0900_ai_ci;
/*!40101 SET character_set_client = @saved_cs_client */;

--
-- Dumping data for table `user_role`
--

LOCK TABLES `user_role` WRITE;
/*!40000 ALTER TABLE `user_role` DISABLE KEYS */;
INSERT INTO `user_role` VALUES (1,1),(2,1),(3,1),(4,1),(5,1),(6,1),(7,1),(8,1),(9,1);
/*!40000 ALTER TABLE `user_role` ENABLE KEYS */;
UNLOCK TABLES;

--
-- Dumping events for database 'bdsm'
--
/*!50106 SET @save_time_zone= @@TIME_ZONE */ ;
/*!50106 DROP EVENT IF EXISTS `daily_customer_total_spend_update` */;
DELIMITER ;;
/*!50003 SET @saved_cs_client      = @@character_set_client */ ;;
/*!50003 SET @saved_cs_results     = @@character_set_results */ ;;
/*!50003 SET @saved_col_connection = @@collation_connection */ ;;
/*!50003 SET character_set_client  = utf8mb4 */ ;;
/*!50003 SET character_set_results = utf8mb4 */ ;;
/*!50003 SET collation_connection  = utf8mb4_0900_ai_ci */ ;;
/*!50003 SET @saved_sql_mode       = @@sql_mode */ ;;
/*!50003 SET sql_mode              = 'ONLY_FULL_GROUP_BY,STRICT_TRANS_TABLES,NO_ZERO_IN_DATE,NO_ZERO_DATE,ERROR_FOR_DIVISION_BY_ZERO,NO_ENGINE_SUBSTITUTION' */ ;;
/*!50003 SET @saved_time_zone      = @@time_zone */ ;;
/*!50003 SET time_zone             = 'SYSTEM' */ ;;
/*!50106 CREATE*/ /*!50117 DEFINER=`BUDA`@`localhost`*/ /*!50106 EVENT `daily_customer_total_spend_update` ON SCHEDULE EVERY 1 DAY STARTS '2021-12-01 08:26:56' ON COMPLETION NOT PRESERVE ENABLE DO update customer AS c
inner join 
(select customer_id, sum(final_cost) as res from sell_order group by customer_id) AS s
on c.customer_id = s.customer_id
set c.total_spend = s.res */ ;;
/*!50003 SET time_zone             = @saved_time_zone */ ;;
/*!50003 SET sql_mode              = @saved_sql_mode */ ;;
/*!50003 SET character_set_client  = @saved_cs_client */ ;;
/*!50003 SET character_set_results = @saved_cs_results */ ;;
/*!50003 SET collation_connection  = @saved_col_connection */ ;;
DELIMITER ;
/*!50106 SET TIME_ZONE= @save_time_zone */ ;

--
-- Dumping routines for database 'bdsm'
--
/*!40103 SET TIME_ZONE=@OLD_TIME_ZONE */;

/*!40101 SET SQL_MODE=@OLD_SQL_MODE */;
/*!40014 SET FOREIGN_KEY_CHECKS=@OLD_FOREIGN_KEY_CHECKS */;
/*!40014 SET UNIQUE_CHECKS=@OLD_UNIQUE_CHECKS */;
/*!40101 SET CHARACTER_SET_CLIENT=@OLD_CHARACTER_SET_CLIENT */;
/*!40101 SET CHARACTER_SET_RESULTS=@OLD_CHARACTER_SET_RESULTS */;
/*!40101 SET COLLATION_CONNECTION=@OLD_COLLATION_CONNECTION */;
/*!40111 SET SQL_NOTES=@OLD_SQL_NOTES */;

-- Dump completed on 2021-12-02  9:52:52
