-- MySQL dump 10.13  Distrib 8.0.23, for Win64 (x86_64)
--
-- Host: localhost    Database: bdsm
-- ------------------------------------------------------
-- Server version	8.0.23

/*!40101 SET @OLD_CHARACTER_SET_CLIENT=@@CHARACTER_SET_CLIENT */;
/*!40101 SET @OLD_CHARACTER_SET_RESULTS=@@CHARACTER_SET_RESULTS */;
/*!40101 SET @OLD_COLLATION_CONNECTION=@@COLLATION_CONNECTION */;
/*!50503 SET NAMES utf8 */;
/*!40103 SET @OLD_TIME_ZONE=@@TIME_ZONE */;
/*!40103 SET TIME_ZONE='+00:00' */;
/*!40014 SET @OLD_UNIQUE_CHECKS=@@UNIQUE_CHECKS, UNIQUE_CHECKS=0 */;
/*!40014 SET @OLD_FOREIGN_KEY_CHECKS=@@FOREIGN_KEY_CHECKS, FOREIGN_KEY_CHECKS=0 */;
/*!40101 SET @OLD_SQL_MODE=@@SQL_MODE, SQL_MODE='NO_AUTO_VALUE_ON_ZERO' */;
/*!40111 SET @OLD_SQL_NOTES=@@SQL_NOTES, SQL_NOTES=0 */;

--
-- Dumping data for table `buy_order`
--

LOCK TABLES `buy_order` WRITE;
/*!40000 ALTER TABLE `buy_order` DISABLE KEYS */;
INSERT INTO `buy_order` (`buy_order_id`, `creation_time`, `status`, `total_cost`, `user_id`, `supplier_id`) VALUES (1,'2021-06-15 00:00:00','FINISHED',492000,3,4),(2,'2021-06-16 00:00:00','FINISHED',204000,6,5),(3,'2021-06-18 00:00:00','FINISHED',128000,9,2),(4,'2021-06-19 00:00:00','FINISHED',88000,12,9),(5,'2021-06-20 00:00:00','FINISHED',167000,15,7),(6,'2021-06-21 00:00:00','FINISHED',246000,4,6),(7,'2021-06-22 00:00:00','FINISHED',205000,8,8),(8,'2021-06-23 00:00:00','FINISHED',174000,3,1),(9,'2021-06-24 00:00:00','FINISHED',174000,7,2),(10,'2021-06-25 00:00:00','FINISHED',186000,6,4),(11,'2021-06-27 00:00:00','FINISHED',72000,11,10),(12,'2021-06-29 00:00:00','FINISHED',83000,10,7),(13,'2021-07-01 00:00:00','FINISHED',200000,10,7),(14,'2021-07-02 00:00:00','FINISHED',264000,14,8),(15,'2021-07-05 00:00:00','FINISHED',128000,5,3),(16,'2021-07-06 00:00:00','FINISHED',49000,5,1),(17,'2021-07-10 00:00:00','FINISHED',35000,7,5),(18,'2021-07-12 00:00:00','FINISHED',240000,13,6),(19,'2021-07-15 00:00:00','FINISHED',336000,4,9),(20,'2021-07-17 00:00:00','FINISHED',203000,8,8),(21,'2021-10-24 01:55:30','FINISHED',550000,4,69),(22,'2021-08-19 11:48:18','FINISHED',395000,43,64),(23,'2021-10-21 16:02:43','FINISHED',225000,4,9),(24,'2021-08-16 18:41:00','FINISHED',582000,90,55),(25,'2021-09-07 06:06:20','FINISHED',364000,39,46),(26,'2021-09-15 09:46:07','FINISHED',116000,22,67),(27,'2021-07-20 07:15:14','FINISHED',328000,93,94),(28,'2021-08-04 10:20:17','FINISHED',288000,99,71),(29,'2021-08-29 20:46:51','FINISHED',623000,16,69),(30,'2021-08-22 03:23:43','FINISHED',840000,84,35),(31,'2021-09-09 11:13:17','FINISHED',540000,71,67),(32,'2021-08-20 06:49:40','FINISHED',432000,1,30),(33,'2021-11-01 01:15:11','FINISHED',207000,93,46),(34,'2021-10-19 19:56:19','FINISHED',285000,61,41),(35,'2021-08-17 02:48:30','FINISHED',742000,27,67),(36,'2021-10-04 08:00:51','FINISHED',330000,48,10),(37,'2021-10-19 15:17:06','FINISHED',511000,62,49),(38,'2021-09-11 20:18:33','FINISHED',504000,63,15),(39,'2021-08-29 20:27:40','FINISHED',480000,30,28),(40,'2021-10-03 19:58:29','FINISHED',534000,61,93),(41,'2021-08-22 19:44:06','FINISHED',644000,13,83),(42,'2021-07-25 23:26:24','FINISHED',340000,80,35),(43,'2021-10-20 12:13:55','FINISHED',90000,64,23),(44,'2021-09-22 16:22:42','FINISHED',204000,76,11),(45,'2021-08-18 09:42:36','FINISHED',153000,90,84),(46,'2021-10-12 06:10:15','FINISHED',60000,19,89),(47,'2021-10-27 18:31:25','FINISHED',742000,25,93),(48,'2021-08-23 20:56:30','FINISHED',600000,69,97),(49,'2021-08-03 09:28:02','FINISHED',588000,70,4),(50,'2021-08-17 04:16:40','FINISHED',392000,44,31),(51,'2021-10-29 12:40:13','FINISHED',324000,7,40),(52,'2021-09-06 09:16:57','FINISHED',660000,1,9),(53,'2021-11-02 14:42:57','FINISHED',36000,86,23),(54,'2021-07-24 09:03:24','FINISHED',240000,27,86),(55,'2021-10-22 04:29:57','FINISHED',105000,76,61),(56,'2021-10-23 14:56:51','FINISHED',588000,97,46),(57,'2021-09-09 13:15:59','FINISHED',186000,58,47),(58,'2021-08-24 02:29:39','FINISHED',480000,100,97),(59,'2021-10-27 17:32:13','FINISHED',600000,23,44),(60,'2021-08-01 06:07:17','FINISHED',336000,15,26),(61,'2021-09-07 14:59:53','FINISHED',297000,4,99),(62,'2021-09-22 03:52:01','FINISHED',616000,75,14),(63,'2021-08-19 14:03:57','FINISHED',336000,65,76),(64,'2021-07-24 10:21:34','FINISHED',424000,96,36),(65,'2021-10-19 00:47:36','FINISHED',276000,87,54),(66,'2021-09-09 18:51:49','FINISHED',35000,47,58),(67,'2021-10-25 05:29:53','FINISHED',207000,74,30),(68,'2021-09-02 20:01:46','FINISHED',100000,29,75),(69,'2021-10-13 21:22:59','FINISHED',380000,20,83),(70,'2021-09-09 20:23:33','FINISHED',666000,14,90),(71,'2021-10-25 05:21:36','FINISHED',225000,11,99),(72,'2021-09-16 06:22:04','FINISHED',200000,11,24),(73,'2021-08-28 09:29:51','FINISHED',396000,22,26),(74,'2021-08-02 02:31:47','FINISHED',450000,75,55),(75,'2021-08-12 23:00:08','FINISHED',425000,8,97),(76,'2021-09-25 19:49:38','FINISHED',332000,15,22),(77,'2021-09-02 22:03:30','FINISHED',336000,50,15),(78,'2021-10-18 12:32:25','FINISHED',400000,5,9),(79,'2021-09-27 07:12:49','FINISHED',410000,73,2),(80,'2021-08-20 20:17:02','FINISHED',440000,51,81),(81,'2021-10-29 19:53:06','FINISHED',339000,34,97),(82,'2021-07-20 05:27:58','FINISHED',525000,19,44),(83,'2021-08-23 01:06:09','FINISHED',445000,93,30),(84,'2021-07-22 21:56:24','FINISHED',651000,5,14),(85,'2021-11-01 02:58:38','FINISHED',365000,48,82),(86,'2021-08-05 03:48:04','FINISHED',92000,23,68),(87,'2021-09-30 12:56:18','FINISHED',504000,71,92),(88,'2021-07-28 08:36:54','FINISHED',339000,84,58),(89,'2021-09-15 15:35:49','FINISHED',120000,9,11),(90,'2021-10-19 09:50:10','FINISHED',532000,92,80),(91,'2021-10-01 15:12:37','FINISHED',372000,30,69),(92,'2021-09-30 00:06:43','FINISHED',410000,77,1),(93,'2021-09-18 09:34:30','FINISHED',660000,93,1),(94,'2021-10-09 12:43:09','FINISHED',340000,34,99),(95,'2021-09-30 14:50:41','FINISHED',532000,91,93),(96,'2021-07-29 00:08:53','FINISHED',770000,50,69),(97,'2021-08-12 16:24:16','FINISHED',504000,79,64),(98,'2021-09-29 12:44:39','FINISHED',456000,43,13),(99,'2021-07-31 00:46:28','FINISHED',456000,78,71),(100,'2021-07-29 04:18:16','FINISHED',505000,61,15);
/*!40000 ALTER TABLE `buy_order` ENABLE KEYS */;
UNLOCK TABLES;

--
-- Dumping data for table `buy_order_item`
--

LOCK TABLES `buy_order_item` WRITE;
/*!40000 ALTER TABLE `buy_order_item` DISABLE KEYS */;
INSERT INTO `buy_order_item` (`buy_order_item_id`, `creation_time`, `price_per_unit`, `quantity`, `supplier_id`, `user_id`, `buy_order_id`, `ingredient_id`) VALUES (1,'2021-06-15 00:00:00',30000,4,4,3,1,2),(2,'2021-06-15 00:00:00',62000,6,4,3,1,1),(3,'2021-06-16 00:00:00',51000,4,5,6,2,5),(4,'2021-06-18 00:00:00',32000,4,2,9,3,6),(5,'2021-06-19 00:00:00',22000,4,9,12,4,4),(6,'2021-06-20 00:00:00',15000,5,7,15,5,9),(7,'2021-06-20 00:00:00',23000,4,7,15,5,10),(8,'2021-06-21 00:00:00',41000,6,6,4,6,3),(9,'2021-06-22 00:00:00',41000,5,8,8,7,3),(10,'2021-06-23 00:00:00',29000,6,1,3,8,12),(11,'2021-06-24 00:00:00',29000,6,2,7,9,12),(12,'2021-06-25 00:00:00',31000,6,4,6,10,11),(13,'2021-06-27 00:00:00',12000,6,10,11,11,7),(14,'2021-06-29 00:00:00',7000,5,7,10,12,8),(15,'2021-06-29 00:00:00',12000,4,7,10,12,7),(16,'2021-07-01 00:00:00',40000,5,7,10,13,14),(17,'2021-07-02 00:00:00',44000,6,8,14,14,13),(18,'2021-07-05 00:00:00',32000,4,3,5,15,6),(19,'2021-07-06 00:00:00',7000,7,1,5,16,8),(20,'2021-07-10 00:00:00',7000,5,5,7,17,8),(21,'2021-07-12 00:00:00',60000,4,6,13,18,15),(22,'2021-07-15 00:00:00',51000,4,9,4,19,5),(23,'2021-07-15 00:00:00',22000,6,9,4,19,4),(24,'2021-07-17 00:00:00',32000,4,8,8,20,6),(25,'2021-07-17 00:00:00',15000,5,8,8,20,9),(26,'2021-06-15 00:00:00',30000,4,4,3,1,2),(27,'2021-06-15 00:00:00',62000,6,4,3,1,1),(28,'2021-06-16 00:00:00',51000,4,5,6,2,5),(29,'2021-06-18 00:00:00',32000,4,2,9,3,6),(30,'2021-06-19 00:00:00',22000,4,9,12,4,4),(31,'2021-06-20 00:00:00',15000,5,7,15,5,9),(32,'2021-06-20 00:00:00',23000,4,7,15,5,10),(33,'2021-06-21 00:00:00',41000,6,6,4,6,3),(34,'2021-06-22 00:00:00',41000,5,8,8,7,3),(35,'2021-06-23 00:00:00',29000,6,1,3,8,12),(36,'2021-06-24 00:00:00',29000,6,2,7,9,12),(37,'2021-06-25 00:00:00',31000,6,4,6,10,11),(38,'2021-06-27 00:00:00',12000,6,10,11,11,7),(39,'2021-06-29 00:00:00',7000,5,7,10,12,8),(40,'2021-06-29 00:00:00',12000,4,7,10,12,7),(41,'2021-07-01 00:00:00',40000,5,7,10,13,14),(42,'2021-07-02 00:00:00',44000,6,8,14,14,13),(43,'2021-07-05 00:00:00',32000,4,3,5,15,6),(44,'2021-07-06 00:00:00',7000,7,1,5,16,8),(45,'2021-07-10 00:00:00',7000,5,5,7,17,8),(46,'2021-07-12 00:00:00',60000,4,6,13,18,15),(47,'2021-07-15 00:00:00',51000,4,9,4,19,5),(48,'2021-07-15 00:00:00',22000,6,9,4,19,4),(49,'2021-07-17 00:00:00',32000,4,8,8,20,6),(50,'2021-07-17 00:00:00',15000,5,8,8,20,9),(51,'2021-10-24 01:55:30',110000,5,69,4,21,90),(52,'2021-08-19 11:48:18',79000,5,64,43,22,23),(53,'2021-10-21 16:02:43',75000,3,9,4,23,41),(54,'2021-08-16 18:41:00',97000,6,55,90,24,38),(55,'2021-09-07 06:06:20',91000,4,46,39,25,65),(56,'2021-09-15 09:46:07',29000,4,67,22,26,12),(57,'2021-07-20 07:15:14',82000,4,94,93,27,62),(58,'2021-08-04 10:20:17',72000,4,71,99,28,76),(59,'2021-08-29 20:46:51',89000,7,69,16,29,91),(60,'2021-08-22 03:23:43',120000,7,35,84,30,30),(61,'2021-09-09 11:13:17',90000,6,67,71,31,73),(62,'2021-08-20 06:49:40',72000,6,30,1,32,76),(63,'2021-11-01 01:15:11',69000,3,46,93,33,61),(64,'2021-10-19 19:56:19',95000,3,41,61,34,74),(65,'2021-08-17 02:48:30',106000,7,67,27,35,88),(66,'2021-10-04 08:00:51',110000,3,10,48,36,17),(67,'2021-10-19 15:17:06',73000,7,49,62,37,22),(68,'2021-09-11 20:18:33',72000,7,15,63,38,59),(69,'2021-08-29 20:27:40',120000,4,28,30,39,30),(70,'2021-10-03 19:58:29',89000,6,93,61,40,69),(71,'2021-08-22 19:44:06',92000,7,83,13,41,57),(72,'2021-07-25 23:26:24',85000,4,35,80,42,75),(73,'2021-10-20 12:13:55',15000,6,23,64,43,6),(74,'2021-09-22 16:22:42',51000,4,11,76,44,5),(75,'2021-08-18 09:42:36',51000,3,84,90,45,5),(76,'2021-10-12 06:10:15',15000,4,89,19,46,9),(77,'2021-10-27 18:31:25',106000,7,93,25,47,32),(78,'2021-08-23 20:56:30',120000,5,97,69,48,30),(79,'2021-08-03 09:28:02',84000,7,4,70,49,55),(80,'2021-08-17 04:16:40',98000,4,31,44,50,82),(81,'2021-10-29 12:40:13',81000,4,40,7,51,48),(82,'2021-09-06 09:16:57',110000,6,9,1,52,90),(83,'2021-11-02 14:42:57',12000,3,23,86,53,7),(84,'2021-07-24 09:03:24',80000,3,86,27,54,66),(85,'2021-10-22 04:29:57',15000,7,61,76,55,9),(86,'2021-10-23 14:56:51',84000,7,46,97,56,46),(87,'2021-09-09 13:15:59',62000,3,47,58,57,1),(88,'2021-08-24 02:29:39',80000,6,97,100,58,66),(89,'2021-10-27 17:32:13',100000,6,44,23,59,26),(90,'2021-08-01 06:07:17',84000,4,26,15,60,31),(91,'2021-09-07 14:59:53',99000,3,99,4,61,77),(92,'2021-09-22 03:52:01',88000,7,14,75,62,93),(93,'2021-08-19 14:03:57',84000,4,76,65,63,35),(94,'2021-07-24 10:21:34',106000,4,36,96,64,92),(95,'2021-10-19 00:47:36',92000,3,54,87,65,57),(96,'2021-09-09 18:51:49',7000,5,58,47,66,8),(97,'2021-10-25 05:29:53',69000,3,30,74,67,68),(98,'2021-09-02 20:01:46',25000,4,75,29,68,16),(99,'2021-10-13 21:22:59',95000,4,83,20,69,74),(100,'2021-09-09 20:23:33',111000,6,90,14,70,24),(101,'2021-10-25 05:21:36',75000,3,99,11,71,97),(102,'2021-09-16 06:22:04',40000,5,24,11,72,14),(103,'2021-08-28 09:29:51',99000,4,26,22,73,77),(104,'2021-08-02 02:31:47',75000,6,55,75,74,41),(105,'2021-08-12 23:00:08',85000,5,97,8,75,75),(106,'2021-09-25 19:49:38',83000,4,22,15,76,50),(107,'2021-09-02 22:03:30',112000,3,15,50,77,27),(108,'2021-10-18 12:32:25',80000,5,9,5,78,84),(109,'2021-09-27 07:12:49',82000,5,2,73,79,39),(110,'2021-08-20 20:17:02',88000,5,81,51,80,42),(111,'2021-10-29 19:53:06',113000,3,97,34,81,94),(112,'2021-07-20 05:27:58',75000,7,44,19,82,41),(113,'2021-08-23 01:06:09',89000,5,30,93,83,25),(114,'2021-07-22 21:56:24',93000,7,14,5,84,99),(115,'2021-11-01 02:58:38',73000,5,82,48,85,22),(116,'2021-08-05 03:48:04',23000,4,68,23,86,10),(117,'2021-09-30 12:56:18',84000,6,92,71,87,85),(118,'2021-07-28 08:36:54',113000,3,58,84,88,94),(119,'2021-09-15 15:35:49',40000,3,11,9,89,14),(120,'2021-10-19 09:50:10',76000,7,80,92,90,89),(121,'2021-10-01 15:12:37',62000,6,69,30,91,1),(122,'2021-09-30 00:06:43',82000,5,1,77,92,39),(123,'2021-09-18 09:34:30',110000,6,1,93,93,90),(124,'2021-10-09 12:43:09',68000,5,99,34,94,34),(125,'2021-09-30 14:50:41',76000,7,93,91,95,98),(126,'2021-07-29 00:08:53',110000,7,69,50,96,90),(127,'2021-08-12 16:24:16',84000,6,64,79,97,54),(128,'2021-09-29 12:44:39',76000,6,13,43,98,98),(129,'2021-07-31 00:46:28',76000,6,71,78,99,29),(130,'2021-07-29 04:18:16',101000,5,15,61,100,52);
/*!40000 ALTER TABLE `buy_order_item` ENABLE KEYS */;
UNLOCK TABLES;

--
-- Dumping data for table `customer`
--

LOCK TABLES `customer` WRITE;
/*!40000 ALTER TABLE `customer` DISABLE KEYS */;
IINSERT INTO `customer` (`customer_id`, `address`, `age_group`, `gender`, `membership_id`, `name`, `phone_number`, `total_spend`, `user_id`) VALUES (1,'21392 Browning Crossing','UNKNOWN','UNKNOWN',1,'Davin Renbold','4735520113',240000,85),(2,'67571 Dayton Terrace','UNKNOWN','UNKNOWN',NULL,'Ninon Giacobazzi','6382020283',550000,21),(3,'36693 Trailsway Circle','UNKNOWN','UNKNOWN',NULL,'Ham Ganley','6837961494',139500,5),(4,'100 Dahle Park','UNKNOWN','UNKNOWN',NULL,'Edythe Glassman','3325356066',205000,7),(5,'2 Fieldstone Point','UNKNOWN','UNKNOWN',NULL,'Agnella O\'Lynn','1538221336',165000,9),(6,'6 Petterle Place','UNKNOWN','UNKNOWN',NULL,'Emmalynne Youtead','6941515680',580000,7),(7,'178 Esch Place','UNKNOWN','UNKNOWN',NULL,'Brantley Crenage','7167131346',340000,7),(8,'4 Hoard Street','UNKNOWN','UNKNOWN',NULL,'Emlynn Flintoffe','8276504791',490000,7),(9,'72 Eastwood Parkway','UNKNOWN','UNKNOWN',NULL,'Cortie Van Leeuwen','5859686981',395000,9),(10,'9 Summerview Parkway','UNKNOWN','UNKNOWN',NULL,'Berk Eagland','3934488094',230000,7),(11,'5 Londonderry Street','UNKNOWN','UNKNOWN',NULL,'Bonni Hales','1805366420',200000,7),(12,'01 Oak Road','UNKNOWN','UNKNOWN',NULL,'Gunter Cansdall','4516744519',140000,7),(13,'7 Petterle Drive','UNKNOWN','UNKNOWN',NULL,'Aidan McLice','2758886993',305000,10),(14,'5371 American Avenue','UNKNOWN','UNKNOWN',NULL,'Pam Dibbin','9556387885',180000,7),(15,'02 Talmadge Court','UNKNOWN','UNKNOWN',NULL,'Tallie Emanson','1819815688',114000,5),(16,'922 Magdeline Way','UNKNOWN','UNKNOWN',NULL,'Jard Tingey','5942242217',192000,79),(17,'4 Northfield Center','UNKNOWN','UNKNOWN',NULL,'Bail Paten','7128012384',142000,58),(18,'12254 Parkside Street','UNKNOWN','UNKNOWN',NULL,'Rosene Freemantle','7403968216',270000,52),(19,'65047 Kedzie Park','UNKNOWN','UNKNOWN',30,'Lesya Braferton','3018897385',378100,87),(20,'86046 Fairview Lane','UNKNOWN','UNKNOWN',NULL,'Louisette Mackstead','8168668423',162000,77),(21,'8126 Springs Road','UNKNOWN','UNKNOWN',NULL,'Keenan Coomes','3762919231',338000,22),(22,'31 Donald Avenue','UNKNOWN','UNKNOWN',NULL,'Lyon Hovy','4357891037',394000,82),(23,'9 Westend Lane','UNKNOWN','UNKNOWN',NULL,'Myrle Trusler','7366176290',208000,41),(24,'2673 Eastwood Trail','UNKNOWN','UNKNOWN',NULL,'Kial Kingham','8619608498',174000,58),(25,'4439 Ridge Oak Way','UNKNOWN','UNKNOWN',NULL,'Westbrooke Durram','1234294986',97000,66),(26,'267 Kennedy Court','UNKNOWN','UNKNOWN',NULL,'Catlin Rama','1953252485',98000,58),(27,'46 Holy Cross Street','UNKNOWN','UNKNOWN',NULL,'Nora Joyson','1357936854',236000,89),(28,'3 Union Pass','UNKNOWN','UNKNOWN',NULL,'Herve Lardez','9448266621',184000,73),(29,'6728 Kings Parkway','UNKNOWN','UNKNOWN',NULL,'Bradney Galley','5922661124',474000,98),(30,'26 Northfield Trail','UNKNOWN','UNKNOWN',NULL,'Filberto Tollfree','1554290032',210000,69),(31,'3623 Fremont Terrace','UNKNOWN','UNKNOWN',25,'Nobie Roocroft','2158535764',106200,51),(32,'73 Daystar Drive','UNKNOWN','UNKNOWN',NULL,'Modestia Yusupov','9552785615',199000,46),(33,'8956 Melvin Junction','UNKNOWN','UNKNOWN',NULL,'Jaymee Camerello','5342163773',114000,79),(34,'54448 Basil Terrace','UNKNOWN','UNKNOWN',NULL,'Stefa Bartleman','4065356774',486000,55),(35,'8942 American Ash Road','UNKNOWN','UNKNOWN',NULL,'Miranda Griniov','1296645110',78000,37),(36,'30223 Mcbride Road','UNKNOWN','UNKNOWN',NULL,'Jessamine Aleavy','6574022787',131000,20),(37,'726 Bellgrove Way','UNKNOWN','UNKNOWN',28,'Darsey Bussen','3993064520',139200,88),(38,'456 Warbler Court','UNKNOWN','UNKNOWN',6,'Ross Timbrell','6227046532',235000,80),(39,'62 Waywood Street','UNKNOWN','UNKNOWN',NULL,'Aluin Weldrick','2852775536',486000,37),(40,'700 Carioca Alley','UNKNOWN','UNKNOWN',NULL,'Jessalin Mattes','9947503365',104000,42),(41,'99 Little Fleur Avenue','UNKNOWN','UNKNOWN',NULL,'Lucian Millmoe','8571963986',99000,99),(42,'51 Village Circle','UNKNOWN','UNKNOWN',13,'Patrizia Goadbie','5952570970',177000,68),(43,'6 Kenwood Circle','UNKNOWN','UNKNOWN',NULL,'Janith Lathwood','4967611972',77000,43),(44,'04227 Park Meadow Way','UNKNOWN','UNKNOWN',17,'Jandy Fordyce','7594926311',175100,8),(45,'7 Roxbury Terrace','UNKNOWN','UNKNOWN',NULL,'Gayler Loughney','2721448116',250000,14),(46,'69219 Linden Junction','UNKNOWN','UNKNOWN',NULL,'De Rowling','2972623350',506000,46),(47,'7115 Elka Parkway','UNKNOWN','UNKNOWN',NULL,'Dermot Lavington','1041035334',228000,86),(48,'2 Daystar Parkway','UNKNOWN','UNKNOWN',NULL,'Johnath Rottgers','7464790973',386000,94),(49,'215 Hallows Circle','UNKNOWN','UNKNOWN',2,'Codie Conrart','3146621888',190000,9),(50,'796 Scoville Plaza','UNKNOWN','UNKNOWN',NULL,'Matilda Dewerson','1189847490',366000,61),(51,'7 Manufacturers Park','UNKNOWN','UNKNOWN',NULL,'Don Dummer','1167559647',237000,81),(52,'3216 Karstens Drive','UNKNOWN','UNKNOWN',NULL,'Gracie Boyles','1227624539',73000,20),(53,'3307 Tennessee Point','UNKNOWN','UNKNOWN',19,'Cobbie Morit','5021810373',166600,57),(54,'6 Colorado Drive','UNKNOWN','UNKNOWN',NULL,'Noel Mish','3882224000',60000,23),(55,'9 Westridge Point','UNKNOWN','UNKNOWN',NULL,'Erich Kitlee','8231497955',169000,46),(56,'24057 Arizona Pass','UNKNOWN','UNKNOWN',27,'Blithe Kenton','6363718845',462000,59),(57,'17350 Gateway Street','UNKNOWN','UNKNOWN',NULL,'Larine Cranny','5491941882',434000,58),(58,'85478 Eliot Parkway','UNKNOWN','UNKNOWN',NULL,'Carolee Fenty','9406923974',126000,13),(59,'88878 Stang Road','UNKNOWN','UNKNOWN',28,'Malchy Cursey','5512725184',294000,88),(60,'6812 Pepper Wood Street','UNKNOWN','UNKNOWN',23,'Hattie Brechin','2314924430',402000,3),(61,'1846 Hanson Plaza','UNKNOWN','UNKNOWN',NULL,'Starlene Ferry','8352614563',250000,49),(62,'15664 7th Circle','UNKNOWN','UNKNOWN',26,'Thacher Tackell','8162424270',111350,35),(63,'65 Atwood Avenue','UNKNOWN','UNKNOWN',NULL,'Siobhan Romeril','3451392377',135000,28),(64,'211 Thompson Point','UNKNOWN','UNKNOWN',NULL,'Godiva Marte','1622441061',96000,36),(65,'0 Prentice Avenue','UNKNOWN','UNKNOWN',16,'Hussein Algore','1417886951',216600,93),(66,'8113 Arrowood Point','UNKNOWN','UNKNOWN',21,'Jud Jowett','5215075797',93000,60),(67,'3 Redwing Crossing','UNKNOWN','UNKNOWN',NULL,'Riley Ashman','9083051129',118000,17),(68,'241 Hallows Point','UNKNOWN','UNKNOWN',17,'Danette Beel','6962494296',178500,8),(69,'32123 Homewood Drive','UNKNOWN','UNKNOWN',22,'Riordan Olivie','3317577804',100000,85),(70,'11488 Dahle Circle','UNKNOWN','UNKNOWN',NULL,'Wes Ripon','9267131796',151000,1),(71,'11 Jenifer Pass','UNKNOWN','UNKNOWN',NULL,'Mechelle Grimstead','7459129987',270000,52),(72,'2787 Vermont Circle','UNKNOWN','UNKNOWN',NULL,'Brigitte Webley','1676044345',251000,54),(73,'4 Drewry Parkway','UNKNOWN','UNKNOWN',20,'Gustav Gever','1053400180',187200,16),(74,'706 Sauthoff Alley','UNKNOWN','UNKNOWN',NULL,'Dicky Beeching','8573816390',132000,18),(75,'1 Farragut Circle','UNKNOWN','UNKNOWN',NULL,'Ferdinande Faich','1351713389',99000,40),(76,'7749 8th Crossing','UNKNOWN','UNKNOWN',NULL,'Marthe Mucillo','3727438237',165000,46),(77,'4 Dottie Hill','UNKNOWN','UNKNOWN',NULL,'Theodosia Gaydon','7176006417',252000,9),(78,'77 Monica Way','UNKNOWN','UNKNOWN',NULL,'Marie-jeanne Verryan','2574370070',112000,7),(79,'98 Eastlawn Trail','UNKNOWN','UNKNOWN',NULL,'Cort Bresman','5491256553',130000,9),(80,'3961 Oakridge Plaza','UNKNOWN','UNKNOWN',NULL,'Rufus Wilfing','3519325496',98000,20),(81,'3 Graceland Avenue','UNKNOWN','UNKNOWN',NULL,'Kandy Tynewell','4357369076',95000,76),(82,'12617 David Plaza','UNKNOWN','UNKNOWN',NULL,'Cornelle Coarser','8082415721',166000,19),(83,'21651 Sunnyside Terrace','UNKNOWN','UNKNOWN',NULL,'Junette Pidgen','4566281903',135000,66),(84,'98288 Melvin Hill','UNKNOWN','UNKNOWN',29,'Cristina Tremontana','3202070528',139200,71),(85,'2 Chive Circle','UNKNOWN','UNKNOWN',18,'Margery Caunt','2545261415',143200,56),(86,'03 Mayer Junction','UNKNOWN','UNKNOWN',NULL,'Sarajane des Remedios','9906608098',242000,69),(87,'2 Ryan Junction','UNKNOWN','UNKNOWN',NULL,'Leif Chancellor','2032691798',162000,74),(88,'169 Kropf Pass','UNKNOWN','UNKNOWN',24,'Jerrie Mifflin','1146006814',88200,63),(89,'46 Armistice Crossing','UNKNOWN','UNKNOWN',16,'Kermy Wibberley','5355010661',94050,93),(90,'3 Hanover Point','UNKNOWN','UNKNOWN',NULL,'Felicle MacGlory','9171192267',78000,77),(91,'4 Holmberg Point','UNKNOWN','UNKNOWN',NULL,'Roselle Brentnall','5796001826',251000,2),(92,'760 Cardinal Hill','UNKNOWN','UNKNOWN',NULL,'Fidelia Garces','8108755654',502000,82),(93,'17 Shoshone Terrace','UNKNOWN','UNKNOWN',23,'Jemie Mordin','5238957197',340100,3),(94,'10 Monterey Pass','UNKNOWN','UNKNOWN',NULL,'Freddie Comolli','1963213491',112000,66),(95,'6396 Morningstar Pass','UNKNOWN','UNKNOWN',NULL,'Callean Kainz','3159344357',198000,21),(96,'0 Algoma Alley','UNKNOWN','UNKNOWN',NULL,'Cecil Arnowitz','3172505076',502000,9),(97,'05876 Dunning Drive','UNKNOWN','UNKNOWN',NULL,'Lou Jeanneau','6471754814',251000,80),(98,'10 Anzinger Place','UNKNOWN','UNKNOWN',NULL,'Christiano Fraine','5688797435',179000,74),(99,'5 Randy Avenue','UNKNOWN','UNKNOWN',NULL,'Pierrette Closs','5007886641',224000,28),(100,'8903 Hagan Circle','UNKNOWN','UNKNOWN',NULL,'Laetitia Grube','5421856273',99000,19);
/*!40000 ALTER TABLE `customer` ENABLE KEYS */;
UNLOCK TABLES;

--
-- Dumping data for table `discount`
--

LOCK TABLES `discount` WRITE;
/*!40000 ALTER TABLE `discount` DISABLE KEYS */;
INSERT INTO `discount` (`discount_id`, `cash`, `cash_limit`, `created_time`, `description`, `discount_type`, `expiry_time`, `name`, `order_count`, `percentage`, `user_id`) VALUES (1,0,20000,'2021-06-15 00:00:00','10% Discount, Max 20000','BOTH','2021-06-20 00:00:00','First',1,0.1,5),(2,0,30000,'2021-06-21 00:00:00','10% Discount, Max 30000','BOTH','2021-06-23 00:00:00','Second',0,0.1,9),(3,0,50000,'2021-06-25 00:00:00','5% Discount, Max 50000','BOTH','2021-06-28 00:00:00','Third',0,0.05,12),(4,0,40000,'2021-06-29 00:00:00','10% Discount, Max 40000','BOTH','2021-07-02 00:00:00','Fourth',0,0.1,15),(5,0,20000,'2021-07-04 00:00:00','15% Discount, Max 20000','BOTH','2021-07-08 00:00:00','Fifth',0,0.15,80),(6,0,60000,'2021-07-10 00:00:00','5% Discount, Max 60000','BOTH','2021-07-14 00:00:00','Sixth',0,0.05,10),(7,0,30000,'2021-07-15 00:00:00','25% Discount, Max 30000','BOTH','2021-07-21 00:00:00','Seventh',0,0.25,6),(8,0,0,'2021-06-15 00:00:00','No discount','BOTH','9999-12-31 00:00:00','Eigth',10,0,7),(9,15000,15000,'2021-09-18 09:55:59','Discount 15000','CASH_ONLY','9999-12-31 00:00:00','Ninth',0,0,48),(10,10000,10000,'2021-09-13 08:11:21','Discount 10000','CASH_ONLY','9999-12-31 00:00:00','Tenth',0,0,67),(11,20000,20000,'2021-08-31 05:30:00','Discount 20000','CASH_ONLY','9999-12-31 00:00:00','Eleventh',0,0,90),(12,10000,10000,'2021-10-14 17:47:18','Discount 10000','CASH_ONLY','9999-12-31 00:00:00','Twelfth',0,0,47),(13,20000,20000,'2021-08-22 09:15:55','Discount 20000','CASH_ONLY','9999-12-31 00:00:00','Thirteenth',1,0,68),(14,15000,15000,'2021-11-03 03:08:36','Discount 15000','CASH_ONLY','9999-12-31 00:00:00','Fourteenth',0,0,91),(15,0,0,'2021-08-20 06:07:21','10% Discount','PERCENTAGE_ONLY','9999-12-31 00:00:00','Fifteenth',0,0.1,53),(16,0,0,'2021-08-03 15:29:54','5% Discount','PERCENTAGE_ONLY','9999-12-31 00:00:00','Sixteenth',2,0.05,93),(17,0,0,'2021-08-29 01:48:08','15% Discount','PERCENTAGE_ONLY','9999-12-31 00:00:00','Seventeenth',2,0.15,8),(18,0,0,'2021-08-08 16:23:35','20% Discount','PERCENTAGE_ONLY','9999-12-31 00:00:00','Eighteenth',1,0.2,56),(19,0,0,'2021-09-03 12:31:22','15% Discount','PERCENTAGE_ONLY','9999-12-31 00:00:00','Nineteenth',1,0.15,57),(20,0,0,'2021-10-23 05:03:16','10% Discount','PERCENTAGE_ONLY','9999-12-31 00:00:00','Twentyth',2,0.1,16),(21,25000,25000,'2021-09-21 09:20:23','Discount 25000','CASH_ONLY','9999-12-31 00:00:00','Twentyfirst',1,0,60),(22,30000,30000,'2021-08-08 05:31:33','Discount 30000','CASH_ONLY','9999-12-31 00:00:00','Twentysecond',1,0,85),(23,0,20000,'2021-09-30 02:15:46','5% Discount, Max 20000','BOTH','9999-12-31 00:00:00','Twentythird',2,0.05,3),(24,0,20000,'2021-08-18 09:33:20','10% Discount, Max 20000','BOTH','9999-12-31 00:00:00','Twentyfourth',1,0.1,63),(25,0,30000,'2021-08-26 13:31:46','10% Discount, Max 30000','BOTH','9999-12-31 00:00:00','Twentyfifth',1,0.1,51),(26,0,30000,'2021-09-10 12:41:54','15% Discount, Max 30000','BOTH','9999-12-31 00:00:00','Twentysixth',1,0.15,35),(27,0,40000,'2021-09-19 06:41:53','15% Discount, Max 40000','BOTH','9999-12-31 00:00:00','Twentyseventh',1,0.15,59),(28,0,40000,'2021-10-19 05:21:40','20% Discount, Max 40000','BOTH','9999-12-31 00:00:00','Twentyeighth',2,0.2,88),(29,0,50000,'2021-08-03 01:44:55','20% Discount, Max 50000','BOTH','9999-12-31 00:00:00','Twentynineth',1,0.2,71),(30,0,15000,'2021-07-30 18:16:04','5% Discount, Max 15000','BOTH','9999-12-31 00:00:00','Thirdty',1,0.05,87);
/*!40000 ALTER TABLE `discount` ENABLE KEYS */;
UNLOCK TABLES;

--
-- Dumping data for table `discount_membership_types`
--


--
-- Dumping data for table `discount_sell_orders`
--


--
-- Dumping data for table `fixed_cost`
--

LOCK TABLES `fixed_cost` WRITE;
/*!40000 ALTER TABLE `fixed_cost` DISABLE KEYS */;
INSERT INTO `fixed_cost` (`fixed_cost_id`, `description`, `money_amount`, `name`, `period`, `user_id`) VALUES (1,'Open prostatic biopsy',200000,'Alpha',30,3),(2,'Pros rep ventric def-opn',300000,'Beta',30,7),(3,'Arterial implant revasc',350000,'Gamma',30,9),(4,'Repair ob lac corp uteri',600000,'Theta',30,12),(5,'Insert rectal tube',485000,'Zaam-Dox',30,75),(6,'Resp tract intubat NEC',401000,'Vagram',30,100),(7,'Isolation',483000,'Alphazap',30,76),(8,'Excise cord/epid les NEC',281000,'Ventosanzap',30,80),(9,'Ankle fusion',317000,'Keylex',30,69),(10,'Heart countershock NEC',243000,'Fix San',30,6),(11,'Remove tracheostomy tube',191000,'Keylex',30,16),(12,'Vag repair invers uterus',160000,'Bigtax',30,61),(13,'Lap total abdominal hyst',154000,'Fix San',30,59),(14,'Excise lg intestine les',224000,'Duobam',30,12),(15,'Diagnostic amniocentesis',156000,'Subin',30,76),(16,'Remove ureteral ligature',472000,'Sub-Ex',30,46),(17,'Vein inject-scleros agnt',95000,'Tres-Zap',30,98),(18,'Inject tranquilizer',283000,'Veribet',30,54),(19,'Local gastr destruct NEC',198000,'Otcom',30,71),(20,'Destruc-ankle lesion NEC',72000,'Stringtough',30,96),(21,'Form cutan ileoureterost',128000,'Prodder',30,66),(22,'Exc spermatic varicocele',355000,'Alpha',30,39),(23,'Orthovoltage radiation',459000,'Andalax',30,92),(24,'Cls red-radius/ul epiphy',299000,'Redhold',30,49),(25,'Remov ren dialysis shunt',477000,'Matsoft',30,63),(26,'Obstetric operation NEC',127000,'Alphazap',30,66),(27,'Orthovoltage radiation',427000,'Opela',30,44),(28,'Remov vas deferens valve',394000,'Aerified',30,16),(29,'Myotomy',185000,'Quo Lux',30,45),(30,'Pleural biopsy NEC',106000,'Matsoft',30,76),(31,'Rad pancreaticoduodenect',336000,'Flexidy',30,47),(32,'Culture-upper GI',430000,'Andalax',30,5),(33,'Destruc-hand jt les NEC',211000,'Lotstring',30,76),(34,'Open thyroid gland bx',128000,'Zontrax',30,70),(35,'Repair of intestine NEC',369000,'Bamity',30,22),(36,'Assisted pool exercise',96000,'Keylex',30,94),(37,'Open reduc-tibia/fib fx',165000,'Prodder',30,10),(38,'Ins part disc pros lumb',468000,'Opela',30,60),(39,'Injec air-periton cavity',484000,'Tresom',30,72),(40,'Breast pedicle graft',83000,'Kanlam',30,78),(41,'Culture-musculoskeletal',187000,'Prodder',30,73),(42,'Excision of hip NEC',186000,'Zoolab',30,31),(43,'Replace bladder stimulat',298000,'Fintone',30,33),(44,'Open fx reduction NEC',433000,'Lotlux',30,70),(45,'Oth remove both ovaries',341000,'Voltsillam',30,53),(46,'Pancreatotomy NEC',334000,'Overhold',30,50),(47,'Total pancreatectomy',149000,'Ventosanzap',30,90),(48,'Pericardiotomy',104000,'Matsoft',30,3),(49,'Gastric lavage',435000,'Matsoft',30,35),(50,'Bilat part salpingec NOS',70000,'Zathin',30,65),(51,'Close red-humerus epiphy',268000,'Alpha',30,24),(52,'Insertion of laminaria',199000,'Transcof',30,22),(53,'Excision of wrist NEC',121000,'Overhold',30,32),(54,'Pelvic gas contrast xray',368000,'Bamity',30,93),(55,'Partial pancreatect NEC',115000,'Latlux',30,71),(56,'Cell blk/pap-lower GI',264000,'Veribet',30,74),(57,'Endovas repl aortc valve',473000,'Overhold',30,58),(58,'Skel xray-ankle & foot',212000,'Temp',30,65),(59,'Control bladd hemorrhage',434000,'Hatity',30,52),(60,'Thorac var v lig-strip',170000,'Ronstring',30,60),(61,'Lung vol reduction surg',342000,'Tresom',30,46),(62,'Pancreat sphincteroplas',266000,'Asoka',30,48),(63,'Pharyngeal operation NEC',237000,'Cardify',30,100),(64,'Int drain pancreat cyst',317000,'Lotstring',30,60),(65,'Other chordotomy',371000,'Regrant',30,96),(66,'Immobiliz/wound attn NEC',406000,'Tin',30,99),(67,'Lap gastroenterostomy',417000,'Holdlamis',30,8),(68,'Non-coronary IFVA',364000,'Mat Lam Tam',30,36),(69,'Enterostomy NEC',499000,'Andalax',30,55),(70,'Vertebral fx repair',473000,'It',30,65),(71,'Close red-int fix finger',368000,'Duobam',30,61),(72,'Anal incision NEC',351000,'Biodex',30,8),(73,'Myringotomy NEC',149000,'Sonsing',30,49),(74,'Excision lingual tonsil',487000,'Tin',30,26),(75,'Revision rhinoplasty',194000,'Lotlux',30,75),(76,'Other speech therapy',300000,'Kanlam',30,3),(77,'Replace vag diaphragm',417000,'Cookley',30,82),(78,'Remov urethral stent',255000,'Stim',30,6),(79,'Int insert dual-cham dev',385000,'Voyatouch',30,75),(80,'Imp/rep CRT defib genat',228000,'Ronstring',30,61),(81,'Lap left hemicolectomy',349000,'Y-find',30,77),(82,'Incision of testes',127000,'Holdlamis',30,5),(83,'Hemorrhoidectomy',383000,'Voyatouch',30,83),(84,'Magnet remov post seg FB',168000,'Aerified',30,7),(85,'Cil body diminution NOS',486000,'Sub-Ex',30,78),(86,'Bone graft to chest cage',132000,'Andalax',30,72),(87,'Arthroscopy NEC',425000,'Trippledex',30,28),(88,'Cholangiogram NEC',368000,'Ronstring',30,16),(89,'Oth cardiac mon output',496000,'Y-find',30,93),(90,'Contrast phlebogram NEC',442000,'Matsoft',30,23),(91,'Type 5 tympanoplasty',225000,'Job',30,28),(92,'Open reduc-wrist disloc',157000,'Keylex',30,67),(93,'Partial sialoadenectomy',475000,'Overhold',30,55),(94,'Kidney transplant NEC',107000,'Latlux',30,72),(95,'Hysterectomy NEC/NOS',335000,'Duobam',30,95),(96,'After-cataract excision',424000,'Daltfresh',30,60),(97,'Opn/oth repl pul valve',182000,'Ventosanzap',30,11),(98,'Retinal tear laser coag',430000,'Fix San',30,69),(99,'Inner ear fenestration',243000,'Zamit',30,17),(100,'Oth bunionect w sft corr',286000,'Domainer',30,70);
/*!40000 ALTER TABLE `fixed_cost` ENABLE KEYS */;
UNLOCK TABLES;

--
-- Dumping data for table `fixed_cost_bill`
--

LOCK TABLES `fixed_cost_bill` WRITE;
/*!40000 ALTER TABLE `fixed_cost_bill` DISABLE KEYS */;
INSERT INTO `fixed_cost_bill` (`fixed_cost_bill_id`, `creation_time`, `due_time`, `message`, `status`, `total_spend`, `user_id`, `fixed_cost_id`) VALUES (1,'2021-06-15 00:00:00','2021-07-15 00:00:00','New bill','FINISHED',350000,4,3),(2,'2021-06-15 00:00:00','2021-07-15 00:00:00','New bill','FINISHED',600000,6,4),(3,'2021-06-15 00:00:00','2021-07-15 00:00:00','New bill','FINISHED',200000,7,1),(4,'2021-06-20 00:00:00','2021-07-20 00:00:00','New bill','FINISHED',300000,9,2),(5,'2020-10-31 21:51:09','2021-08-22 18:22:26','New bill','FINISHED',485000,14,5),(6,'2021-09-13 18:24:45','2021-09-14 22:41:25','New bill','FINISHED',401000,46,6),(7,'2021-07-21 22:46:03','2021-08-01 17:11:49','New bill','FINISHED',483000,89,7),(8,'2021-08-05 15:17:50','2021-08-22 05:49:39','New bill','FINISHED',281000,8,8),(9,'2021-07-20 04:15:55','2021-09-13 02:31:51','New bill','FINISHED',317000,67,9),(10,'2021-10-16 12:06:21','2021-10-18 03:34:52','New bill','FINISHED',243000,12,10),(11,'2021-10-14 05:30:58','2021-10-14 15:43:25','New bill','FINISHED',191000,52,11),(12,'2021-07-30 17:47:00','2021-08-01 00:04:23','New bill','FINISHED',160000,27,12),(13,'2021-09-04 13:53:17','2021-10-06 17:58:32','New bill','FINISHED',154000,74,13),(14,'2021-10-09 15:56:37','2021-10-18 07:17:22','New bill','FINISHED',224000,91,14),(15,'2021-07-24 08:05:56','2021-08-08 20:38:42','New bill','FINISHED',156000,34,15),(16,'2021-09-15 08:35:32','2021-09-17 19:17:09','New bill','FINISHED',472000,90,16),(17,'2021-09-02 19:42:29','2021-10-11 23:39:16','New bill','FINISHED',95000,50,17),(18,'2021-08-16 21:25:08','2021-10-29 04:15:47','New bill','FINISHED',283000,76,18),(19,'2021-09-05 08:02:25','2021-10-13 23:08:32','New bill','FINISHED',198000,34,19),(20,'2021-08-01 01:15:04','2021-08-25 18:15:44','New bill','FINISHED',72000,34,20),(21,'2021-08-01 10:18:11','2021-08-18 23:14:25','New bill','FINISHED',128000,68,21),(22,'2021-10-12 22:22:29','2021-10-17 17:41:35','New bill','FINISHED',355000,41,22),(23,'2021-10-26 03:53:00','2021-10-28 13:11:17','New bill','FINISHED',459000,94,23),(24,'2021-09-09 02:02:31','2021-09-30 02:42:04','New bill','FINISHED',299000,52,24),(25,'2021-08-04 06:06:30','2021-09-08 14:10:59','New bill','FINISHED',477000,73,25),(26,'2021-07-29 13:31:53','2021-10-05 04:21:58','New bill','FINISHED',127000,9,26),(27,'2021-10-21 09:43:35','2021-10-22 15:20:23','New bill','FINISHED',427000,20,27),(28,'2021-09-03 23:05:08','2021-09-24 19:07:39','New bill','FINISHED',394000,72,28),(29,'2021-08-04 00:04:54','2021-08-17 20:14:35','New bill','FINISHED',185000,99,29),(30,'2021-09-24 17:17:25','2021-10-28 01:35:34','New bill','FINISHED',106000,80,30),(31,'2021-08-27 21:15:28','2021-09-29 23:28:40','New bill','FINISHED',336000,4,31),(32,'2021-09-23 22:51:35','2021-09-26 20:47:43','New bill','FINISHED',430000,73,32),(33,'2021-08-21 01:54:37','2021-08-22 20:01:23','New bill','FINISHED',211000,54,33),(34,'2021-10-23 17:50:25','2021-10-28 23:22:11','New bill','FINISHED',128000,50,34),(35,'2021-09-22 21:20:25','2021-10-04 23:15:22','New bill','FINISHED',369000,84,35),(36,'2021-10-14 13:39:58','2021-10-27 17:49:33','New bill','FINISHED',96000,73,36),(37,'2021-10-19 14:34:23','2021-10-24 07:50:38','New bill','FINISHED',165000,10,37),(38,'2021-09-25 06:44:43','2021-10-01 07:11:28','New bill','FINISHED',468000,25,38),(39,'2021-08-10 13:36:04','2021-10-12 11:34:41','New bill','FINISHED',484000,95,39),(40,'2021-07-26 00:26:35','2021-08-14 17:41:11','New bill','FINISHED',83000,5,40),(41,'2021-08-22 13:27:45','2021-08-25 00:34:24','New bill','FINISHED',187000,29,41),(42,'2021-10-11 16:29:41','2021-10-12 10:39:45','New bill','FINISHED',186000,31,42),(43,'2021-08-22 22:55:47','2021-10-24 17:18:43','New bill','FINISHED',298000,65,43),(44,'2021-08-21 16:34:53','2021-08-23 20:39:43','New bill','FINISHED',433000,36,44),(45,'2021-08-26 13:47:53','2021-08-27 04:14:59','New bill','FINISHED',341000,77,45),(46,'2021-09-25 20:00:31','2021-09-29 08:40:58','New bill','FINISHED',334000,80,46),(47,'2021-09-07 02:52:27','2021-09-07 10:48:21','New bill','FINISHED',149000,70,47),(48,'2021-07-28 09:41:39','2021-09-21 17:20:50','New bill','FINISHED',104000,7,48),(49,'2021-08-15 01:08:49','2021-09-01 03:17:19','New bill','FINISHED',435000,21,49),(50,'2021-09-04 01:01:55','2021-10-30 03:52:59','New bill','FINISHED',70000,82,50),(51,'2021-08-28 21:12:54','2021-10-12 07:24:58','More bills','FINISHED',268000,49,51),(52,'2021-09-26 14:57:42','2021-10-28 15:10:43','More bills','FINISHED',199000,96,52),(53,'2021-10-07 10:35:01','2021-10-30 16:39:22','More bills','FINISHED',121000,36,53),(54,'2021-08-07 07:25:08','2021-10-17 16:02:22','More bills','FINISHED',368000,86,54),(55,'2021-08-21 00:56:19','2021-09-09 03:51:04','More bills','FINISHED',115000,27,55),(56,'2021-08-14 17:22:21','2021-09-08 19:35:32','More bills','FINISHED',264000,68,56),(57,'2021-09-25 15:59:10','2021-09-08 08:45:32','More bills','FINISHED',473000,62,57),(58,'2021-09-17 19:35:57','2021-09-22 20:44:58','More bills','FINISHED',212000,5,58),(59,'2021-07-11 18:58:17','2021-07-31 11:47:44','More bills','FINISHED',434000,31,59),(60,'2021-08-31 12:08:31','2021-09-22 20:06:17','More bills','FINISHED',170000,42,60),(61,'2021-08-19 02:46:21','2021-09-11 17:55:34','More bills','FINISHED',342000,14,61),(62,'2021-09-04 01:11:46','2021-09-22 07:36:12','More bills','FINISHED',266000,42,62),(63,'2021-10-19 06:48:43','2021-10-25 11:31:04','More bills','FINISHED',237000,64,63),(64,'2021-09-27 12:51:42','2021-10-23 00:40:54','More bills','FINISHED',317000,97,64),(65,'2021-08-02 14:33:39','2021-10-06 02:10:31','More bills','FINISHED',371000,94,65),(66,'2021-08-02 23:55:08','2021-08-09 01:20:53','More bills','FINISHED',406000,80,66),(67,'2021-07-26 10:13:21','2021-09-30 15:41:28','More bills','FINISHED',417000,15,67),(68,'2021-08-16 21:35:11','2021-08-27 19:58:32','More bills','FINISHED',364000,29,68),(69,'2021-09-21 09:06:20','2021-10-19 15:28:22','More bills','FINISHED',499000,98,69),(70,'2021-09-09 08:13:44','2021-09-18 10:15:12','More bills','FINISHED',473000,7,70),(71,'2021-08-19 16:49:21','2021-08-27 15:24:24','More bills','FINISHED',368000,32,71),(72,'2021-09-16 05:36:54','2021-09-18 16:22:18','More bills','FINISHED',351000,39,72),(73,'2021-09-01 01:10:03','2021-09-13 17:25:45','More bills','FINISHED',149000,95,73),(74,'2021-08-09 21:26:56','2021-08-19 22:37:12','More bills','FINISHED',487000,65,74),(75,'2021-09-07 06:48:45','2021-09-29 20:19:37','More bills','FINISHED',194000,34,75),(76,'2021-09-07 14:35:00','2021-09-13 21:11:29','More bills','FINISHED',300000,72,76),(77,'2021-07-28 12:20:12','2021-08-01 06:02:24','More bills','FINISHED',417000,61,77),(78,'2021-07-26 04:09:17','2021-08-26 00:46:22','More bills','FINISHED',255000,83,78),(79,'2021-07-29 04:21:56','2021-08-25 18:29:07','More bills','FINISHED',385000,37,79),(80,'2021-08-01 11:53:20','2021-09-01 00:11:54','More bills','FINISHED',228000,31,80),(81,'2021-10-02 09:19:45','2021-10-04 12:33:29','More bills','FINISHED',349000,39,81),(82,'2021-10-13 03:16:57','2021-10-17 00:38:34','More bills','FINISHED',127000,4,82),(83,'2021-08-17 03:27:03','2021-08-26 01:07:41','More bills','FINISHED',383000,97,83),(84,'2021-08-17 16:50:40','2021-09-23 16:30:42','More bills','FINISHED',168000,78,84),(85,'2021-08-05 13:44:29','2021-08-17 19:04:47','More bills','FINISHED',486000,94,85),(86,'2021-07-28 20:12:12','2021-08-17 09:25:36','More bills','FINISHED',132000,41,86),(87,'2021-09-04 08:26:13','2021-09-30 16:01:07','More bills','FINISHED',425000,18,87),(88,'2021-07-21 23:23:17','2021-09-24 10:51:59','More bills','FINISHED',368000,61,88),(89,'2021-10-14 17:49:07','2021-10-24 18:02:25','More bills','FINISHED',496000,51,89),(90,'2021-09-23 01:32:31','2021-10-04 17:17:58','More bills','FINISHED',442000,73,90),(91,'2021-10-18 07:53:33','2021-09-29 14:33:36','More bills','FINISHED',225000,13,91),(92,'2021-08-13 16:31:54','2021-09-12 15:15:45','More bills','FINISHED',157000,37,92),(93,'2021-10-17 15:51:44','2021-10-23 02:34:38','More bills','FINISHED',475000,47,93),(94,'2021-07-31 03:27:16','2021-08-31 22:01:04','More bills','FINISHED',107000,25,94),(95,'2021-09-16 18:49:28','2021-09-14 06:01:12','More bills','FINISHED',335000,79,95),(96,'2021-10-12 23:39:21','2021-10-14 02:13:04','More bills','FINISHED',424000,21,96),(97,'2021-10-24 07:18:39','2021-10-26 21:59:30','More bills','FINISHED',182000,64,97),(98,'2021-09-14 17:16:45','2021-10-10 13:52:36','More bills','FINISHED',430000,58,98),(99,'2021-09-30 05:48:36','2021-10-19 12:01:14','More bills','FINISHED',243000,96,99),(100,'2021-07-20 14:18:13','2021-09-04 12:08:10','More bills','FINISHED',286000,8,100);
/*!40000 ALTER TABLE `fixed_cost_bill` ENABLE KEYS */;
UNLOCK TABLES;

--
-- Dumping data for table `ingredient`
--

LOCK TABLES `ingredient` WRITE;
/*!40000 ALTER TABLE `ingredient` DISABLE KEYS */;
INSERT INTO `ingredient` (`ingredient_id`, `alert_amount_left`, `amount_left`, `description`, `name`, `picture_id`, `price`, `user_id`) VALUES (1,0,40,'Meat','Beef',11,62000,5),(2,0,87,'Meat','Chicken',12,30000,7),(3,0,60,'Seafood','Oyster',13,41000,8),(4,0,63,'Condiment','Mayonnaise',14,22000,12),(5,0,41,'Meat','Pork',15,51000,3),(6,0,63,'Condiment','Fish Sauce',16,15000,6),(7,0,65,'Spice','Pepper',17,12000,9),(8,0,44,'Spice','Salt',18,7000,10),(9,0,41,'Condiment','Vinegar',19,15000,11),(10,0,50,'Vegetable','Onion',20,23000,15),(11,0,61,'Bread','Bread',21,31000,4),(12,0,63,'Fruit','Orange',22,29000,13),(13,0,94,'Seafood','Shrimp',23,44000,14),(14,0,70,'Fruit','Kiwi',24,40000,3),(15,0,54,'Seafood','Salmon',25,60000,4),(16,0,40,'Spice','Jalapeno',246,25000,17),(17,0,24,'Cheese - Augre Des Champs','Cheese - Augre Des Champs',247,110000,44),(18,0,16,'Sprouts - Peppercress','Sprouts - Peppercress',248,114000,86),(19,0,59,'Towel - Roll White','Towel - Roll White',249,119000,99),(20,0,55,'Chocolate - Milk','Chocolate - Milk',250,77000,35),(21,0,26,'Snapple Raspberry Tea','Snapple Raspberry Tea',251,73000,78),(22,0,16,'Milk - Buttermilk','Milk - Buttermilk',252,73000,85),(23,0,54,'Scotch - Queen Anne','Scotch - Queen Anne',253,79000,90),(24,0,31,'Sauce - Thousand Island','Sauce - Thousand Island',254,111000,95),(25,0,42,'Mix - Cappucino Cocktail','Mix - Cappucino Cocktail',255,89000,4),(26,0,48,'Cookie Trail Mix','Cookie Trail Mix',256,100000,34),(27,0,45,'Macaroons - Homestyle Two Bit','Macaroons - Homestyle Two Bit',257,112000,56),(28,0,11,'Muffin Mix - Raisin Bran','Muffin Mix - Raisin Bran',258,84000,80),(29,0,31,'Bread Bowl Plain','Bread Bowl Plain',259,76000,30),(30,0,53,'Wine - Tribal Sauvignon','Wine - Tribal Sauvignon',260,120000,8),(31,0,40,'Sardines','Sardines',261,84000,51),(32,0,33,'Trueblue - Blueberry 12x473ml','Trueblue - Blueberry 12x473ml',262,106000,31),(33,0,33,'Beef - Striploin','Beef - Striploin',263,101000,2),(34,0,59,'Wine - Toasted Head','Wine - Toasted Head',264,68000,18),(35,0,63,'Radish','Radish',265,84000,82),(36,0,68,'Cactus Pads','Cactus Pads',266,97000,56),(37,0,19,'Lid Coffeecup 12oz D9542b','Lid Coffeecup 12oz D9542b',267,113000,32),(38,0,63,'Appetizer - Cheese Bites','Appetizer - Cheese Bites',268,97000,93),(39,0,66,'Wine - Sogrape Mateus Rose','Wine - Sogrape Mateus Rose',269,82000,68),(40,0,11,'Pop Shoppe Cream Soda','Pop Shoppe Cream Soda',270,111000,59),(41,0,29,'Pastry - Banana Muffin - Mini','Pastry - Banana Muffin - Mini',271,75000,94),(42,0,42,'Turkey - Ground. Lean','Turkey - Ground. Lean',272,88000,89),(43,0,51,'Scrubbie - Scotchbrite Hand Pad','Scrubbie - Scotchbrite Hand Pad',273,96000,65),(44,0,61,'Flax Seed','Flax Seed',274,97000,57),(45,0,21,'Garam Marsala','Garam Marsala',275,77000,88),(46,0,35,'Soup - Campbells Chili','Soup - Campbells Chili',276,84000,71),(47,0,41,'English Muffin','English Muffin',277,68000,89),(48,0,31,'Cocoa Powder - Natural','Cocoa Powder - Natural',278,81000,33),(49,0,21,'Wine - Stoneliegh Sauvignon','Wine - Stoneliegh Sauvignon',279,78000,95),(50,0,66,'Tequila Rose Cream Liquor','Tequila Rose Cream Liquor',280,83000,77),(51,0,11,'Soup Campbells Turkey Veg.','Soup Campbells Turkey Veg.',281,116000,99),(52,0,30,'Seedlings - Mix, Organic','Seedlings - Mix, Organic',282,101000,64),(53,0,48,'Lemon Pepper','Lemon Pepper',283,90000,23),(54,0,17,'Soup - Campbells Beef Strogonoff','Soup - Campbells Beef Strogonoff',284,84000,20),(55,0,53,'Salt - Table','Salt - Table',285,84000,31),(56,0,23,'Squash - Sunburst','Squash - Sunburst',286,104000,96),(57,0,66,'Muffin - Blueberry Individual','Muffin - Blueberry Individual',287,92000,87),(58,0,10,'Raspberries - Frozen','Raspberries - Frozen',288,82000,44),(59,0,26,'Beets - Candy Cane, Organic','Beets - Candy Cane, Organic',289,72000,60),(60,0,29,'Pasta - Gnocchi, Potato','Pasta - Gnocchi, Potato',290,103000,68),(61,0,57,'Veal - Inside','Veal - Inside',291,69000,58),(62,0,67,'Mushroom - Lg - Cello','Mushroom - Lg - Cello',292,82000,87),(63,0,32,'Dooleys Toffee','Dooleys Toffee',293,83000,60),(64,0,11,'Wakami Seaweed','Wakami Seaweed',294,103000,40),(65,0,70,'Chinese Lemon Pork','Chinese Lemon Pork',295,91000,20),(66,0,64,'Chocolate - Pistoles, Lactee, Milk','Chocolate - Pistoles, Lactee, Milk',296,80000,79),(67,0,39,'Cheese - Goat With Herbs','Cheese - Goat With Herbs',297,119000,35),(68,0,54,'Ice Cream Bar - Hageen Daz To','Ice Cream Bar - Hageen Daz To',298,69000,36),(69,0,20,'Wine - Cava Aria Estate Brut','Wine - Cava Aria Estate Brut',299,89000,77),(70,0,54,'Table Cloth 72x144 White','Table Cloth 72x144 White',300,118000,76),(71,0,17,'Cheese - Brie, Triple Creme','Cheese - Brie, Triple Creme',301,92000,48),(72,0,33,'Nectarines','Nectarines',302,98000,11),(73,0,45,'Gatorade - Orange','Gatorade - Orange',303,90000,11),(74,0,54,'Pasta - Rotini, Colour, Dry','Pasta - Rotini, Colour, Dry',304,95000,23),(75,0,65,'Turkey - Ground. Lean','Turkey - Ground. Lean',305,85000,79),(76,0,33,'Plastic Arrow Stir Stick','Plastic Arrow Stir Stick',306,72000,26),(77,0,21,'Sparkling Wine - Rose, Freixenet','Sparkling Wine - Rose, Freixenet',307,99000,95),(78,0,59,'Crackers - Trio','Crackers - Trio',308,102000,94),(79,0,40,'Sole - Fillet','Sole - Fillet',309,91000,87),(80,0,12,'Chips - Potato Jalapeno','Chips - Potato Jalapeno',310,84000,52),(81,0,53,'Coffee - Ristretto Coffee Capsule','Coffee - Ristretto Coffee Capsule',311,83000,100),(82,0,34,'Prunes - Pitted','Prunes - Pitted',312,98000,41),(83,0,65,'Cheese - Cheddar, Mild','Cheese - Cheddar, Mild',313,65000,4),(84,0,30,'Vinegar - Tarragon','Vinegar - Tarragon',314,80000,98),(85,0,68,'Capers - Ox Eye Daisy','Capers - Ox Eye Daisy',315,84000,75),(86,0,58,'Lamb Rack - Ontario','Lamb Rack - Ontario',316,115000,82),(87,0,16,'Salt - Kosher','Salt - Kosher',317,92000,83),(88,0,19,'Muffin Mix - Banana Nut','Muffin Mix - Banana Nut',318,106000,70),(89,0,36,'Shrimp - 31/40','Shrimp - 31/40',319,76000,99),(90,0,54,'Salt - Rock, Course','Salt - Rock, Course',320,110000,87),(91,0,28,'Cookies - Englishbay Oatmeal','Cookies - Englishbay Oatmeal',321,89000,38),(92,0,32,'Tomatoes - Heirloom','Tomatoes - Heirloom',322,106000,27),(93,0,66,'Rum - White, Gg White','Rum - White, Gg White',323,88000,20),(94,0,42,'Mousse - Banana Chocolate','Mousse - Banana Chocolate',324,113000,17),(95,0,63,'Mushroom - Morels, Dry','Mushroom - Morels, Dry',325,70000,27),(96,0,57,'Ice Cream - Chocolate','Ice Cream - Chocolate',326,115000,83),(97,0,27,'Pineapple - Golden','Pineapple - Golden',327,75000,32),(98,0,16,'Wine - Pinot Grigio Collavini','Wine - Pinot Grigio Collavini',328,76000,12),(99,0,51,'Fib N9 - Prague Powder','Fib N9 - Prague Powder',329,93000,62),(100,0,16,'French Pastry - Mini Chocolate','French Pastry - Mini Chocolate',330,116000,74);
/*!40000 ALTER TABLE `ingredient` ENABLE KEYS */;
UNLOCK TABLES;

--
-- Dumping data for table `ingredient_left_log`
--

LOCK TABLES `ingredient_left_log` WRITE;
/*!40000 ALTER TABLE `ingredient_left_log` DISABLE KEYS */;
INSERT INTO `ingredient_left_log` (`ingredient_left_log_id`, `amount_left_change`, `creation_time`, `message`, `staff_id`, `user_id`, `ingredient_id`) VALUES (1,4,'2021-06-15 00:00:00','More ingredient',3,3,2),(2,6,'2021-06-15 00:00:00','More ingredient',3,3,1),(3,4,'2021-06-16 00:00:00','More ingredient',6,6,5),(4,4,'2021-06-18 00:00:00','More ingredient',8,8,6),(5,4,'2021-06-19 00:00:00','More ingredient',9,9,4),(6,5,'2021-06-20 00:00:00','More ingredient',7,7,9),(7,4,'2021-06-20 00:00:00','More ingredient',7,7,10),(8,6,'2021-06-21 00:00:00','More ingredient',5,5,3),(9,5,'2021-06-22 00:00:00','More ingredient',8,8,3),(10,6,'2021-06-23 00:00:00','More ingredient',10,10,12),(11,6,'2021-06-24 00:00:00','More ingredient',12,12,12),(12,6,'2021-06-25 00:00:00','More ingredient',9,9,11),(13,6,'2021-06-27 00:00:00','More ingredient',15,15,7),(14,5,'2021-06-29 00:00:00','More ingredient',5,5,8),(15,4,'2021-06-29 00:00:00','More ingredient',5,5,7),(16,5,'2021-07-01 00:00:00','More ingredient',13,13,14),(17,6,'2021-07-02 00:00:00','More ingredient',6,6,13),(18,4,'2021-07-05 00:00:00','More ingredient',14,14,6),(19,7,'2021-07-06 00:00:00','More ingredient',4,4,8),(20,5,'2021-07-10 00:00:00','More ingredient',10,10,8),(21,4,'2021-07-12 00:00:00','More ingredient',9,9,15),(22,4,'2021-07-15 00:00:00','More ingredient',15,15,5),(23,6,'2021-07-15 00:00:00','More ingredient',15,15,4),(24,4,'2021-07-17 00:00:00','More ingredient',4,4,6),(25,5,'2021-07-17 00:00:00','More ingredient',4,4,9),(26,5,'2021-10-24 01:55:30','Ingredients imported',4,4,90),(27,5,'2021-08-19 11:48:18','Ingredients imported',43,43,23),(28,3,'2021-10-21 16:02:43','Ingredients imported',4,4,41),(29,6,'2021-08-16 18:41:00','Ingredients imported',90,90,38),(30,4,'2021-09-07 06:06:20','Ingredients imported',39,39,65),(31,4,'2021-09-15 09:46:07','Ingredients imported',22,22,12),(32,4,'2021-07-20 07:15:14','Ingredients imported',93,93,62),(33,4,'2021-08-04 10:20:17','Ingredients imported',99,99,76),(34,7,'2021-08-29 20:46:51','Ingredients imported',16,16,91),(35,7,'2021-08-22 03:23:43','Ingredients imported',84,84,30),(36,6,'2021-09-09 11:13:17','Ingredients imported',71,71,73),(37,6,'2021-08-20 06:49:40','Ingredients imported',1,1,76),(38,3,'2021-11-01 01:15:11','Ingredients imported',93,93,61),(39,3,'2021-10-19 19:56:19','Ingredients imported',61,61,74),(40,7,'2021-08-17 02:48:30','Ingredients imported',27,27,88),(41,3,'2021-10-04 08:00:51','Ingredients imported',48,48,17),(42,7,'2021-10-19 15:17:06','Ingredients imported',62,62,22),(43,7,'2021-09-11 20:18:33','Ingredients imported',63,63,59),(44,4,'2021-08-29 20:27:40','Ingredients imported',30,30,30),(45,6,'2021-10-03 19:58:29','Ingredients imported',61,61,69),(46,7,'2021-08-22 19:44:06','Ingredients imported',13,13,57),(47,4,'2021-07-25 23:26:24','Ingredients imported',80,80,75),(48,6,'2021-10-20 12:13:55','Ingredients imported',64,64,6),(49,4,'2021-09-22 16:22:42','Ingredients imported',76,76,5),(50,3,'2021-08-18 09:42:36','Ingredients imported',90,90,5),(51,4,'2021-10-12 06:10:15','Ingredients imported',19,19,9),(52,7,'2021-10-27 18:31:25','Ingredients imported',25,25,32),(53,5,'2021-08-23 20:56:30','Ingredients imported',69,69,30),(54,7,'2021-08-03 09:28:02','Ingredients imported',70,70,55),(55,4,'2021-08-17 04:16:40','Ingredients imported',44,44,82),(56,4,'2021-10-29 12:40:13','Ingredients imported',7,7,48),(57,6,'2021-09-06 09:16:57','Ingredients imported',1,1,90),(58,3,'2021-11-02 14:42:57','Ingredients imported',86,86,7),(59,3,'2021-07-24 09:03:24','Ingredients imported',27,27,66),(60,7,'2021-10-22 04:29:57','Ingredients imported',76,76,9),(61,7,'2021-10-23 14:56:51','Ingredients imported',97,97,46),(62,3,'2021-09-09 13:15:59','Ingredients imported',58,58,1),(63,6,'2021-08-24 02:29:39','Ingredients imported',100,100,66),(64,6,'2021-10-27 17:32:13','Ingredients imported',23,23,26),(65,4,'2021-08-01 06:07:17','Ingredients imported',15,15,31),(66,3,'2021-09-07 14:59:53','Ingredients imported',4,4,77),(67,7,'2021-09-22 03:52:01','Ingredients imported',75,75,93),(68,4,'2021-08-19 14:03:57','Ingredients imported',65,65,35),(69,4,'2021-07-24 10:21:34','Ingredients imported',96,96,92),(70,3,'2021-10-19 00:47:36','Ingredients imported',87,87,57),(71,5,'2021-09-09 18:51:49','Ingredients imported',47,47,8),(72,3,'2021-10-25 05:29:53','Ingredients imported',74,74,68),(73,4,'2021-09-02 20:01:46','Ingredients imported',29,29,16),(74,4,'2021-10-13 21:22:59','Ingredients imported',20,20,74),(75,6,'2021-09-09 20:23:33','Ingredients imported',14,14,24),(76,3,'2021-10-25 05:21:36','Ingredients imported',11,11,97),(77,5,'2021-09-16 06:22:04','Ingredients imported',11,11,14),(78,4,'2021-08-28 09:29:51','Ingredients imported',22,22,77),(79,6,'2021-08-02 02:31:47','Ingredients imported',75,75,41),(80,5,'2021-08-12 23:00:08','Ingredients imported',8,8,75),(81,4,'2021-09-25 19:49:38','Ingredients imported',15,15,50),(82,3,'2021-09-02 22:03:30','Ingredients imported',50,50,27),(83,5,'2021-10-18 12:32:25','Ingredients imported',5,5,84),(84,5,'2021-09-27 07:12:49','Ingredients imported',73,73,39),(85,5,'2021-08-20 20:17:02','Ingredients imported',51,51,42),(86,3,'2021-10-29 19:53:06','Ingredients imported',34,34,94),(87,7,'2021-07-20 05:27:58','Ingredients imported',19,19,41),(88,5,'2021-08-23 01:06:09','Ingredients imported',93,93,25),(89,7,'2021-07-22 21:56:24','Ingredients imported',5,5,99),(90,5,'2021-11-01 02:58:38','Ingredients imported',48,48,22),(91,4,'2021-08-05 03:48:04','Ingredients imported',23,23,10),(92,6,'2021-09-30 12:56:18','Ingredients imported',71,71,85),(93,3,'2021-07-28 08:36:54','Ingredients imported',84,84,94),(94,3,'2021-09-15 15:35:49','Ingredients imported',9,9,14),(95,7,'2021-10-19 09:50:10','Ingredients imported',92,92,89),(96,6,'2021-10-01 15:12:37','Ingredients imported',30,30,1),(97,5,'2021-09-30 00:06:43','Ingredients imported',77,77,39),(98,6,'2021-09-18 09:34:30','Ingredients imported',93,93,90),(99,5,'2021-10-09 12:43:09','Ingredients imported',34,34,34),(100,7,'2021-09-30 14:50:41','Ingredients imported',91,91,98),(101,7,'2021-07-29 00:08:53','Ingredients imported',50,50,90),(102,6,'2021-08-12 16:24:16','Ingredients imported',79,79,54),(103,6,'2021-09-29 12:44:39','Ingredients imported',43,43,98),(104,6,'2021-07-31 00:46:28','Ingredients imported',78,78,29),(105,5,'2021-07-29 04:18:16','Ingredients imported',61,61,52);
/*!40000 ALTER TABLE `ingredient_left_log` ENABLE KEYS */;
UNLOCK TABLES;

--
-- Dumping data for table `membership_type`
--

LOCK TABLES `membership_type` WRITE;
/*!40000 ALTER TABLE `membership_type` DISABLE KEYS */;
INSERT INTO `membership_type` (`membership_type_id`, `description`, `membership_name`, `minimum_spend`, `user_id`, `discount_id`) VALUES (1,'Member','Member',15000,5,1),(2,'Associate member','Associate member',15000,9,2),(3,'Fellow','Fellow',15000,7,8),(4,'Honorary fellow','Honorary fellow',15000,12,3),(5,'Group','Group',15000,15,4),(6,'Member Emeritus','Member Emeritus',15000,80,5),(7,'Individual Associate','Individual Associate',15000,10,6),(8,'Regular','Regular',15000,6,7),(9,'Temporary','Temporary',15000,48,9),(10,'Benefactor','Benefactor',15000,67,10),(11,'Full','Full',15000,90,11),(12,'Companion','Companion',15000,47,12),(13,'Affiliate','Affiliate',15000,68,13),(14,'Corporate','Corporate',15000,91,14),(15,'Partner','Partner',15000,53,15),(16,'Trasitional','Trasitional',20000,93,16),(17,'Social','Social',20000,8,17),(18,'Personal','Personal',20000,56,18),(19,'Organizational','Organizational',20000,57,19),(20,'Special','Special',20000,16,20),(21,'Division','Division',20000,60,21),(22,'Business','Business',20000,85,22),(23,'Charity','Charity',20000,3,23),(24,'Entry level','Entry level',20000,63,24),(25,'Validity','Validity',20000,51,25),(26,'Enterprise','Enterprise',20000,35,26),(27,'Alumni','Alumni',20000,59,27),(28,'Resident','Resident',20000,88,28),(29,'International','International',20000,71,29),(30,'State','State',20000,87,30);
/*!40000 ALTER TABLE `membership_type` ENABLE KEYS */;
UNLOCK TABLES;

--
-- Dumping data for table `other_cost`
--

LOCK TABLES `other_cost` WRITE;
/*!40000 ALTER TABLE `other_cost` DISABLE KEYS */;
INSERT INTO `other_cost` (`other_cost_id`, `creation_time`, `description`, `name`, `total_cost`, `user_id`) VALUES (1,'2021-06-25 00:00:00','Testing','VAT',30000,3),(2,'2021-06-28 00:00:00','Testing','Rent',500000,5),(3,'2021-06-30 00:00:00','Testing','Repair',100000,8),(4,'2021-07-03 00:00:00','Testing','Fuel',120000,9),(5,'2021-07-08 00:00:00','Testing','Insurance',200000,12),(6,'2021-07-06 21:49:38','Periph nerve dx proc NEC','Diltiazem Hydrochloride',492000,84),(7,'2021-07-27 14:41:27','P32 & eye tracer NEC','Seretin',322000,13),(8,'2020-12-19 12:47:34','Episiotomy','Hemostatic Solution',93000,6),(9,'2020-12-25 01:45:03','Adhesiolysis ovary/tube','Irbesartan',384000,87),(10,'2021-04-20 01:24:32','Other plastic ops tendon','AMOXICILLIN',217000,23),(11,'2021-08-01 06:44:27','Other patellar incision','Fenoprofen Calcium',357000,48),(12,'2020-08-16 17:52:59','Dermabrasion','Minitran',171000,72),(13,'2021-07-01 15:04:01','Mult seg sm bowel excis','Docetaxel',203000,16),(14,'2021-05-09 10:13:36','Perirectal tissue biopsy','Stomach Relief Anti Diarrheal',466000,56),(15,'2020-08-13 13:31:08','Rectal perirect op NEC','DIAMITE',299000,35),(16,'2021-01-08 01:15:00','Bile duct repair NEC','Love Hand Sanitizer',55000,3),(17,'2020-08-04 19:24:32','Metatar/tar division NEC','Smart Sense Naproxen Sodium',262000,7),(18,'2021-09-22 09:37:43','Lysis pharyngeal adhes','Acetaminophen',185000,22),(19,'2020-07-18 18:43:16','Vesicostomy','Purell Advanced Hand Sanitizer Inspiring Island Getaway',99000,87),(20,'2020-10-26 12:16:00','Cyclophotocoagulation','NUCYNTA',359000,71),(21,'2021-05-25 22:47:28','Periren/uret dx proc NEC','Female Tonic',78000,92),(22,'2021-01-24 20:11:01','Crown application','Despec',194000,48),(23,'2020-10-06 06:41:33','C & s-nervous syst','Primidone',234000,59),(24,'2021-01-19 09:14:36','Pull-thru res rectum NOS','Smooth Brome',90000,53),(25,'2021-07-17 06:49:02','Contrast dacryocystogram','Cladosporium cladosporioides',167000,84),(26,'2020-12-26 17:54:32','Suture of rectal lacer','Vicks',64000,64),(27,'2020-08-22 12:38:29','Fixed bridge insertion','Lyrica',243000,64),(28,'2020-08-19 09:28:13','Tenotomy of hand','Fast Arthritis Aid',59000,27),(29,'2021-10-07 11:21:25','Incision of lung','RANITIDINE',452000,38),(30,'2021-09-28 20:09:49','Extraoc musc-tend biopsy','Minocycline Hydrochloride',196000,9),(31,'2020-12-31 09:30:41','Amputation through hand','Acetaminophen',47000,27),(32,'2020-11-20 05:57:47','Remov epithel downgrowth','Proactiv Renewing Cleanser',70000,8),(33,'2020-08-12 20:25:24','Closed chest card massag','LOreal Paris Visible lift Medium Deep CC Broad Spectrum SPF 20',168000,54),(34,'2020-10-24 09:43:08','Cell blk/pap-lower GI','Hexabrix',130000,45),(35,'2021-10-17 13:50:51','Open reduction-toe fx','Simvastatin',107000,64),(36,'2020-11-26 12:26:49','Nephroscopy','CLADOSPORIUM SPHAEROSPERMUM',103000,83),(37,'2021-08-06 11:02:21','Ins/rep mul pul gn,rechg','Adrenal Support',158000,25),(38,'2020-12-23 05:44:13','Vacuum extract del NEC','Creomulsion',439000,68),(39,'2021-05-16 15:26:14','Bact smear-endocrine','AMBROSIA PSILOSTACHYA POLLEN',301000,69),(40,'2021-01-29 17:50:15','Transfusion NEC','Carboplatin',146000,38),(41,'2020-10-20 20:08:39','Tot breech extrac NEC','Simvastatin',248000,79),(42,'2020-12-13 16:35:15','Bunionect/sft/osteotomy','7 Select Acid Reducer',304000,81),(43,'2021-09-12 12:15:13','Ankle synovectomy','PDI Sani-Hands',273000,71),(44,'2020-09-01 22:55:24','Parasitology-musculoskel','Acyclovir',416000,8),(45,'2020-11-12 15:34:37','Hand plastic op NEC','Veal',300000,23),(46,'2021-10-05 06:41:19','Interposit op uterin lig','Linden',210000,88),(47,'2021-07-15 13:06:46','Limb skin traction NEC','Pear',111000,75),(48,'2020-07-31 06:08:50','Opn/oth rep mitral valve','Anti Chafe Balm',346000,8),(49,'2020-10-22 07:29:29','Contr thor arteriogr NEC','LISINOPRIL',435000,11),(50,'2020-09-14 17:22:12','Inject/infuse electrolyt','Etodolac',178000,28),(51,'2021-03-06 10:19:32','Insert recombinant BMP','NAUSEA VOMITING HP',466000,6),(52,'2021-06-11 07:21:45','Vasc proc revision NEC','MORPHINE SULFATE',375000,40),(53,'2020-11-21 05:53:37','Revis cutan ileoureteros','Bupivacaine Hydrochloride',437000,83),(54,'2021-03-27 17:00:38','Injection into marrow','Meclizine Hydrochloride',100000,95),(55,'2021-04-10 20:49:34','Reopen craniotomy site','SANAFITIL',68000,28),(56,'2020-11-08 03:33:04','Correction fetal defect','Immortelle Brightening Hand Care SPF 15',464000,48),(57,'2021-02-22 19:48:48','Open robotic assist proc','Atenolol',233000,55),(58,'2020-08-25 23:03:00','Excision of knee NEC','Orange Blossom Antibacterial Foaming Hand Wash',195000,31),(59,'2021-07-02 07:09:29','Osteoclasis-chest cage','Felodipine',236000,86),(60,'2020-09-24 20:45:04','Lacrimal sac incision','triamcinolone acetonide',93000,39),(61,'2020-12-23 18:08:26','Repair ob lac rect/anus','PASPALUM NOTATUM POLLEN',178000,32),(62,'2021-10-22 11:21:12','Arthrocentesis','ANTIBACTERIAL FOAMING',113000,41),(63,'2021-10-27 13:44:48','Neurologic func test NEC','Spironolactone',453000,7),(64,'2021-03-11 12:49:06','Lymphatic struct biopsy','Levetiracetam',40000,11),(65,'2021-02-18 23:44:01','Inject/infuse electrolyt','Horse Hair',187000,29),(66,'2020-10-20 18:05:42','BBBD via infusion','Listerine Naturals Antiseptic - Herbal Mint',315000,13),(67,'2021-08-20 08:58:40','Brain/skull contrst xray','Gadavyt',50000,73),(68,'2021-05-20 18:15:39','Intra-amnion inj for ab','Zicam Ultra Cold Remedy Rapidmelts',189000,28),(69,'2020-12-22 07:06:23','Cl reduc disloc-hand/fng','Hepataplex',296000,16),(70,'2020-08-14 10:04:16','Chorioret les diathermy','Listerine Essential Care',411000,91),(71,'2021-08-13 21:21:53','Hand/finger joint biopsy','Heartburn',208000,12),(72,'2020-11-06 00:59:56','Tendon graft','PERSONAL CARE EXTRA STRENGTH COLD HOT',225000,80),(73,'2020-10-19 05:42:16','Facial bone repair NEC','POLYETHYLENE GLYCOL 3350',463000,68),(74,'2020-08-27 21:22:28','Insert bone stimul NOS','tizanidine',218000,99),(75,'2021-09-07 00:50:08','Remov other genit device','BETHANECHOL CHLORIDE',122000,89),(76,'2021-06-01 20:17:49','Lam keratplast w autgrft','SELZENTRY',378000,50),(77,'2020-10-30 10:44:22','Cautery to stop epistax','Aquaphor',101000,80),(78,'2020-08-03 01:12:25','Manual rupt joint adhes','Protamine Sulfate',252000,49),(79,'2021-08-12 09:43:27','Lower GI series','Bamboo Rosemary',456000,3),(80,'2021-05-23 10:46:41','Lacrimal sac incision','Niaspan',105000,62),(81,'2021-05-22 16:28:45','Remove skull tongs','Citalopram Hydrobromide',497000,5),(82,'2021-05-12 06:54:13','Nephrotomy','White Pine',289000,32),(83,'2020-10-01 21:20:09','Rep anulus fibrosus-grft','Alka-Seltzer Plus',373000,44),(84,'2021-01-07 07:03:18','Iris biopsy','LBEL COULEUR LUXE AMPLIFIER XP',40000,23),(85,'2020-07-09 02:46:42','Toxicology-integument','Food - Plant Source, Corn Zea mays',421000,80),(86,'2021-10-01 04:35:14','Open reduc-radius/uln fx','Tricode',103000,35),(87,'2021-07-07 03:28:28','Periph nerv anastom NEC','Manefit Beauty Planner Lavender Wrinkle Lifting Mask',134000,28),(88,'2021-07-26 20:23:06','Intranas les destruction','Leader Clotrimazole Anti-Fungal',322000,34),(89,'2021-03-03 22:07:22','Other acupuncture','Furosemide',248000,82),(90,'2021-07-17 04:31:10','Breast dx procedure NEC','XOLIDO',232000,13),(91,'2021-05-30 09:14:03','Unilat fallop tube destr','BLUE ACME SLEEVE FIRST AID Contains 1000 PIECES',377000,14),(92,'2021-04-01 16:53:50','Oth salpingo-oophoroplas','Serophene',229000,28),(93,'2020-12-07 19:37:13','Hysteroscopy','NanoFreeze',433000,93),(94,'2020-07-23 16:48:27','Remov abdom wall suture','Alendronate Sodium',58000,85),(95,'2021-02-22 05:26:26','Plague vaccination','Synthroid',333000,46),(96,'2021-10-05 21:09:51','Revis ren dialysis shunt','PERIOSCIENCES HYDRATING AO Pro',69000,69),(97,'2021-08-14 20:18:27','Other repair of knee','Magnesium Oxide',230000,11),(98,'2021-07-12 14:18:51','Arth/pros rem wo re-foot','Bacitracin Zinc and Polymyxin B Sulfate',440000,42),(99,'2021-07-03 07:27:55','Inject/inf thrombo agent','BIOTOX BAC',86000,74),(100,'2021-09-23 17:12:38','Excise ciliary body les','Arnica 6c',457000,45);
/*!40000 ALTER TABLE `other_cost` ENABLE KEYS */;
UNLOCK TABLES;

--
-- Dumping data for table `picture`
--

LOCK TABLES `picture` WRITE;
/*!40000 ALTER TABLE `picture` DISABLE KEYS */;
INSERT INTO `picture` (`picture_id`, `picture_link`) VALUES (1,'https://upload.wikimedia.org/wikipedia/commons/f/fe/Viettel_logo_2021.svg'),(2,'https://cdn.tgdd.vn/Files/2015/04/21/634843/cach-dang-ki-cuoc-goi-va-nhan-tin-mien-phi-vinaphone-2.jpg'),(3,'https://i2.wp.com/marketingai.admicro.vn/wp-content/uploads/2018/11/bo-nhan-dien-thuong-hieu-mobifone-min.png?resize=766%2C216&ssl=1'),(4,'https://vnptvinaphone.net.vn/wp-content/uploads/2021/01/logo-vnpt-h%C3%A0-n%E1%BB%8Di.png'),(5,'https://upload.wikimedia.org/wikipedia/vi/thumb/a/a8/Vietnamobile_Logo.svg/1200px-Vietnamobile_Logo.svg.png'),(6,'https://upload.wikimedia.org/wikipedia/vi/7/7a/BeeLine_logo.png'),(7,'https://www.fpt.com.vn/Content/home/images/icon/ic-logo.png'),(8,'https://cmc.com.vn/main/imgs/logo.svg'),(9,'https://viettelco.net/wp-content/uploads/2020/01/Logo-Viettelco.png'),(10,'https://netnam.com/o/netnam/images/logo.png'),(11,'https://www.foodsafetynews.com/files/2020/06/raw-sirloin-steak-beef.jpg'),(12,'https://i2.wp.com/hygienicmeat.com/wp-content/uploads/2020/07/s735965455334319150_p6_i1_w2048.jpeg'),(13,'https://www.collinsdictionary.com/images/full/oyster_245235925.jpg'),(14,'https://static.julinse.com/i/a250031cfd4543cd-1024x684.jpg'),(15,'https://passiondelivery.com/pub/media/catalog/product/cache/7e6e59e80a69ca81b40190dbfa9e211f/5/7/57._pork_loin_skin-off.jpg'),(16,'https://media.cooky.vn/images/blog-2016/cach-phan-biet-nuoc-mam-truyen-thong-va-nuoc-cham-cong-nghiep%201.jpg'),(17,'http://kolala.com.vn/upload/public/TI%C3%AAu/where-does-black-pepper-come-from.jpg'),(18,'https://cdn-prod.medicalnewstoday.com/content/images/articles/322/322745/salt-shaker.jpg'),(19,'https://parenting.firstcry.ae/memories/getMyMemoryImages/2018/04/528721780-H.jpg'),(20,'https://bizweb.dktcdn.net/100/408/264/products/5116995hanh-tay-onion-000000005272-jpeg.jpg?v=1603792333943'),(21,'https://www.escoffieronline.com/wp-content/uploads/2013/04/iStock-995038782-small.jpg'),(22,'https://st.depositphotos.com/1049691/4267/i/950/depositphotos_42673487-stock-photo-fresh-orange.jpg'),(23,'http://suckhoedoisong.vn/Images/thutrang/2016/04/25/tanghoocmon_1.jpg'),(24,'https://wallpapercave.com/wp/wp2691685.jpg'),(25,'https://images.thefishsite.com/fish%2Farticles%2Fprocessing%2Fsalmon-fillet.jpeg'),(26,'https://hips.hearstapps.com/vidthumb/images/grilled-shrimp-horizontal-1553275047.jpg'),(27,'https://www.thespruceeats.com/thmb/RuiS8PlPaUkJFbrH8skujr90Q8A=/1500x1000/filters:fill(auto,1)/terris-crispy-fried-chicken-legs-3056879-10_preview-5b05ec40a474be00362260d7.jpeg'),(28,'https://encrypted-tbn0.gstatic.com/images?q=tbn:ANd9GcQ0Wi_Yf-V1yc_gruFfIvs4wJtvjngDsRG-kg&usqp=CAU'),(29,'https://armyhaus.com/wp-content/uploads/2020/12/marinated-top-round-steak-3060302-hero-02-ed071d5d7e584bea82857112aa734a94.jpg'),(30,'https://islandlifenc.com/wp-content/uploads/2021/01/How-to-do-an-Oyster-Roast.jpg'),(31,'https://www.foxandbriar.com/wp-content/uploads/2020/09/Garlic-Bread-7-of-10.jpg'),(32,'http://cdn.shopify.com/s/files/1/2956/7160/articles/sashimi_ca_hoi_tuoi.jpg?v=1536459593'),(33,'https://kenh14cdn.com/2019/7/16/2-15632570826061657541652.jpg'),(34,'https://images.food52.com/9HR-m4RBTbuZpZah01hA4Jgco7s=/2016x1344/filters:format(webp)/a6022657-cd16-47ec-8d78-63f717d869f7--seafood_stew.jpg'),(35,'https://www.simplyrecipes.com/thmb/63rPxOV5ooiVaaczVVCGTrGWi_w=/1600x1067/filters:no_upscale():max_bytes(150000):strip_icc()/__opt__aboutcom__coeus__resources__content_migration__simply_recipes__uploa'),(36,'https://imagesvc.meredithcorp.io/v3/mm/image?url=https%3A%2F%2Fimg1.cookinglight.timeinc.net%2Fsites%2Fdefault%2Ffiles%2Fstyles%2Fmedium_2x%2Fpublic%2Fimage%2F2016%2F09%2Fmain%2F1610p130-smoky-pan-sea'),(37,'https://images.ctfassets.net/3s5io6mnxfqz/VTFplkmqQemCmaQgYEeGU/a70e0c14de212de3444179fee2223121/image1.jpg?fm=jpg&w=900&fl=progressive'),(38,'https://previews.123rf.com/images/photomaru/photomaru1011/photomaru101100054/8297195-orange-juice-and-slices-of-orange-isolated-on-white.jpg'),(39,'https://recipe52.com/wp-content/uploads/2020/01/Kiwi-Juice-recipe-6.jpg'),(40,'https://www.onceuponachef.com/images/2014/03/Easy-Garlic-Butter-Shrimp-1.jpg'),(41,'https://www.slideteam.net/media/catalog/product/cache/960x720/m/e/merchandise_buying_6_month_plan_ppt_show_slideshow_Slide01.jpg'),(42,'https://mir-s3-cdn-cf.behance.net/project_modules/1400/b5594273128611.5bff152c43fec.jpg'),(43,'https://docs.oracle.com/cd/E75762_01/assortplan/pdf/141/html/ug/img/bplan_bm_rev_receiptpl_look.png'),(44,'https://images.slideplayer.com/13/3902380/slides/slide_8.jpg'),(45,'https://image.shutterstock.com/image-vector/user-login-authenticate-icon-human-260nw-1365533969.jpg'),(46,'https://upload.wikimedia.org/wikipedia/commons/thumb/1/12/User_icon_2.svg/2048px-User_icon_2.svg.png'),(47,'https://upload.wikimedia.org/wikipedia/commons/thumb/c/ce/User-info.svg/768px-User-info.svg.png'),(48,'http://simpleicon.com/wp-content/uploads/user1.png'),(49,'https://www.kindpng.com/picc/m/24-248253_user-profile-default-image-png-clipart-png-download.png'),(50,'https://image.shutterstock.com/image-vector/default-avatar-profile-icon-vector-260nw-1725655669.jpg'),(51,'https://cdn-icons-png.flaticon.com/512/149/149071.png'),(52,'https://upload.wikimedia.org/wikipedia/commons/9/99/Sample_User_Icon.png'),(53,'https://cdn.icon-icons.com/icons2/2506/PNG/512/user_icon_150670.png'),(54,'https://icon-library.com/images/google-user-icon/google-user-icon-11.jpg'),(55,'https://sothis.es/wp-content/plugins/all-in-one-seo-pack/images/default-user-image.png'),(56,'https://cdn.pixabay.com/photo/2020/07/01/12/58/icon-5359553_1280.png'),(57,'https://t4.ftcdn.net/jpg/02/29/75/83/360_F_229758328_7x8jwCwjtBMmC6rgFzLFhZoEpLobB6L8.jpg'),(58,'https://thumbs.dreamstime.com/b/default-avatar-profile-icon-vector-social-media-user-image-182145777.jpg'),(59,'https://cdn5.vectorstock.com/i/1000x1000/04/09/user-icon-vector-5770409.jpg'),(60,'https://ichef.bbci.co.uk/news/999/cpsprodpb/15951/production/_117310488_16.jpg'),(61,'https://ichef.bbci.co.uk/news/999/cpsprodpb/15951/production/_117310488_16.jpg'),(62,'https://ichef.bbci.co.uk/news/999/cpsprodpb/15951/production/_117310488_16.jpg'),(63,'https://ichef.bbci.co.uk/news/999/cpsprodpb/15951/production/_117310488_16.jpg'),(64,'https://ichef.bbci.co.uk/news/999/cpsprodpb/15951/production/_117310488_16.jpg'),(65,'https://ichef.bbci.co.uk/news/999/cpsprodpb/15951/production/_117310488_16.jpg'),(66,'https://ichef.bbci.co.uk/news/999/cpsprodpb/15951/production/_117310488_16.jpg'),(67,'https://ichef.bbci.co.uk/news/999/cpsprodpb/15951/production/_117310488_16.jpg'),(68,'https://ichef.bbci.co.uk/news/999/cpsprodpb/15951/production/_117310488_16.jpg'),(69,'https://ichef.bbci.co.uk/news/999/cpsprodpb/15951/production/_117310488_16.jpg'),(70,'https://ichef.bbci.co.uk/news/999/cpsprodpb/15951/production/_117310488_16.jpg'),(71,'https://ichef.bbci.co.uk/news/999/cpsprodpb/15951/production/_117310488_16.jpg'),(72,'https://ichef.bbci.co.uk/news/999/cpsprodpb/15951/production/_117310488_16.jpg'),(73,'https://ichef.bbci.co.uk/news/999/cpsprodpb/15951/production/_117310488_16.jpg'),(74,'https://ichef.bbci.co.uk/news/999/cpsprodpb/15951/production/_117310488_16.jpg'),(75,'https://ichef.bbci.co.uk/news/999/cpsprodpb/15951/production/_117310488_16.jpg'),(76,'https://ichef.bbci.co.uk/news/999/cpsprodpb/15951/production/_117310488_16.jpg'),(77,'https://ichef.bbci.co.uk/news/999/cpsprodpb/15951/production/_117310488_16.jpg'),(78,'https://ichef.bbci.co.uk/news/999/cpsprodpb/15951/production/_117310488_16.jpg'),(79,'https://ichef.bbci.co.uk/news/999/cpsprodpb/15951/production/_117310488_16.jpg'),(80,'https://ichef.bbci.co.uk/news/999/cpsprodpb/15951/production/_117310488_16.jpg'),(81,'https://ichef.bbci.co.uk/news/999/cpsprodpb/15951/production/_117310488_16.jpg'),(82,'https://ichef.bbci.co.uk/news/999/cpsprodpb/15951/production/_117310488_16.jpg'),(83,'https://ichef.bbci.co.uk/news/999/cpsprodpb/15951/production/_117310488_16.jpg'),(84,'https://ichef.bbci.co.uk/news/999/cpsprodpb/15951/production/_117310488_16.jpg'),(85,'https://ichef.bbci.co.uk/news/999/cpsprodpb/15951/production/_117310488_16.jpg'),(86,'https://ichef.bbci.co.uk/news/999/cpsprodpb/15951/production/_117310488_16.jpg'),(87,'https://ichef.bbci.co.uk/news/999/cpsprodpb/15951/production/_117310488_16.jpg'),(88,'https://ichef.bbci.co.uk/news/999/cpsprodpb/15951/production/_117310488_16.jpg'),(89,'https://ichef.bbci.co.uk/news/999/cpsprodpb/15951/production/_117310488_16.jpg'),(90,'https://ichef.bbci.co.uk/news/999/cpsprodpb/15951/production/_117310488_16.jpg'),(91,'https://ichef.bbci.co.uk/news/999/cpsprodpb/15951/production/_117310488_16.jpg'),(92,'https://ichef.bbci.co.uk/news/999/cpsprodpb/15951/production/_117310488_16.jpg'),(93,'https://ichef.bbci.co.uk/news/999/cpsprodpb/15951/production/_117310488_16.jpg'),(94,'https://ichef.bbci.co.uk/news/999/cpsprodpb/15951/production/_117310488_16.jpg'),(95,'https://ichef.bbci.co.uk/news/999/cpsprodpb/15951/production/_117310488_16.jpg'),(96,'https://ichef.bbci.co.uk/news/999/cpsprodpb/15951/production/_117310488_16.jpg'),(97,'https://ichef.bbci.co.uk/news/999/cpsprodpb/15951/production/_117310488_16.jpg'),(98,'https://ichef.bbci.co.uk/news/999/cpsprodpb/15951/production/_117310488_16.jpg'),(99,'https://ichef.bbci.co.uk/news/999/cpsprodpb/15951/production/_117310488_16.jpg'),(100,'https://ichef.bbci.co.uk/news/999/cpsprodpb/15951/production/_117310488_16.jpg'),(101,'https://ichef.bbci.co.uk/news/999/cpsprodpb/15951/production/_117310488_16.jpg'),(102,'https://ichef.bbci.co.uk/news/999/cpsprodpb/15951/production/_117310488_16.jpg'),(103,'https://ichef.bbci.co.uk/news/999/cpsprodpb/15951/production/_117310488_16.jpg'),(104,'https://ichef.bbci.co.uk/news/999/cpsprodpb/15951/production/_117310488_16.jpg'),(105,'https://ichef.bbci.co.uk/news/999/cpsprodpb/15951/production/_117310488_16.jpg'),(106,'https://ichef.bbci.co.uk/news/999/cpsprodpb/15951/production/_117310488_16.jpg'),(107,'https://ichef.bbci.co.uk/news/999/cpsprodpb/15951/production/_117310488_16.jpg'),(108,'https://ichef.bbci.co.uk/news/999/cpsprodpb/15951/production/_117310488_16.jpg'),(109,'https://ichef.bbci.co.uk/news/999/cpsprodpb/15951/production/_117310488_16.jpg'),(110,'https://ichef.bbci.co.uk/news/999/cpsprodpb/15951/production/_117310488_16.jpg'),(111,'https://ichef.bbci.co.uk/news/999/cpsprodpb/15951/production/_117310488_16.jpg'),(112,'https://ichef.bbci.co.uk/news/999/cpsprodpb/15951/production/_117310488_16.jpg'),(113,'https://ichef.bbci.co.uk/news/999/cpsprodpb/15951/production/_117310488_16.jpg'),(114,'https://ichef.bbci.co.uk/news/999/cpsprodpb/15951/production/_117310488_16.jpg'),(115,'https://ichef.bbci.co.uk/news/999/cpsprodpb/15951/production/_117310488_16.jpg'),(116,'https://ichef.bbci.co.uk/news/999/cpsprodpb/15951/production/_117310488_16.jpg'),(117,'https://ichef.bbci.co.uk/news/999/cpsprodpb/15951/production/_117310488_16.jpg'),(118,'https://ichef.bbci.co.uk/news/999/cpsprodpb/15951/production/_117310488_16.jpg'),(119,'https://ichef.bbci.co.uk/news/999/cpsprodpb/15951/production/_117310488_16.jpg'),(120,'https://ichef.bbci.co.uk/news/999/cpsprodpb/15951/production/_117310488_16.jpg'),(121,'https://ichef.bbci.co.uk/news/999/cpsprodpb/15951/production/_117310488_16.jpg'),(122,'https://ichef.bbci.co.uk/news/999/cpsprodpb/15951/production/_117310488_16.jpg'),(123,'https://ichef.bbci.co.uk/news/999/cpsprodpb/15951/production/_117310488_16.jpg'),(124,'https://ichef.bbci.co.uk/news/999/cpsprodpb/15951/production/_117310488_16.jpg'),(125,'https://ichef.bbci.co.uk/news/999/cpsprodpb/15951/production/_117310488_16.jpg'),(126,'https://ichef.bbci.co.uk/news/999/cpsprodpb/15951/production/_117310488_16.jpg'),(127,'https://ichef.bbci.co.uk/news/999/cpsprodpb/15951/production/_117310488_16.jpg'),(128,'https://ichef.bbci.co.uk/news/999/cpsprodpb/15951/production/_117310488_16.jpg'),(129,'https://ichef.bbci.co.uk/news/999/cpsprodpb/15951/production/_117310488_16.jpg'),(130,'https://ichef.bbci.co.uk/news/999/cpsprodpb/15951/production/_117310488_16.jpg'),(131,'https://ichef.bbci.co.uk/news/999/cpsprodpb/15951/production/_117310488_16.jpg'),(132,'https://ichef.bbci.co.uk/news/999/cpsprodpb/15951/production/_117310488_16.jpg'),(133,'https://ichef.bbci.co.uk/news/999/cpsprodpb/15951/production/_117310488_16.jpg'),(134,'https://ichef.bbci.co.uk/news/999/cpsprodpb/15951/production/_117310488_16.jpg'),(135,'https://ichef.bbci.co.uk/news/999/cpsprodpb/15951/production/_117310488_16.jpg'),(136,'https://ichef.bbci.co.uk/news/999/cpsprodpb/15951/production/_117310488_16.jpg'),(137,'https://ichef.bbci.co.uk/news/999/cpsprodpb/15951/production/_117310488_16.jpg'),(138,'https://ichef.bbci.co.uk/news/999/cpsprodpb/15951/production/_117310488_16.jpg'),(139,'https://ichef.bbci.co.uk/news/999/cpsprodpb/15951/production/_117310488_16.jpg'),(140,'https://ichef.bbci.co.uk/news/999/cpsprodpb/15951/production/_117310488_16.jpg'),(141,'https://ichef.bbci.co.uk/news/999/cpsprodpb/15951/production/_117310488_16.jpg'),(142,'https://ichef.bbci.co.uk/news/999/cpsprodpb/15951/production/_117310488_16.jpg'),(143,'https://ichef.bbci.co.uk/news/999/cpsprodpb/15951/production/_117310488_16.jpg'),(144,'https://ichef.bbci.co.uk/news/999/cpsprodpb/15951/production/_117310488_16.jpg'),(145,'https://ichef.bbci.co.uk/news/999/cpsprodpb/15951/production/_117310488_16.jpg'),(146,'https://ichef.bbci.co.uk/news/999/cpsprodpb/15951/production/_117310488_16.jpg'),(147,'https://ichef.bbci.co.uk/news/999/cpsprodpb/15951/production/_117310488_16.jpg'),(148,'https://ichef.bbci.co.uk/news/999/cpsprodpb/15951/production/_117310488_16.jpg'),(149,'https://ichef.bbci.co.uk/news/999/cpsprodpb/15951/production/_117310488_16.jpg'),(150,'https://ichef.bbci.co.uk/news/999/cpsprodpb/15951/production/_117310488_16.jpg'),(151,'https://d25tv1xepz39hi.cloudfront.net/2017-12-12/files/eos-6d-mark-ii-sample-image_1723.jpg'),(152,'https://d25tv1xepz39hi.cloudfront.net/2017-12-12/files/eos-6d-mark-ii-sample-image_1723.jpg'),(153,'https://d25tv1xepz39hi.cloudfront.net/2017-12-12/files/eos-6d-mark-ii-sample-image_1723.jpg'),(154,'https://d25tv1xepz39hi.cloudfront.net/2017-12-12/files/eos-6d-mark-ii-sample-image_1723.jpg'),(155,'https://d25tv1xepz39hi.cloudfront.net/2017-12-12/files/eos-6d-mark-ii-sample-image_1723.jpg'),(156,'https://d25tv1xepz39hi.cloudfront.net/2017-12-12/files/eos-6d-mark-ii-sample-image_1723.jpg'),(157,'https://d25tv1xepz39hi.cloudfront.net/2017-12-12/files/eos-6d-mark-ii-sample-image_1723.jpg'),(158,'https://d25tv1xepz39hi.cloudfront.net/2017-12-12/files/eos-6d-mark-ii-sample-image_1723.jpg'),(159,'https://d25tv1xepz39hi.cloudfront.net/2017-12-12/files/eos-6d-mark-ii-sample-image_1723.jpg'),(160,'https://d25tv1xepz39hi.cloudfront.net/2017-12-12/files/eos-6d-mark-ii-sample-image_1723.jpg'),(161,'https://d25tv1xepz39hi.cloudfront.net/2017-12-12/files/eos-6d-mark-ii-sample-image_1723.jpg'),(162,'https://d25tv1xepz39hi.cloudfront.net/2017-12-12/files/eos-6d-mark-ii-sample-image_1723.jpg'),(163,'https://d25tv1xepz39hi.cloudfront.net/2017-12-12/files/eos-6d-mark-ii-sample-image_1723.jpg'),(164,'https://d25tv1xepz39hi.cloudfront.net/2017-12-12/files/eos-6d-mark-ii-sample-image_1723.jpg'),(165,'https://d25tv1xepz39hi.cloudfront.net/2017-12-12/files/eos-6d-mark-ii-sample-image_1723.jpg'),(166,'https://d25tv1xepz39hi.cloudfront.net/2017-12-12/files/eos-6d-mark-ii-sample-image_1723.jpg'),(167,'https://d25tv1xepz39hi.cloudfront.net/2017-12-12/files/eos-6d-mark-ii-sample-image_1723.jpg'),(168,'https://d25tv1xepz39hi.cloudfront.net/2017-12-12/files/eos-6d-mark-ii-sample-image_1723.jpg'),(169,'https://d25tv1xepz39hi.cloudfront.net/2017-12-12/files/eos-6d-mark-ii-sample-image_1723.jpg'),(170,'https://d25tv1xepz39hi.cloudfront.net/2017-12-12/files/eos-6d-mark-ii-sample-image_1723.jpg'),(171,'https://d25tv1xepz39hi.cloudfront.net/2017-12-12/files/eos-6d-mark-ii-sample-image_1723.jpg'),(172,'https://d25tv1xepz39hi.cloudfront.net/2017-12-12/files/eos-6d-mark-ii-sample-image_1723.jpg'),(173,'https://d25tv1xepz39hi.cloudfront.net/2017-12-12/files/eos-6d-mark-ii-sample-image_1723.jpg'),(174,'https://d25tv1xepz39hi.cloudfront.net/2017-12-12/files/eos-6d-mark-ii-sample-image_1723.jpg'),(175,'https://d25tv1xepz39hi.cloudfront.net/2017-12-12/files/eos-6d-mark-ii-sample-image_1723.jpg'),(176,'https://d25tv1xepz39hi.cloudfront.net/2017-12-12/files/eos-6d-mark-ii-sample-image_1723.jpg'),(177,'https://d25tv1xepz39hi.cloudfront.net/2017-12-12/files/eos-6d-mark-ii-sample-image_1723.jpg'),(178,'https://d25tv1xepz39hi.cloudfront.net/2017-12-12/files/eos-6d-mark-ii-sample-image_1723.jpg'),(179,'https://d25tv1xepz39hi.cloudfront.net/2017-12-12/files/eos-6d-mark-ii-sample-image_1723.jpg'),(180,'https://d25tv1xepz39hi.cloudfront.net/2017-12-12/files/eos-6d-mark-ii-sample-image_1723.jpg'),(181,'https://d25tv1xepz39hi.cloudfront.net/2017-12-12/files/eos-6d-mark-ii-sample-image_1723.jpg'),(182,'https://d25tv1xepz39hi.cloudfront.net/2017-12-12/files/eos-6d-mark-ii-sample-image_1723.jpg'),(183,'https://d25tv1xepz39hi.cloudfront.net/2017-12-12/files/eos-6d-mark-ii-sample-image_1723.jpg'),(184,'https://d25tv1xepz39hi.cloudfront.net/2017-12-12/files/eos-6d-mark-ii-sample-image_1723.jpg'),(185,'https://d25tv1xepz39hi.cloudfront.net/2017-12-12/files/eos-6d-mark-ii-sample-image_1723.jpg'),(186,'https://d25tv1xepz39hi.cloudfront.net/2017-12-12/files/eos-6d-mark-ii-sample-image_1723.jpg'),(187,'https://d25tv1xepz39hi.cloudfront.net/2017-12-12/files/eos-6d-mark-ii-sample-image_1723.jpg'),(188,'https://d25tv1xepz39hi.cloudfront.net/2017-12-12/files/eos-6d-mark-ii-sample-image_1723.jpg'),(189,'https://d25tv1xepz39hi.cloudfront.net/2017-12-12/files/eos-6d-mark-ii-sample-image_1723.jpg'),(190,'https://d25tv1xepz39hi.cloudfront.net/2017-12-12/files/eos-6d-mark-ii-sample-image_1723.jpg'),(191,'https://d25tv1xepz39hi.cloudfront.net/2017-12-12/files/eos-6d-mark-ii-sample-image_1723.jpg'),(192,'https://d25tv1xepz39hi.cloudfront.net/2017-12-12/files/eos-6d-mark-ii-sample-image_1723.jpg'),(193,'https://d25tv1xepz39hi.cloudfront.net/2017-12-12/files/eos-6d-mark-ii-sample-image_1723.jpg'),(194,'https://d25tv1xepz39hi.cloudfront.net/2017-12-12/files/eos-6d-mark-ii-sample-image_1723.jpg'),(195,'https://d25tv1xepz39hi.cloudfront.net/2017-12-12/files/eos-6d-mark-ii-sample-image_1723.jpg'),(196,'https://d25tv1xepz39hi.cloudfront.net/2017-12-12/files/eos-6d-mark-ii-sample-image_1723.jpg'),(197,'https://d25tv1xepz39hi.cloudfront.net/2017-12-12/files/eos-6d-mark-ii-sample-image_1723.jpg'),(198,'https://d25tv1xepz39hi.cloudfront.net/2017-12-12/files/eos-6d-mark-ii-sample-image_1723.jpg'),(199,'https://d25tv1xepz39hi.cloudfront.net/2017-12-12/files/eos-6d-mark-ii-sample-image_1723.jpg'),(200,'https://d25tv1xepz39hi.cloudfront.net/2017-12-12/files/eos-6d-mark-ii-sample-image_1723.jpg'),(201,'https://d25tv1xepz39hi.cloudfront.net/2017-12-12/files/eos-6d-mark-ii-sample-image_1723.jpg'),(202,'https://d25tv1xepz39hi.cloudfront.net/2017-12-12/files/eos-6d-mark-ii-sample-image_1723.jpg'),(203,'https://d25tv1xepz39hi.cloudfront.net/2017-12-12/files/eos-6d-mark-ii-sample-image_1723.jpg'),(204,'https://d25tv1xepz39hi.cloudfront.net/2017-12-12/files/eos-6d-mark-ii-sample-image_1723.jpg'),(205,'https://d25tv1xepz39hi.cloudfront.net/2017-12-12/files/eos-6d-mark-ii-sample-image_1723.jpg'),(206,'https://d25tv1xepz39hi.cloudfront.net/2017-12-12/files/eos-6d-mark-ii-sample-image_1723.jpg'),(207,'https://d25tv1xepz39hi.cloudfront.net/2017-12-12/files/eos-6d-mark-ii-sample-image_1723.jpg'),(208,'https://d25tv1xepz39hi.cloudfront.net/2017-12-12/files/eos-6d-mark-ii-sample-image_1723.jpg'),(209,'https://d25tv1xepz39hi.cloudfront.net/2017-12-12/files/eos-6d-mark-ii-sample-image_1723.jpg'),(210,'https://d25tv1xepz39hi.cloudfront.net/2017-12-12/files/eos-6d-mark-ii-sample-image_1723.jpg'),(211,'https://d25tv1xepz39hi.cloudfront.net/2017-12-12/files/eos-6d-mark-ii-sample-image_1723.jpg'),(212,'https://d25tv1xepz39hi.cloudfront.net/2017-12-12/files/eos-6d-mark-ii-sample-image_1723.jpg'),(213,'https://d25tv1xepz39hi.cloudfront.net/2017-12-12/files/eos-6d-mark-ii-sample-image_1723.jpg'),(214,'https://d25tv1xepz39hi.cloudfront.net/2017-12-12/files/eos-6d-mark-ii-sample-image_1723.jpg'),(215,'https://d25tv1xepz39hi.cloudfront.net/2017-12-12/files/eos-6d-mark-ii-sample-image_1723.jpg'),(216,'https://d25tv1xepz39hi.cloudfront.net/2017-12-12/files/eos-6d-mark-ii-sample-image_1723.jpg'),(217,'https://d25tv1xepz39hi.cloudfront.net/2017-12-12/files/eos-6d-mark-ii-sample-image_1723.jpg'),(218,'https://d25tv1xepz39hi.cloudfront.net/2017-12-12/files/eos-6d-mark-ii-sample-image_1723.jpg'),(219,'https://d25tv1xepz39hi.cloudfront.net/2017-12-12/files/eos-6d-mark-ii-sample-image_1723.jpg'),(220,'https://d25tv1xepz39hi.cloudfront.net/2017-12-12/files/eos-6d-mark-ii-sample-image_1723.jpg'),(221,'https://d25tv1xepz39hi.cloudfront.net/2017-12-12/files/eos-6d-mark-ii-sample-image_1723.jpg'),(222,'https://d25tv1xepz39hi.cloudfront.net/2017-12-12/files/eos-6d-mark-ii-sample-image_1723.jpg'),(223,'https://d25tv1xepz39hi.cloudfront.net/2017-12-12/files/eos-6d-mark-ii-sample-image_1723.jpg'),(224,'https://d25tv1xepz39hi.cloudfront.net/2017-12-12/files/eos-6d-mark-ii-sample-image_1723.jpg'),(225,'https://d25tv1xepz39hi.cloudfront.net/2017-12-12/files/eos-6d-mark-ii-sample-image_1723.jpg'),(226,'https://d25tv1xepz39hi.cloudfront.net/2017-12-12/files/eos-6d-mark-ii-sample-image_1723.jpg'),(227,'https://d25tv1xepz39hi.cloudfront.net/2017-12-12/files/eos-6d-mark-ii-sample-image_1723.jpg'),(228,'https://d25tv1xepz39hi.cloudfront.net/2017-12-12/files/eos-6d-mark-ii-sample-image_1723.jpg'),(229,'https://d25tv1xepz39hi.cloudfront.net/2017-12-12/files/eos-6d-mark-ii-sample-image_1723.jpg'),(230,'https://d25tv1xepz39hi.cloudfront.net/2017-12-12/files/eos-6d-mark-ii-sample-image_1723.jpg'),(231,'https://d25tv1xepz39hi.cloudfront.net/2017-12-12/files/eos-6d-mark-ii-sample-image_1723.jpg'),(232,'https://d25tv1xepz39hi.cloudfront.net/2017-12-12/files/eos-6d-mark-ii-sample-image_1723.jpg'),(233,'https://d25tv1xepz39hi.cloudfront.net/2017-12-12/files/eos-6d-mark-ii-sample-image_1723.jpg'),(234,'https://d25tv1xepz39hi.cloudfront.net/2017-12-12/files/eos-6d-mark-ii-sample-image_1723.jpg'),(235,'https://d25tv1xepz39hi.cloudfront.net/2017-12-12/files/eos-6d-mark-ii-sample-image_1723.jpg'),(236,'https://d25tv1xepz39hi.cloudfront.net/2017-12-12/files/eos-6d-mark-ii-sample-image_1723.jpg'),(237,'https://d25tv1xepz39hi.cloudfront.net/2017-12-12/files/eos-6d-mark-ii-sample-image_1723.jpg'),(238,'https://d25tv1xepz39hi.cloudfront.net/2017-12-12/files/eos-6d-mark-ii-sample-image_1723.jpg'),(239,'https://d25tv1xepz39hi.cloudfront.net/2017-12-12/files/eos-6d-mark-ii-sample-image_1723.jpg'),(240,'https://d25tv1xepz39hi.cloudfront.net/2017-12-12/files/eos-6d-mark-ii-sample-image_1723.jpg'),(241,'https://d25tv1xepz39hi.cloudfront.net/2017-12-12/files/eos-6d-mark-ii-sample-image_1723.jpg'),(242,'https://d25tv1xepz39hi.cloudfront.net/2017-12-12/files/eos-6d-mark-ii-sample-image_1723.jpg'),(243,'https://d25tv1xepz39hi.cloudfront.net/2017-12-12/files/eos-6d-mark-ii-sample-image_1723.jpg'),(244,'https://d25tv1xepz39hi.cloudfront.net/2017-12-12/files/eos-6d-mark-ii-sample-image_1723.jpg'),(245,'https://d25tv1xepz39hi.cloudfront.net/2017-12-12/files/eos-6d-mark-ii-sample-image_1723.jpg'),(246,'https://d25tv1xepz39hi.cloudfront.net/2017-12-12/files/eos-6d-mark-ii-sample-image_1723.jpg'),(247,'https://d25tv1xepz39hi.cloudfront.net/2017-12-12/files/eos-6d-mark-ii-sample-image_1723.jpg'),(248,'https://d25tv1xepz39hi.cloudfront.net/2017-12-12/files/eos-6d-mark-ii-sample-image_1723.jpg'),(249,'https://d25tv1xepz39hi.cloudfront.net/2017-12-12/files/eos-6d-mark-ii-sample-image_1723.jpg'),(250,'https://d25tv1xepz39hi.cloudfront.net/2017-12-12/files/eos-6d-mark-ii-sample-image_1723.jpg'),(251,'https://pressgazette.co.uk/wp-content/uploads/2020/11/shutterstock.jpg'),(252,'https://pressgazette.co.uk/wp-content/uploads/2020/11/shutterstock.jpg'),(253,'https://pressgazette.co.uk/wp-content/uploads/2020/11/shutterstock.jpg'),(254,'https://pressgazette.co.uk/wp-content/uploads/2020/11/shutterstock.jpg'),(255,'https://pressgazette.co.uk/wp-content/uploads/2020/11/shutterstock.jpg'),(256,'https://pressgazette.co.uk/wp-content/uploads/2020/11/shutterstock.jpg'),(257,'https://pressgazette.co.uk/wp-content/uploads/2020/11/shutterstock.jpg'),(258,'https://pressgazette.co.uk/wp-content/uploads/2020/11/shutterstock.jpg'),(259,'https://pressgazette.co.uk/wp-content/uploads/2020/11/shutterstock.jpg'),(260,'https://pressgazette.co.uk/wp-content/uploads/2020/11/shutterstock.jpg'),(261,'https://pressgazette.co.uk/wp-content/uploads/2020/11/shutterstock.jpg'),(262,'https://pressgazette.co.uk/wp-content/uploads/2020/11/shutterstock.jpg'),(263,'https://pressgazette.co.uk/wp-content/uploads/2020/11/shutterstock.jpg'),(264,'https://pressgazette.co.uk/wp-content/uploads/2020/11/shutterstock.jpg'),(265,'https://pressgazette.co.uk/wp-content/uploads/2020/11/shutterstock.jpg'),(266,'https://pressgazette.co.uk/wp-content/uploads/2020/11/shutterstock.jpg'),(267,'https://pressgazette.co.uk/wp-content/uploads/2020/11/shutterstock.jpg'),(268,'https://pressgazette.co.uk/wp-content/uploads/2020/11/shutterstock.jpg'),(269,'https://pressgazette.co.uk/wp-content/uploads/2020/11/shutterstock.jpg'),(270,'https://pressgazette.co.uk/wp-content/uploads/2020/11/shutterstock.jpg'),(271,'https://pressgazette.co.uk/wp-content/uploads/2020/11/shutterstock.jpg'),(272,'https://pressgazette.co.uk/wp-content/uploads/2020/11/shutterstock.jpg'),(273,'https://pressgazette.co.uk/wp-content/uploads/2020/11/shutterstock.jpg'),(274,'https://pressgazette.co.uk/wp-content/uploads/2020/11/shutterstock.jpg'),(275,'https://pressgazette.co.uk/wp-content/uploads/2020/11/shutterstock.jpg'),(276,'https://pressgazette.co.uk/wp-content/uploads/2020/11/shutterstock.jpg'),(277,'https://pressgazette.co.uk/wp-content/uploads/2020/11/shutterstock.jpg'),(278,'https://pressgazette.co.uk/wp-content/uploads/2020/11/shutterstock.jpg'),(279,'https://pressgazette.co.uk/wp-content/uploads/2020/11/shutterstock.jpg'),(280,'https://pressgazette.co.uk/wp-content/uploads/2020/11/shutterstock.jpg'),(281,'https://pressgazette.co.uk/wp-content/uploads/2020/11/shutterstock.jpg'),(282,'https://pressgazette.co.uk/wp-content/uploads/2020/11/shutterstock.jpg'),(283,'https://pressgazette.co.uk/wp-content/uploads/2020/11/shutterstock.jpg'),(284,'https://pressgazette.co.uk/wp-content/uploads/2020/11/shutterstock.jpg'),(285,'https://pressgazette.co.uk/wp-content/uploads/2020/11/shutterstock.jpg'),(286,'https://pressgazette.co.uk/wp-content/uploads/2020/11/shutterstock.jpg'),(287,'https://pressgazette.co.uk/wp-content/uploads/2020/11/shutterstock.jpg'),(288,'https://pressgazette.co.uk/wp-content/uploads/2020/11/shutterstock.jpg'),(289,'https://pressgazette.co.uk/wp-content/uploads/2020/11/shutterstock.jpg'),(290,'https://pressgazette.co.uk/wp-content/uploads/2020/11/shutterstock.jpg'),(291,'https://pressgazette.co.uk/wp-content/uploads/2020/11/shutterstock.jpg'),(292,'https://pressgazette.co.uk/wp-content/uploads/2020/11/shutterstock.jpg'),(293,'https://pressgazette.co.uk/wp-content/uploads/2020/11/shutterstock.jpg'),(294,'https://pressgazette.co.uk/wp-content/uploads/2020/11/shutterstock.jpg'),(295,'https://pressgazette.co.uk/wp-content/uploads/2020/11/shutterstock.jpg'),(296,'https://pressgazette.co.uk/wp-content/uploads/2020/11/shutterstock.jpg'),(297,'https://pressgazette.co.uk/wp-content/uploads/2020/11/shutterstock.jpg'),(298,'https://pressgazette.co.uk/wp-content/uploads/2020/11/shutterstock.jpg'),(299,'https://pressgazette.co.uk/wp-content/uploads/2020/11/shutterstock.jpg'),(300,'https://pressgazette.co.uk/wp-content/uploads/2020/11/shutterstock.jpg'),(301,'https://pressgazette.co.uk/wp-content/uploads/2020/11/shutterstock.jpg'),(302,'https://pressgazette.co.uk/wp-content/uploads/2020/11/shutterstock.jpg'),(303,'https://pressgazette.co.uk/wp-content/uploads/2020/11/shutterstock.jpg'),(304,'https://pressgazette.co.uk/wp-content/uploads/2020/11/shutterstock.jpg'),(305,'https://pressgazette.co.uk/wp-content/uploads/2020/11/shutterstock.jpg'),(306,'https://pressgazette.co.uk/wp-content/uploads/2020/11/shutterstock.jpg'),(307,'https://pressgazette.co.uk/wp-content/uploads/2020/11/shutterstock.jpg'),(308,'https://pressgazette.co.uk/wp-content/uploads/2020/11/shutterstock.jpg'),(309,'https://pressgazette.co.uk/wp-content/uploads/2020/11/shutterstock.jpg'),(310,'https://pressgazette.co.uk/wp-content/uploads/2020/11/shutterstock.jpg'),(311,'https://pressgazette.co.uk/wp-content/uploads/2020/11/shutterstock.jpg'),(312,'https://pressgazette.co.uk/wp-content/uploads/2020/11/shutterstock.jpg'),(313,'https://pressgazette.co.uk/wp-content/uploads/2020/11/shutterstock.jpg'),(314,'https://pressgazette.co.uk/wp-content/uploads/2020/11/shutterstock.jpg'),(315,'https://pressgazette.co.uk/wp-content/uploads/2020/11/shutterstock.jpg'),(316,'https://pressgazette.co.uk/wp-content/uploads/2020/11/shutterstock.jpg'),(317,'https://pressgazette.co.uk/wp-content/uploads/2020/11/shutterstock.jpg'),(318,'https://pressgazette.co.uk/wp-content/uploads/2020/11/shutterstock.jpg'),(319,'https://pressgazette.co.uk/wp-content/uploads/2020/11/shutterstock.jpg'),(320,'https://pressgazette.co.uk/wp-content/uploads/2020/11/shutterstock.jpg'),(321,'https://pressgazette.co.uk/wp-content/uploads/2020/11/shutterstock.jpg'),(322,'https://pressgazette.co.uk/wp-content/uploads/2020/11/shutterstock.jpg'),(323,'https://pressgazette.co.uk/wp-content/uploads/2020/11/shutterstock.jpg'),(324,'https://pressgazette.co.uk/wp-content/uploads/2020/11/shutterstock.jpg'),(325,'https://pressgazette.co.uk/wp-content/uploads/2020/11/shutterstock.jpg'),(326,'https://pressgazette.co.uk/wp-content/uploads/2020/11/shutterstock.jpg'),(327,'https://pressgazette.co.uk/wp-content/uploads/2020/11/shutterstock.jpg'),(328,'https://pressgazette.co.uk/wp-content/uploads/2020/11/shutterstock.jpg'),(329,'https://pressgazette.co.uk/wp-content/uploads/2020/11/shutterstock.jpg'),(330,'https://pressgazette.co.uk/wp-content/uploads/2020/11/shutterstock.jpg'),(331,'https://pressgazette.co.uk/wp-content/uploads/2020/11/shutterstock.jpg'),(332,'https://pressgazette.co.uk/wp-content/uploads/2020/11/shutterstock.jpg'),(333,'https://pressgazette.co.uk/wp-content/uploads/2020/11/shutterstock.jpg'),(334,'https://pressgazette.co.uk/wp-content/uploads/2020/11/shutterstock.jpg'),(335,'https://pressgazette.co.uk/wp-content/uploads/2020/11/shutterstock.jpg'),(336,'https://pressgazette.co.uk/wp-content/uploads/2020/11/shutterstock.jpg'),(337,'https://pressgazette.co.uk/wp-content/uploads/2020/11/shutterstock.jpg'),(338,'https://pressgazette.co.uk/wp-content/uploads/2020/11/shutterstock.jpg'),(339,'https://pressgazette.co.uk/wp-content/uploads/2020/11/shutterstock.jpg'),(340,'https://pressgazette.co.uk/wp-content/uploads/2020/11/shutterstock.jpg'),(341,'https://pressgazette.co.uk/wp-content/uploads/2020/11/shutterstock.jpg'),(342,'https://pressgazette.co.uk/wp-content/uploads/2020/11/shutterstock.jpg'),(343,'https://pressgazette.co.uk/wp-content/uploads/2020/11/shutterstock.jpg'),(344,'https://pressgazette.co.uk/wp-content/uploads/2020/11/shutterstock.jpg'),(345,'https://pressgazette.co.uk/wp-content/uploads/2020/11/shutterstock.jpg'),(346,'https://pressgazette.co.uk/wp-content/uploads/2020/11/shutterstock.jpg'),(347,'https://pressgazette.co.uk/wp-content/uploads/2020/11/shutterstock.jpg'),(348,'https://pressgazette.co.uk/wp-content/uploads/2020/11/shutterstock.jpg'),(349,'https://pressgazette.co.uk/wp-content/uploads/2020/11/shutterstock.jpg'),(350,'https://pressgazette.co.uk/wp-content/uploads/2020/11/shutterstock.jpg'),(351,'https://www.ikea.com/gb/en/images/products/pjaetteryd-picture-trolltunga-norway__0925582_pe788810_s5.jpg?f=xs'),(352,'https://www.ikea.com/gb/en/images/products/pjaetteryd-picture-trolltunga-norway__0925582_pe788810_s5.jpg?f=xs'),(353,'https://www.ikea.com/gb/en/images/products/pjaetteryd-picture-trolltunga-norway__0925582_pe788810_s5.jpg?f=xs'),(354,'https://www.ikea.com/gb/en/images/products/pjaetteryd-picture-trolltunga-norway__0925582_pe788810_s5.jpg?f=xs'),(355,'https://www.ikea.com/gb/en/images/products/pjaetteryd-picture-trolltunga-norway__0925582_pe788810_s5.jpg?f=xs'),(356,'https://www.ikea.com/gb/en/images/products/pjaetteryd-picture-trolltunga-norway__0925582_pe788810_s5.jpg?f=xs'),(357,'https://www.ikea.com/gb/en/images/products/pjaetteryd-picture-trolltunga-norway__0925582_pe788810_s5.jpg?f=xs'),(358,'https://www.ikea.com/gb/en/images/products/pjaetteryd-picture-trolltunga-norway__0925582_pe788810_s5.jpg?f=xs'),(359,'https://www.ikea.com/gb/en/images/products/pjaetteryd-picture-trolltunga-norway__0925582_pe788810_s5.jpg?f=xs'),(360,'https://www.ikea.com/gb/en/images/products/pjaetteryd-picture-trolltunga-norway__0925582_pe788810_s5.jpg?f=xs'),(361,'https://www.ikea.com/gb/en/images/products/pjaetteryd-picture-trolltunga-norway__0925582_pe788810_s5.jpg?f=xs'),(362,'https://www.ikea.com/gb/en/images/products/pjaetteryd-picture-trolltunga-norway__0925582_pe788810_s5.jpg?f=xs'),(363,'https://www.ikea.com/gb/en/images/products/pjaetteryd-picture-trolltunga-norway__0925582_pe788810_s5.jpg?f=xs'),(364,'https://www.ikea.com/gb/en/images/products/pjaetteryd-picture-trolltunga-norway__0925582_pe788810_s5.jpg?f=xs'),(365,'https://www.ikea.com/gb/en/images/products/pjaetteryd-picture-trolltunga-norway__0925582_pe788810_s5.jpg?f=xs'),(366,'https://www.ikea.com/gb/en/images/products/pjaetteryd-picture-trolltunga-norway__0925582_pe788810_s5.jpg?f=xs'),(367,'https://www.ikea.com/gb/en/images/products/pjaetteryd-picture-trolltunga-norway__0925582_pe788810_s5.jpg?f=xs'),(368,'https://www.ikea.com/gb/en/images/products/pjaetteryd-picture-trolltunga-norway__0925582_pe788810_s5.jpg?f=xs'),(369,'https://www.ikea.com/gb/en/images/products/pjaetteryd-picture-trolltunga-norway__0925582_pe788810_s5.jpg?f=xs'),(370,'https://www.ikea.com/gb/en/images/products/pjaetteryd-picture-trolltunga-norway__0925582_pe788810_s5.jpg?f=xs'),(371,'https://www.ikea.com/gb/en/images/products/pjaetteryd-picture-trolltunga-norway__0925582_pe788810_s5.jpg?f=xs'),(372,'https://www.ikea.com/gb/en/images/products/pjaetteryd-picture-trolltunga-norway__0925582_pe788810_s5.jpg?f=xs'),(373,'https://www.ikea.com/gb/en/images/products/pjaetteryd-picture-trolltunga-norway__0925582_pe788810_s5.jpg?f=xs'),(374,'https://www.ikea.com/gb/en/images/products/pjaetteryd-picture-trolltunga-norway__0925582_pe788810_s5.jpg?f=xs'),(375,'https://www.ikea.com/gb/en/images/products/pjaetteryd-picture-trolltunga-norway__0925582_pe788810_s5.jpg?f=xs'),(376,'https://www.ikea.com/gb/en/images/products/pjaetteryd-picture-trolltunga-norway__0925582_pe788810_s5.jpg?f=xs'),(377,'https://www.ikea.com/gb/en/images/products/pjaetteryd-picture-trolltunga-norway__0925582_pe788810_s5.jpg?f=xs'),(378,'https://www.ikea.com/gb/en/images/products/pjaetteryd-picture-trolltunga-norway__0925582_pe788810_s5.jpg?f=xs'),(379,'https://www.ikea.com/gb/en/images/products/pjaetteryd-picture-trolltunga-norway__0925582_pe788810_s5.jpg?f=xs'),(380,'https://www.ikea.com/gb/en/images/products/pjaetteryd-picture-trolltunga-norway__0925582_pe788810_s5.jpg?f=xs'),(381,'https://www.ikea.com/gb/en/images/products/pjaetteryd-picture-trolltunga-norway__0925582_pe788810_s5.jpg?f=xs'),(382,'https://www.ikea.com/gb/en/images/products/pjaetteryd-picture-trolltunga-norway__0925582_pe788810_s5.jpg?f=xs'),(383,'https://www.ikea.com/gb/en/images/products/pjaetteryd-picture-trolltunga-norway__0925582_pe788810_s5.jpg?f=xs'),(384,'https://www.ikea.com/gb/en/images/products/pjaetteryd-picture-trolltunga-norway__0925582_pe788810_s5.jpg?f=xs'),(385,'https://www.ikea.com/gb/en/images/products/pjaetteryd-picture-trolltunga-norway__0925582_pe788810_s5.jpg?f=xs'),(386,'https://www.ikea.com/gb/en/images/products/pjaetteryd-picture-trolltunga-norway__0925582_pe788810_s5.jpg?f=xs'),(387,'https://www.ikea.com/gb/en/images/products/pjaetteryd-picture-trolltunga-norway__0925582_pe788810_s5.jpg?f=xs'),(388,'https://www.ikea.com/gb/en/images/products/pjaetteryd-picture-trolltunga-norway__0925582_pe788810_s5.jpg?f=xs'),(389,'https://www.ikea.com/gb/en/images/products/pjaetteryd-picture-trolltunga-norway__0925582_pe788810_s5.jpg?f=xs'),(390,'https://www.ikea.com/gb/en/images/products/pjaetteryd-picture-trolltunga-norway__0925582_pe788810_s5.jpg?f=xs'),(391,'https://www.ikea.com/gb/en/images/products/pjaetteryd-picture-trolltunga-norway__0925582_pe788810_s5.jpg?f=xs'),(392,'https://www.ikea.com/gb/en/images/products/pjaetteryd-picture-trolltunga-norway__0925582_pe788810_s5.jpg?f=xs'),(393,'https://www.ikea.com/gb/en/images/products/pjaetteryd-picture-trolltunga-norway__0925582_pe788810_s5.jpg?f=xs'),(394,'https://www.ikea.com/gb/en/images/products/pjaetteryd-picture-trolltunga-norway__0925582_pe788810_s5.jpg?f=xs'),(395,'https://www.ikea.com/gb/en/images/products/pjaetteryd-picture-trolltunga-norway__0925582_pe788810_s5.jpg?f=xs'),(396,'https://www.ikea.com/gb/en/images/products/pjaetteryd-picture-trolltunga-norway__0925582_pe788810_s5.jpg?f=xs'),(397,'https://www.ikea.com/gb/en/images/products/pjaetteryd-picture-trolltunga-norway__0925582_pe788810_s5.jpg?f=xs'),(398,'https://www.ikea.com/gb/en/images/products/pjaetteryd-picture-trolltunga-norway__0925582_pe788810_s5.jpg?f=xs'),(399,'https://www.ikea.com/gb/en/images/products/pjaetteryd-picture-trolltunga-norway__0925582_pe788810_s5.jpg?f=xs'),(400,'https://www.ikea.com/gb/en/images/products/pjaetteryd-picture-trolltunga-norway__0925582_pe788810_s5.jpg?f=xs'),(401,'https://www.ikea.com/gb/en/images/products/pjaetteryd-picture-trolltunga-norway__0925582_pe788810_s5.jpg?f=xs'),(402,'https://www.ikea.com/gb/en/images/products/pjaetteryd-picture-trolltunga-norway__0925582_pe788810_s5.jpg?f=xs'),(403,'https://www.ikea.com/gb/en/images/products/pjaetteryd-picture-trolltunga-norway__0925582_pe788810_s5.jpg?f=xs'),(404,'https://www.ikea.com/gb/en/images/products/pjaetteryd-picture-trolltunga-norway__0925582_pe788810_s5.jpg?f=xs'),(405,'https://www.ikea.com/gb/en/images/products/pjaetteryd-picture-trolltunga-norway__0925582_pe788810_s5.jpg?f=xs'),(406,'https://www.ikea.com/gb/en/images/products/pjaetteryd-picture-trolltunga-norway__0925582_pe788810_s5.jpg?f=xs'),(407,'https://www.ikea.com/gb/en/images/products/pjaetteryd-picture-trolltunga-norway__0925582_pe788810_s5.jpg?f=xs'),(408,'https://www.ikea.com/gb/en/images/products/pjaetteryd-picture-trolltunga-norway__0925582_pe788810_s5.jpg?f=xs'),(409,'https://www.ikea.com/gb/en/images/products/pjaetteryd-picture-trolltunga-norway__0925582_pe788810_s5.jpg?f=xs'),(410,'https://www.ikea.com/gb/en/images/products/pjaetteryd-picture-trolltunga-norway__0925582_pe788810_s5.jpg?f=xs'),(411,'https://www.ikea.com/gb/en/images/products/pjaetteryd-picture-trolltunga-norway__0925582_pe788810_s5.jpg?f=xs'),(412,'https://www.ikea.com/gb/en/images/products/pjaetteryd-picture-trolltunga-norway__0925582_pe788810_s5.jpg?f=xs'),(413,'https://www.ikea.com/gb/en/images/products/pjaetteryd-picture-trolltunga-norway__0925582_pe788810_s5.jpg?f=xs'),(414,'https://www.ikea.com/gb/en/images/products/pjaetteryd-picture-trolltunga-norway__0925582_pe788810_s5.jpg?f=xs'),(415,'https://www.ikea.com/gb/en/images/products/pjaetteryd-picture-trolltunga-norway__0925582_pe788810_s5.jpg?f=xs');
/*!40000 ALTER TABLE `picture` ENABLE KEYS */;
UNLOCK TABLES;

--
-- Dumping data for table `plan`
--

LOCK TABLES `plan` WRITE;
/*!40000 ALTER TABLE `plan` DISABLE KEYS */;
INSERT INTO `plan` (`plan_id`, `price`, `description`, `duration`, `name`, `picture_id`) VALUES (1,200000,'New plan',30,'Basic',41),(2,350000,'New plan',30,'Premium',42),(3,250000,'New plan',30,'No ads',43),(4,600000,'New plan',30,'Platinum',44),(5,262000,'New plan',30,'Seeding',235),(6,449000,'New plan',30,'Sprout',236),(7,156000,'New plan',30,'Evergreen',237),(8,135000,'New plan',30,'Mighty Oak',238),(9,109000,'New plan',30,'Lite',239),(10,439000,'New plan',30,'Plus',240),(11,168000,'New plan',30,'Select',241),(12,223000,'New plan',30,'Silver',242),(13,111000,'New plan',30,'Diamond',243),(14,187000,'New plan',30,'Gold',244),(15,100000,'New plan',30,'Bronze',245);
/*!40000 ALTER TABLE `plan` ENABLE KEYS */;
UNLOCK TABLES;

--
-- Dumping data for table `product`
--

LOCK TABLES `product` WRITE;
/*!40000 ALTER TABLE `product` DISABLE KEYS */;
INSERT INTO `product` (`product_id`, `alert_amount`, `amount_left`, `cost_per_unit`, `description`, `name`, `picture_id`, `selling_price`, `user_id`, `product_group_id`) VALUES (1,0,25,176000,'Grilled Shrimp','Grilled Shrimp',26,190000,3,2),(2,0,27,97000,'Fried Chicken','Fried Chicken',27,115000,5,1),(3,0,16,114000,'Pork Barbecue','Pork Barbecue',28,135000,7,2),(4,0,20,143000,'Beef Steak','Beef Steak',29,160000,9,2),(5,0,23,89000,'Roast Oyster','Roast Oyster',30,100000,11,2),(6,0,41,62000,'Garlic Butter Bread','Garlic Butter Bread',31,80000,13,1),(7,0,30,120000,'Salmon Sashimi','Salmon Sashimi',32,140000,15,1),(8,0,22,66000,'Spring Roll','Spring Roll',33,85000,4,1),(9,0,18,56000,'Seafood Soup','Seafood Soup',34,70000,6,1),(10,0,19,83000,'Chicken Orzo','Chicken Orzo',35,100000,8,2),(11,0,21,82000,'Pan-seared Chicken Breast','Pan-seared Chicken Breast',36,100000,10,2),(12,0,18,186000,'Beef Wellington','Beef Wellington',37,205000,12,2),(13,0,27,29000,'Orange Juice','Orange Juice',38,40000,14,3),(14,0,30,40000,'Kiwi Juice','Kiwi Juice',39,55000,3,3),(15,0,33,103000,'Shrimp and Butter','Shrimp and Butter',40,125000,4,2),(16,0,35,81000,'Arctic fox','Arctic fox',331,96000,40,3),(17,0,50,80000,'Barasingha deer','Barasingha deer',332,95000,58,2),(18,0,31,90000,'Western pygmy possum','Western pygmy possum',333,105000,72,2),(19,0,49,44000,'Pintail, bahama','Pintail, bahama',334,59000,82,1),(20,0,41,81000,'White-browed owl','White-browed owl',335,96000,96,2),(21,0,49,152000,'Owl, white-browed','Owl, white-browed',336,167000,34,3),(22,0,59,154000,'Klipspringer','Klipspringer',337,169000,81,3),(23,0,37,212000,'Heron, green','Heron, green',338,227000,100,1),(24,0,48,200000,'Defassa waterbuck\'','Defassa waterbuck\'',339,215000,60,1),(25,0,20,168000,'Green-winged trumpeter','Green-winged trumpeter',340,183000,98,3),(26,0,46,72000,'Blue and yellow macaw','Blue and yellow macaw',341,87000,11,2),(27,0,60,152000,'Cape raven','Cape raven',342,167000,61,1),(28,0,49,110000,'Otter, giant','Otter, giant',343,125000,70,3),(29,0,56,120000,'Roe deer','Roe deer',344,135000,66,1),(30,0,22,158000,'Hawk, galapagos','Hawk, galapagos',345,173000,19,1),(31,0,36,236000,'Red-capped cardinal','Red-capped cardinal',346,251000,97,3),(32,0,52,84000,'Squirrel, red','Squirrel, red',347,99000,29,1),(33,0,41,89000,'Sheep, american bighorn','Sheep, american bighorn',348,104000,52,1),(34,0,40,88000,'Gull, lava','Gull, lava',349,103000,71,2),(35,0,14,88000,'Carpet python','Carpet python',350,103000,100,1),(36,0,46,111000,'White-tailed jackrabbit','White-tailed jackrabbit',351,126000,85,2),(37,0,24,150000,'Galapagos tortoise','Galapagos tortoise',352,165000,25,2),(38,0,24,168000,'Squirrel, indian giant','Squirrel, indian giant',353,183000,70,3),(39,0,40,101000,'Eagle, african fish','Eagle, african fish',354,116000,74,2),(40,0,15,90000,'Booby, blue-footed','Booby, blue-footed',355,105000,58,1),(41,0,47,103000,'Meerkat, red','Meerkat, red',356,118000,71,1),(42,0,28,116000,'Egret, great','Egret, great',357,131000,77,2),(43,0,40,15000,'Red-necked wallaby','Red-necked wallaby',358,30000,75,2),(44,0,57,77000,'Desert kangaroo rat','Desert kangaroo rat',359,92000,41,3),(45,0,54,115000,'Antelope ground squirrel','Antelope ground squirrel',360,130000,82,2),(46,0,39,154000,'Cockatoo, long-billed','Cockatoo, long-billed',361,169000,86,2),(47,0,22,194000,'Weaver, sociable','Weaver, sociable',362,209000,84,2),(48,0,35,84000,'Giant otter','Giant otter',363,99000,59,2),(49,0,48,84000,'Water moccasin','Water moccasin',364,99000,45,1),(50,0,25,88000,'Wombat, common','Wombat, common',365,103000,49,3),(51,0,24,75000,'Brown pelican','Brown pelican',366,90000,7,1),(52,0,33,68000,'Wild boar','Wild boar',367,83000,87,3),(53,0,33,77000,'Lizard, desert spiny','Lizard, desert spiny',368,92000,14,1),(54,0,55,83000,'Marine iguana','Marine iguana',369,98000,7,1),(55,0,16,118000,'Cat, tiger','Cat, tiger',370,133000,95,2),(56,0,59,15000,'White stork','White stork',371,30000,50,1),(57,0,33,154000,'Four-spotted skimmer','Four-spotted skimmer',372,169000,68,2),(58,0,27,168000,'Black-collared barbet','Black-collared barbet',373,183000,89,3),(59,0,29,164000,'Puma','Puma',374,179000,40,3),(60,0,52,184000,'Alligator, american','Alligator, american',375,199000,32,3),(61,0,12,182000,'Greater kudu','Greater kudu',376,197000,39,1),(62,0,49,168000,'Indian star tortoise','Indian star tortoise',377,183000,99,1),(63,0,46,102000,'Brazilian tapir','Brazilian tapir',378,117000,76,1),(64,0,20,89000,'Lemming, collared','Lemming, collared',379,104000,85,1),(65,0,57,212000,'Crab-eating fox','Crab-eating fox',380,227000,97,1),(66,0,12,98000,'Indian leopard','Indian leopard',381,113000,27,3),(67,0,31,97000,'Galapagos albatross','Galapagos albatross',382,112000,44,2),(68,0,58,136000,'Barbet, black-collared','Barbet, black-collared',383,151000,39,2),(69,0,33,82000,'Vulture, white-rumped','Vulture, white-rumped',384,97000,62,2),(70,0,35,51000,'Lorikeet, scaly-breasted','Lorikeet, scaly-breasted',385,66000,94,1),(71,0,14,97000,'Snake, racer','Snake, racer',386,112000,84,2),(72,0,58,99000,'Lion, steller sea','Lion, steller sea',387,114000,36,3),(73,0,34,184000,'Dove, rock','Dove, rock',388,199000,26,1),(74,0,40,222000,'Saddle-billed stork','Saddle-billed stork',389,237000,22,1),(75,0,36,24000,'Red brocket','Red brocket',390,39000,31,1),(76,0,51,103000,'Dove, mourning collared','Dove, mourning collared',391,118000,90,3),(77,0,35,168000,'Emerald-spotted wood dove','Emerald-spotted wood dove',392,183000,56,3),(78,0,13,228000,'Robin, white-throated','Robin, white-throated',393,243000,9,1),(79,0,51,78000,'Common wallaroo','Common wallaroo',394,93000,76,2),(80,0,56,106000,'Bat, asian false vampire','Bat, asian false vampire',395,121000,55,2),(81,0,16,46000,'Eurasian beaver','Eurasian beaver',396,61000,44,2),(82,0,56,72000,'Skink, blue-tongued','Skink, blue-tongued',397,87000,54,1),(83,0,16,136000,'Green vine snake','Green vine snake',398,151000,40,2),(84,0,55,15000,'Badger, american','Badger, american',399,30000,37,1),(85,0,13,220000,'Duck, mountain','Duck, mountain',400,235000,66,1),(86,0,46,202000,'Wild turkey','Wild turkey',401,217000,17,3),(87,0,26,178000,'Wapiti, elk','Wapiti, elk',402,193000,88,3),(88,0,32,164000,'Fat-tailed dunnart','Fat-tailed dunnart',403,179000,89,2),(89,0,25,60000,'Common nighthawk','Common nighthawk',404,75000,79,2),(90,0,18,82000,'Monkey, black spider','Monkey, black spider',405,97000,28,3),(91,0,58,238000,'Water legaan','Water legaan',406,253000,1,3),(92,0,21,112000,'African buffalo','African buffalo',407,127000,21,2),(93,0,24,168000,'Stork, saddle-billed','Stork, saddle-billed',408,183000,100,1),(94,0,46,99000,'Greater sage grouse','Greater sage grouse',409,114000,39,1),(95,0,47,106000,'Eastern diamondback rattlesnake','Eastern diamondback rattlesnake',410,121000,94,2),(96,0,35,58000,'Grant\'\'s gazelle','Grant\'\'s gazelle',411,73000,51,2),(97,0,27,88000,'Campo flicker','Campo flicker',412,103000,74,3),(98,0,18,120000,'Snake, green vine','Snake, green vine',413,135000,14,1),(99,0,54,196000,'Mara','Mara',414,211000,49,1),(100,0,50,69000,'Lemur, sportive','Lemur, sportive',415,84000,4,1);
/*!40000 ALTER TABLE `product` ENABLE KEYS */;
UNLOCK TABLES;

--
-- Dumping data for table `product_component`
--

LOCK TABLES `product_component` WRITE;
/*!40000 ALTER TABLE `product_component` DISABLE KEYS */;
INSERT INTO `product_component` (`product_component_id`, `required_quantity`, `total_cost`, `user_id`, `ingredient_id`, `product_id`) VALUES (1,2,176000,14,13,1),(2,3,90000,7,2,2),(3,1,7000,10,8,2),(4,2,102000,3,5,3),(5,1,12000,9,7,3),(6,2,124000,5,1,4),(7,1,12000,9,7,4),(8,1,7000,10,8,4),(9,2,82000,8,3,5),(10,1,7000,10,8,5),(11,2,62000,4,11,6),(12,2,120000,4,15,7),(13,1,51000,3,5,8),(14,1,15000,6,6,8),(15,1,44000,14,13,9),(16,1,12000,9,7,9),(17,2,60000,7,2,10),(18,1,23000,15,10,10),(19,2,60000,7,2,11),(20,1,22000,12,4,11),(21,2,124000,5,1,12),(22,2,62000,4,11,12),(23,1,29000,13,12,13),(24,1,40000,3,14,14),(25,2,88000,14,13,15),(26,1,15000,11,9,15),(27,2,176000,14,13,1),(28,3,90000,7,2,2),(29,1,7000,10,8,2),(30,2,102000,3,5,3),(31,1,12000,9,7,3),(32,2,124000,5,1,4),(33,1,12000,9,7,4),(34,1,7000,10,8,4),(35,2,82000,8,3,5),(36,1,7000,10,8,5),(37,2,62000,4,11,6),(38,2,120000,4,15,7),(39,1,51000,3,5,8),(40,1,15000,6,6,8),(41,1,44000,14,13,9),(42,1,12000,9,7,9),(43,2,60000,7,2,10),(44,1,23000,15,10,10),(45,2,60000,7,2,11),(46,1,22000,12,4,11),(47,2,124000,5,1,12),(48,2,62000,4,11,12),(49,1,29000,13,12,13),(50,1,40000,3,14,14),(51,2,88000,14,13,15),(52,1,15000,11,9,15),(53,1,81000,62,48,16),(54,1,80000,13,84,17),(55,1,90000,78,73,18),(56,1,44000,51,13,19),(57,1,81000,20,48,20),(58,2,152000,45,98,21),(59,2,154000,68,45,22),(60,2,212000,1,32,23),(61,2,200000,100,26,24),(62,2,168000,98,31,25),(63,1,72000,87,76,26),(64,2,152000,43,89,27),(65,1,110000,53,17,28),(66,2,120000,36,15,29),(67,2,158000,22,23,30),(68,2,236000,100,70,31),(69,1,84000,33,80,32),(70,1,89000,64,91,33),(71,2,88000,23,13,34),(72,1,88000,20,93,35),(73,1,111000,30,24,36),(74,2,150000,92,41,37),(75,2,168000,67,31,38),(76,1,101000,60,33,39),(77,1,90000,96,73,40),(78,1,103000,3,64,41),(79,1,116000,23,100,42),(80,1,15000,7,9,43),(81,1,77000,65,45,44),(82,1,115000,2,96,45),(83,2,154000,15,45,46),(84,2,194000,68,38,47),(85,1,84000,97,54,48),(86,1,84000,80,55,49),(87,2,88000,6,13,50),(88,1,75000,91,97,51),(89,1,68000,37,47,52),(90,1,77000,12,45,53),(91,1,83000,50,81,54),(92,1,118000,11,70,55),(93,1,15000,5,6,56),(94,2,154000,92,20,57),(95,2,168000,42,80,58),(96,2,164000,36,39,59),(97,2,184000,52,57,60),(98,2,182000,53,65,61),(99,2,168000,7,55,62),(100,1,102000,75,78,63),(101,1,89000,53,25,64),(102,2,212000,40,92,65),(103,1,98000,40,82,66),(104,1,97000,81,36,67),(105,2,136000,84,34,68),(106,1,82000,76,62,69),(107,1,51000,30,5,70),(108,1,97000,18,38,71),(109,1,99000,1,77,72),(110,2,184000,49,71,73),(111,2,222000,42,24,74),(112,2,24000,62,7,75),(113,1,103000,85,60,76),(114,2,168000,39,80,77),(115,2,228000,40,18,78),(116,1,78000,82,49,79),(117,1,106000,89,92,80),(118,2,46000,98,10,81),(119,1,72000,24,76,82),(120,2,136000,23,47,83),(121,1,15000,44,6,84),(122,2,220000,52,90,85),(123,2,202000,26,33,86),(124,2,178000,73,91,87),(125,2,164000,88,58,88),(126,1,60000,20,15,89),(127,2,82000,37,3,90),(128,2,238000,25,67,91),(129,1,112000,11,27,92),(130,2,168000,79,31,93),(131,1,99000,61,77,94),(132,1,106000,68,88,95),(133,2,58000,57,12,96),(134,1,88000,79,93,97),(135,1,120000,26,30,98),(136,2,196000,93,72,99),(137,1,69000,86,68,100);
/*!40000 ALTER TABLE `product_component` ENABLE KEYS */;
UNLOCK TABLES;

--
-- Dumping data for table `product_group`
--

LOCK TABLES `product_group` WRITE;
/*!40000 ALTER TABLE `product_group` DISABLE KEYS */;
INSERT INTO `product_group` (`product_group_id`, `name`, `user_id`) VALUES (1,'Appetizer',1),(2,'Entree',1),(3,'Dessert',1);
/*!40000 ALTER TABLE `product_group` ENABLE KEYS */;
UNLOCK TABLES;

--
-- Dumping data for table `product_left_log`
--

LOCK TABLES `product_left_log` WRITE;
/*!40000 ALTER TABLE `product_left_log` DISABLE KEYS */;
INSERT INTO `product_left_log` (`product_left_log_id`, `amount_left_change`, `creation_time`, `message`, `staff_id`, `user_id`, `product_id`) VALUES (1,-1,'2021-06-15 00:00:00','New order',5,5,1),(2,-1,'2021-06-15 00:00:00','New order',5,5,9),(3,-2,'2021-06-16 00:00:00','New order',8,8,3),(4,-1,'2021-06-20 00:00:00','New order',9,9,2),(5,-1,'2021-06-20 00:00:00','New order',9,9,13),(6,-1,'2021-06-21 00:00:00','New order',10,10,12),(7,-1,'2021-06-22 00:00:00','New order',12,12,15),(8,-1,'2021-06-22 00:00:00','New order',12,12,13),(9,-2,'2021-06-23 00:00:00','New order',14,14,5),(10,-1,'2021-06-26 00:00:00','New order',3,3,10),(11,-1,'2021-06-26 00:00:00','New order',3,3,6),(12,-2,'2021-06-28 00:00:00','New order',8,8,8),(13,-1,'2021-06-29 00:00:00','New order',9,9,11),(14,-1,'2021-06-29 00:00:00','New order',9,9,14),(15,-2,'2021-06-30 00:00:00','New order',7,7,2),(16,-1,'2021-07-02 00:00:00','New order',6,6,4),(17,-1,'2021-07-02 00:00:00','New order',6,6,6),(18,-2,'2021-07-05 00:00:00','New order',4,4,15),(19,-1,'2021-07-06 00:00:00','New order',15,15,10),(20,-1,'2021-07-06 00:00:00','New order',15,15,11),(21,-2,'2021-07-07 00:00:00','New order',13,13,9),(22,-1,'2021-07-08 00:00:00','New order',11,11,1),(23,-1,'2021-07-08 00:00:00','New order',11,11,2),(24,-2,'2021-07-09 00:00:00','New order',6,6,7),(25,-1,'2021-07-10 00:00:00','New order',10,10,5),(26,-1,'2021-07-10 00:00:00','New order',10,10,6),(27,-2,'2021-07-12 00:00:00','New order',12,12,1),(28,-1,'2021-07-13 00:00:00','New order',14,14,8),(29,-1,'2021-07-15 00:00:00','New order',14,14,13),(30,-2,'2021-07-15 00:00:00','New order',8,8,4),(31,-2,'2021-09-10 23:31:36','More orders',79,79,16),(32,-2,'2021-09-16 13:17:04','More orders',58,58,9),(33,-2,'2021-09-13 11:00:52','More orders',52,52,98),(34,-2,'2021-09-07 04:12:27','More orders',87,87,60),(35,-2,'2021-10-07 17:03:07','More orders',77,77,8),(36,-2,'2021-11-03 21:05:31','More orders',22,22,57),(37,-2,'2021-10-24 22:08:45','More orders',82,82,61),(38,-2,'2021-10-02 00:01:38','More orders',41,41,33),(39,-2,'2021-08-26 21:11:56','More orders',58,58,82),(40,-1,'2021-07-26 02:55:20','More orders',66,66,11),(41,-1,'2021-09-19 17:31:45','More orders',58,58,10),(42,-2,'2021-08-19 03:17:48','More orders',89,89,15),(43,-2,'2021-09-17 11:52:34','More orders',73,73,44),(44,-2,'2021-09-20 03:55:59','More orders',98,98,74),(45,-2,'2021-08-29 19:56:27','More orders',69,69,40),(46,-1,'2021-08-26 07:35:24','More orders',51,51,76),(47,-1,'2021-09-16 14:17:45','More orders',46,46,60),(48,-1,'2021-09-21 16:15:43','More orders',79,79,72),(49,-2,'2021-07-17 19:24:35','More orders',55,55,78),(50,-2,'2021-08-14 11:08:57','More orders',37,37,75),(51,-1,'2021-07-27 15:52:25','More orders',20,20,42),(52,-2,'2021-08-19 05:16:44','More orders',88,88,82),(53,-1,'2021-09-20 18:30:13','More orders',80,80,85),(54,-2,'2021-10-06 11:30:01','More orders',37,37,78),(55,-1,'2021-10-26 18:29:36','More orders',42,42,33),(56,-1,'2021-10-30 01:50:38','More orders',99,99,32),(57,-1,'2021-09-07 10:53:28','More orders',68,68,61),(58,-1,'2021-08-01 00:59:35','More orders',43,43,6),(59,-2,'2021-08-25 01:55:52','More orders',8,8,50),(60,-2,'2021-08-19 00:28:55','More orders',14,14,28),(61,-2,'2021-08-22 01:50:04','More orders',46,46,91),(62,-2,'2021-08-20 07:34:21','More orders',86,86,72),(63,-2,'2021-08-19 20:28:59','More orders',94,94,87),(64,-2,'2021-10-12 02:28:24','More orders',9,9,17),(65,-2,'2021-10-02 00:55:12','More orders',61,61,25),(66,-1,'2021-09-17 11:48:39','More orders',81,81,74),(67,-1,'2021-09-29 02:24:00','More orders',20,20,96),(68,-2,'2021-10-17 13:29:04','More orders',57,57,54),(69,-2,'2021-08-02 09:50:35','More orders',23,23,84),(70,-1,'2021-10-28 05:11:09','More orders',46,46,57),(71,-2,'2021-08-14 11:00:06','More orders',59,59,31),(72,-2,'2021-10-24 21:43:33','More orders',58,58,86),(73,-1,'2021-10-07 19:49:39','More orders',13,13,36),(74,-2,'2021-08-09 22:10:38','More orders',88,88,21),(75,-2,'2021-09-28 21:42:00','More orders',3,3,99),(76,-2,'2021-08-03 21:01:38','More orders',49,49,28),(77,-1,'2021-08-11 16:11:32','More orders',35,35,42),(78,-1,'2021-07-18 19:55:39','More orders',28,28,29),(79,-1,'2021-09-26 00:43:30','More orders',36,36,16),(80,-2,'2021-07-28 15:09:35','More orders',93,93,94),(81,-2,'2021-09-13 01:24:57','More orders',60,60,19),(82,-1,'2021-10-16 16:54:54','More orders',17,17,15),(83,-2,'2021-09-16 22:54:09','More orders',8,8,18),(84,-1,'2021-08-01 22:55:53','More orders',85,85,45),(85,-1,'2021-09-09 05:19:46','More orders',1,1,68),(86,-2,'2021-07-23 02:40:20','More orders',52,52,7),(87,-1,'2021-08-18 06:07:43','More orders',54,54,31),(88,-2,'2021-08-03 06:19:26','More orders',16,16,33),(89,-2,'2021-08-22 12:36:17','More orders',18,18,70),(90,-1,'2021-07-20 16:51:03','More orders',40,40,49),(91,-1,'2021-09-06 00:29:04','More orders',46,46,37),(92,-2,'2021-07-17 18:30:38','More orders',9,9,36),(93,-1,'2021-08-16 20:23:33','More orders',7,7,71),(94,-1,'2021-08-15 01:00:04','More orders',9,9,45),(95,-1,'2021-10-04 10:42:08','More orders',20,20,10),(96,-1,'2021-07-19 16:57:45','More orders',76,76,17),(97,-2,'2021-08-27 23:35:31','More orders',19,19,52),(98,-1,'2021-08-21 10:50:32','More orders',66,66,7),(99,-2,'2021-09-19 06:12:04','More orders',71,71,82),(100,-1,'2021-08-20 09:33:31','More orders',56,56,88),(101,-2,'2021-09-30 09:22:37','More orders',69,69,95),(102,-2,'2021-09-16 22:31:52','More orders',74,74,8),(103,-1,'2021-07-30 18:41:44','More orders',63,63,54),(104,-1,'2021-07-16 12:37:53','More orders',93,93,48),(105,-2,'2021-10-18 19:26:30','More orders',77,77,75),(106,-1,'2021-10-12 03:11:08','More orders',2,2,31),(107,-2,'2021-10-17 06:43:30','More orders',82,82,31),(108,-2,'2021-08-28 07:34:41','More orders',3,3,59),(109,-1,'2021-10-03 17:17:34','More orders',66,66,2),(110,-2,'2021-09-09 16:12:28','More orders',21,21,32),(111,-2,'2021-09-11 17:18:30','More orders',9,9,31),(112,-1,'2021-09-13 11:12:13','More orders',80,80,31),(113,-1,'2021-10-10 10:10:10','More orders',74,74,59),(114,-2,'2021-10-20 15:08:23','More orders',28,28,2),(115,-1,'2021-10-25 17:18:19','More orders',19,19,32);
/*!40000 ALTER TABLE `product_left_log` ENABLE KEYS */;
UNLOCK TABLES;

--
-- Dumping data for table `purchase`
--

LOCK TABLES `purchase` WRITE;
/*!40000 ALTER TABLE `purchase` DISABLE KEYS */;
INSERT INTO `purchase` (`purchase_id`, `creation_time`, `expiry_date`, `message`, `total_cost`, `plan_id`, `user_id`) VALUES (1,'2021-06-15 00:00:00','2021-08-15 00:00:00','New purchase',200000,1,8),(2,'2021-06-16 00:00:00','2021-07-16 00:00:00','New purchase',250000,3,14),(3,'2021-06-18 00:00:00','2021-07-18 00:00:00','New purchase',250000,3,15),(4,'2021-06-20 00:00:00','2021-12-20 00:00:00','New purchase',600000,4,10),(5,'2021-06-21 00:00:00','2021-09-21 00:00:00','New purchase',350000,2,7),(6,'2021-06-22 00:00:00','2021-08-22 00:00:00','New purchase',200000,1,5),(7,'2021-06-25 00:00:00','2021-12-25 00:00:00','New purchase',600000,4,9),(8,'2021-09-07 20:24:24','2021-09-21 18:44:47','Incoming purchase',262000,5,37),(9,'2021-09-24 12:11:57','2021-10-27 14:31:36','Incoming purchase',350000,2,78),(10,'2021-08-22 09:35:50','2021-10-28 03:29:23','Incoming purchase',449000,6,78),(11,'2021-07-29 10:01:07','2021-10-09 00:29:04','Incoming purchase',168000,11,56),(12,'2021-10-09 18:01:55','2021-10-13 07:42:24','Incoming purchase',449000,6,44),(13,'2021-09-19 05:31:42','2021-09-30 13:52:05','Incoming purchase',111000,13,48),(14,'2021-09-26 15:42:35','2021-10-26 04:49:25','Incoming purchase',200000,1,6),(15,'2021-09-26 18:51:57','2021-10-09 08:37:59','Incoming purchase',168000,11,83),(16,'2021-09-25 02:36:26','2021-10-09 21:26:11','Incoming purchase',449000,6,99),(17,'2021-08-03 05:50:13','2021-08-22 12:23:37','Incoming purchase',111000,13,49),(18,'2021-09-05 06:46:04','2021-10-07 16:34:06','Incoming purchase',200000,1,44),(19,'2021-08-25 13:06:00','2021-09-22 00:34:24','Incoming purchase',439000,10,70),(20,'2021-08-25 21:04:37','2021-09-12 19:57:01','Incoming purchase',100000,15,17),(21,'2021-10-03 22:16:43','2021-10-24 20:25:37','Incoming purchase',250000,3,72),(22,'2021-09-14 06:20:48','2021-10-31 23:41:12','Incoming purchase',168000,11,10),(23,'2021-08-19 22:25:36','2021-09-09 15:25:46','Incoming purchase',350000,2,29),(24,'2021-07-28 10:13:00','2021-08-20 04:26:56','Incoming purchase',262000,5,12),(25,'2021-08-01 15:28:03','2021-08-16 13:48:57','Incoming purchase',350000,2,72),(26,'2021-08-31 23:31:18','2021-10-06 13:11:53','Incoming purchase',111000,13,24),(27,'2021-09-28 07:40:48','2021-10-27 16:45:16','Incoming purchase',111000,13,99),(28,'2021-09-10 00:10:56','2021-10-01 12:13:19','Incoming purchase',109000,9,29),(29,'2021-09-19 09:17:20','2021-10-20 20:16:36','Incoming purchase',135000,8,39),(30,'2021-08-26 00:21:07','2021-09-07 00:32:23','Incoming purchase',168000,11,11),(31,'2021-09-09 22:11:36','2021-10-17 01:32:28','Incoming purchase',187000,14,31),(32,'2021-07-20 10:38:07','2021-08-02 06:17:12','Incoming purchase',156000,7,23),(33,'2021-09-20 12:17:49','2021-10-12 05:54:10','Incoming purchase',449000,6,17),(34,'2021-08-21 03:02:18','2021-09-16 16:50:13','Incoming purchase',439000,10,15),(35,'2021-09-16 23:33:58','2021-10-01 11:57:37','Incoming purchase',250000,3,19),(36,'2021-07-28 03:52:18','2021-08-25 22:31:24','Incoming purchase',111000,13,51),(37,'2021-08-16 03:28:08','2021-08-29 20:49:44','Incoming purchase',168000,11,94),(38,'2021-09-14 17:39:13','2021-10-26 20:33:33','Incoming purchase',350000,2,23),(39,'2021-08-01 03:24:57','2021-10-19 01:49:06','Incoming purchase',262000,5,27),(40,'2021-09-26 15:02:47','2021-10-25 07:41:00','Incoming purchase',600000,4,64),(41,'2021-08-11 01:04:24','2021-10-14 22:02:21','Incoming purchase',600000,4,39),(42,'2021-07-22 21:30:47','2021-10-27 06:58:26','Incoming purchase',449000,6,3),(43,'2021-07-22 23:12:47','2021-09-03 07:42:46','Incoming purchase',250000,3,88),(44,'2021-09-03 11:43:48','2021-10-22 21:32:42','Incoming purchase',111000,13,38),(45,'2021-07-20 04:18:15','2021-10-28 07:13:48','Incoming purchase',168000,11,21),(46,'2021-08-04 06:56:39','2021-09-02 05:03:34','Incoming purchase',100000,15,86),(47,'2021-08-01 13:58:29','2021-09-13 09:01:47','Incoming purchase',109000,9,72),(48,'2021-08-07 20:14:48','2021-10-08 20:24:53','Incoming purchase',350000,2,98),(49,'2021-08-04 22:07:57','2021-09-05 08:54:35','Incoming purchase',223000,12,78),(50,'2021-09-17 19:46:45','2021-10-13 11:48:15','Incoming purchase',135000,8,91),(51,'2021-08-13 04:26:40','2021-10-24 21:50:00','Incoming purchase',262000,5,25),(52,'2021-08-22 14:53:07','2021-09-29 17:14:57','Incoming purchase',111000,13,42),(53,'2021-09-19 21:32:35','2021-10-02 21:00:51','Incoming purchase',156000,7,37),(54,'2021-08-26 07:26:54','2021-09-10 12:33:37','Incoming purchase',109000,9,56),(55,'2021-09-25 02:34:05','2021-10-30 17:40:50','Incoming purchase',439000,10,70),(56,'2021-09-30 07:33:02','2021-11-01 21:45:12','Incoming purchase',262000,5,78),(57,'2021-08-08 14:41:19','2021-09-28 18:43:51','Incoming purchase',168000,11,83),(58,'2021-07-30 10:52:18','2021-08-16 23:32:13','Incoming purchase',109000,9,79),(59,'2021-09-01 02:14:00','2021-10-14 05:59:56','Incoming purchase',168000,11,44),(60,'2021-09-21 07:30:51','2021-10-15 07:11:43','Incoming purchase',111000,13,81),(61,'2021-08-15 03:04:44','2021-09-24 13:07:43','Incoming purchase',100000,15,75),(62,'2021-08-03 01:48:44','2021-09-02 16:53:36','Incoming purchase',156000,7,31),(63,'2021-08-22 13:38:13','2021-09-17 01:39:09','Incoming purchase',262000,5,23),(64,'2021-08-07 02:55:28','2021-09-11 11:50:07','Incoming purchase',250000,3,22),(65,'2021-07-23 21:50:24','2021-11-01 07:04:44','Incoming purchase',200000,1,39),(66,'2021-07-31 17:24:59','2021-09-03 18:00:08','Incoming purchase',168000,11,29),(67,'2021-10-11 16:10:00','2021-09-20 05:31:46','Incoming purchase',449000,6,26),(68,'2021-09-04 12:22:13','2021-10-27 22:16:15','Incoming purchase',439000,10,40),(69,'2021-07-24 19:14:38','2021-10-03 04:31:45','Incoming purchase',200000,1,20),(70,'2021-08-19 23:32:17','2021-09-16 21:23:27','Incoming purchase',449000,6,78),(71,'2021-09-13 19:17:02','2021-08-12 13:30:44','Incoming purchase',439000,10,34),(72,'2021-07-31 13:54:22','2021-10-06 07:14:24','Incoming purchase',350000,2,30),(73,'2021-08-15 13:24:39','2021-10-21 04:23:51','Incoming purchase',109000,9,44),(74,'2021-09-05 13:28:56','2021-10-01 10:54:11','Incoming purchase',135000,8,31),(75,'2021-07-29 11:19:43','2021-09-20 00:25:36','Incoming purchase',111000,13,20),(76,'2021-07-12 13:34:40','2021-08-27 17:47:43','Incoming purchase',223000,12,4),(77,'2021-07-23 13:25:26','2021-08-24 04:43:38','Incoming purchase',449000,6,57),(78,'2021-08-22 09:02:32','2021-09-17 00:55:27','Incoming purchase',135000,8,76),(79,'2021-10-01 22:26:31','2021-10-19 16:13:25','Incoming purchase',262000,5,8),(80,'2021-09-02 18:09:11','2021-10-17 13:05:33','Incoming purchase',187000,14,8),(81,'2021-08-27 20:22:29','2021-10-05 10:24:08','Incoming purchase',223000,12,13),(82,'2021-08-12 23:59:11','2021-10-08 10:13:30','Incoming purchase',200000,1,37),(83,'2021-08-06 05:04:15','2021-09-04 03:34:14','Incoming purchase',200000,1,48),(84,'2021-08-06 21:28:32','2021-09-11 16:27:02','Incoming purchase',100000,15,26),(85,'2021-07-21 11:20:32','2021-08-24 03:10:04','Incoming purchase',439000,10,81),(86,'2021-07-26 00:56:40','2021-08-22 13:10:12','Incoming purchase',600000,4,31),(87,'2021-07-27 01:12:34','2021-09-18 21:18:44','Incoming purchase',449000,6,9),(88,'2021-09-22 17:21:58','2021-10-12 05:17:22','Incoming purchase',350000,2,49),(89,'2021-09-09 19:53:03','2021-10-23 16:32:16','Incoming purchase',262000,5,16),(90,'2021-10-15 23:38:42','2021-10-30 06:43:57','Incoming purchase',449000,6,31),(91,'2021-08-09 19:19:42','2021-08-30 01:39:35','Incoming purchase',168000,11,5),(92,'2021-08-02 07:41:38','2021-08-24 13:13:02','Incoming purchase',439000,10,27),(93,'2021-09-12 01:18:16','2021-10-18 14:00:08','Incoming purchase',200000,1,20),(94,'2021-09-26 22:40:40','2021-10-21 18:41:30','Incoming purchase',250000,3,16),(95,'2021-08-24 05:02:32','2021-10-08 02:22:40','Incoming purchase',223000,12,18),(96,'2021-08-09 14:29:07','2021-09-04 06:54:05','Incoming purchase',449000,6,38),(97,'2021-09-15 21:20:33','2021-09-23 00:08:32','Incoming purchase',439000,10,36),(98,'2021-09-17 13:28:56','2021-10-01 17:11:31','Incoming purchase',350000,2,63),(99,'2021-08-29 17:36:20','2021-10-05 16:58:26','Incoming purchase',156000,7,10),(100,'2021-07-21 11:45:15','2021-08-03 22:19:09','Incoming purchase',200000,1,52);
/*!40000 ALTER TABLE `purchase` ENABLE KEYS */;
UNLOCK TABLES;

--
-- Dumping data for table `role`
--

LOCK TABLES `salary_log` WRITE;
/*!40000 ALTER TABLE `salary_log` DISABLE KEYS */;
INSERT INTO `role` (`roleid`, `name`) VALUES (1,'ADMIN'),(2,'USER');
/*!40000 ALTER TABLE `salary_log` ENABLE KEYS */;
UNLOCK TABLES;

--
-- Dumping data for table `salary_log`
--

LOCK TABLES `salary_log` WRITE;
/*!40000 ALTER TABLE `salary_log` DISABLE KEYS */;
INSERT INTO `salary_log` (`salary_log_id`, `creation_time`, `salary`, `staff_id`, `user_id`) VALUES (1,'2021-07-02 00:00:00',15000000,1,15),(2,'2021-07-02 00:00:00',15000000,2,14),(3,'2021-07-06 00:00:00',7000000,3,13),(4,'2021-07-06 00:00:00',7000000,4,12),(5,'2021-07-06 00:00:00',6000000,5,11),(6,'2021-07-06 00:00:00',6000000,6,10),(7,'2021-07-06 00:00:00',6000000,7,9),(8,'2021-07-06 00:00:00',6000000,8,8),(9,'2021-07-06 00:00:00',6000000,9,7),(10,'2021-07-06 00:00:00',6000000,10,5),(11,'2021-07-06 00:00:00',6000000,11,6),(12,'2021-07-06 00:00:00',6000000,12,3),(13,'2021-07-06 00:00:00',6000000,13,4),(14,'2021-07-06 00:00:00',6000000,14,1),(15,'2021-07-06 00:00:00',6000000,15,2),(16,'2021-07-02 00:00:00',15000000,1,15),(17,'2021-07-02 00:00:00',15000000,2,14),(18,'2021-07-06 00:00:00',7000000,3,13),(19,'2021-07-06 00:00:00',7000000,4,12),(20,'2021-07-06 00:00:00',6000000,5,11),(21,'2021-07-06 00:00:00',6000000,6,10),(22,'2021-07-06 00:00:00',6000000,7,9),(23,'2021-07-06 00:00:00',6000000,8,8),(24,'2021-07-06 00:00:00',6000000,9,7),(25,'2021-07-06 00:00:00',6000000,10,5),(26,'2021-07-06 00:00:00',6000000,11,6),(27,'2021-07-06 00:00:00',6000000,12,3),(28,'2021-07-06 00:00:00',6000000,13,4),(29,'2021-07-06 00:00:00',6000000,14,1),(30,'2021-07-06 00:00:00',6000000,15,2),(31,'2020-07-26 13:53:48',6000000,23,51),(32,'2020-08-29 22:11:23',6000000,40,98),(33,'2020-10-09 20:26:56',6000000,31,36),(34,'2021-06-18 00:11:00',6000000,35,86),(35,'2021-11-01 00:42:25',6000000,81,22),(36,'2021-06-02 07:11:04',6000000,99,51),(37,'2020-07-15 01:33:59',6000000,54,90),(38,'2020-10-25 18:48:44',6000000,70,97),(39,'2020-10-04 04:33:48',6000000,88,12),(40,'2021-01-02 03:56:19',6000000,28,71),(41,'2020-12-01 20:42:08',6000000,77,19),(42,'2020-08-24 00:23:05',6000000,100,80),(43,'2021-01-12 18:35:30',6000000,67,45),(44,'2021-10-04 23:19:26',6000000,37,82),(45,'2020-10-13 12:13:47',6000000,82,75),(46,'2021-03-12 19:58:37',15000000,1,27),(47,'2020-11-09 21:35:16',6000000,56,13),(48,'2021-06-25 08:31:14',6000000,76,81),(49,'2021-03-09 14:33:11',6000000,11,64),(50,'2021-07-23 00:28:47',6000000,29,79),(51,'2021-10-01 23:46:51',6000000,12,2),(52,'2021-03-09 06:54:33',6000000,70,74),(53,'2020-12-15 17:16:34',6000000,15,62),(54,'2020-07-25 02:55:50',6000000,65,88),(55,'2020-07-11 22:15:44',6000000,77,53),(56,'2021-01-19 03:18:07',6000000,91,3),(57,'2020-12-04 02:17:53',6000000,22,52),(58,'2021-02-10 15:49:15',6000000,38,53),(59,'2021-09-13 09:22:06',6000000,23,8),(60,'2020-07-13 09:12:12',15000000,2,82),(61,'2020-10-16 17:16:15',6000000,39,85),(62,'2021-01-04 02:37:01',6000000,87,79),(63,'2021-06-12 10:06:43',6000000,21,38),(64,'2021-03-28 03:04:42',6000000,40,51),(65,'2021-04-16 18:03:50',6000000,39,42),(66,'2021-03-16 09:31:36',6000000,75,57),(67,'2020-11-25 11:26:49',6000000,58,57),(68,'2021-10-01 07:29:54',6000000,63,12),(69,'2020-12-12 00:59:37',6000000,41,92),(70,'2021-10-06 15:58:54',6000000,15,20),(71,'2021-08-09 01:13:29',6000000,50,26),(72,'2020-11-22 10:07:14',6000000,7,70),(73,'2021-10-18 17:43:25',6000000,86,69),(74,'2021-08-27 05:37:48',6000000,5,36),(75,'2021-06-18 11:10:13',6000000,68,71),(76,'2021-10-19 12:31:06',6000000,24,46),(77,'2021-06-22 00:08:28',6000000,15,18),(78,'2021-08-11 20:51:40',15000000,2,52),(79,'2021-09-03 23:28:29',6000000,66,7),(80,'2020-07-11 03:05:42',6000000,23,77),(81,'2021-09-02 16:10:31',6000000,16,63),(82,'2021-10-13 05:18:06',6000000,9,85),(83,'2020-12-09 01:45:37',6000000,98,35),(84,'2020-12-31 06:34:48',6000000,60,18),(85,'2021-02-27 05:45:32',6000000,9,85),(86,'2020-07-19 14:58:24',6000000,64,71),(87,'2021-04-09 15:30:53',6000000,92,97),(88,'2021-06-24 20:29:37',6000000,68,75),(89,'2021-08-21 14:27:53',6000000,62,80),(90,'2021-08-21 21:21:10',6000000,8,78),(91,'2020-12-15 16:37:34',6000000,54,47),(92,'2021-10-29 17:28:58',6000000,43,100),(93,'2021-07-13 06:01:36',6000000,53,58),(94,'2021-03-05 08:33:59',6000000,38,91),(95,'2020-08-28 06:00:05',6000000,28,80),(96,'2021-01-10 23:52:37',6000000,25,26),(97,'2021-09-30 23:19:18',6000000,42,91),(98,'2021-07-31 14:10:50',6000000,36,75),(99,'2021-07-08 01:04:54',6000000,52,1);
/*!40000 ALTER TABLE `salary_log` ENABLE KEYS */;
UNLOCK TABLES;

--
-- Dumping data for table `sell_order`
--

LOCK TABLES `sell_order` WRITE;
/*!40000 ALTER TABLE `sell_order` DISABLE KEYS */;
INSERT INTO `sell_order` (`sell_order_id`, `actual_discount_cash`, `actual_discount_percentage`, `age_group`, `creation_time`, `customer_message`, `final_cost`, `gender`, `real_cost`, `status`, `user_id`, `customer_id`, `discount_id`) VALUES (1,20000,0.08,'UNKNOWN','2021-06-15 00:00:00','Good',240000,'MALE',260000,'FINISHED',5,1,1),(2,0,0,'UNKNOWN','2021-06-16 00:00:00','Not bad',270000,'MALE',270000,'FINISHED',7,2,8),(3,0,0,'UNKNOWN','2021-06-20 00:00:00','Excellent',155000,'MALE',155000,'FINISHED',9,3,NULL),(4,0,0,'UNKNOWN','2021-06-21 00:00:00','Fantastic',205000,'MALE',205000,'FINISHED',7,4,8),(5,0,0,'UNKNOWN','2021-06-22 00:00:00','Very good',165000,'MALE',165000,'FINISHED',7,5,8),(6,0,0,'UNKNOWN','2021-06-23 00:00:00','Bad',200000,'MALE',200000,'FINISHED',7,6,8),(7,0,0,'UNKNOWN','2021-06-26 00:00:00','Nice',90000,'MALE',90000,'FINISHED',7,7,8),(8,0,0,'UNKNOWN','2021-06-28 00:00:00','Lovely',170000,'MALE',170000,'FINISHED',7,8,8),(9,0,0,'UNKNOWN','2021-06-29 00:00:00','Stunning',155000,'MALE',155000,'FINISHED',9,9,NULL),(10,0,0,'UNKNOWN','2021-06-30 00:00:00','Gorgeous',230000,'MALE',230000,'FINISHED',7,10,8),(11,0,0,'UNKNOWN','2021-07-02 00:00:00','Terrific',240000,'MALE',240000,'FINISHED',6,9,NULL),(12,0,0,'UNKNOWN','2021-07-05 00:00:00','Horrible',250000,'MALE',250000,'FINISHED',7,7,8),(13,0,0,'UNKNOWN','2021-07-06 00:00:00','Wonderful',200000,'MALE',200000,'FINISHED',7,11,8),(14,0,0,'UNKNOWN','2021-07-07 00:00:00','Perfect',140000,'MALE',140000,'FINISHED',7,12,8),(15,0,0,'UNKNOWN','2021-07-08 00:00:00','Breathtaking',305000,'MALE',305000,'FINISHED',10,13,NULL),(16,0,0,'UNKNOWN','2021-07-09 00:00:00','Outstanding',280000,'MALE',280000,'FINISHED',7,2,8),(17,0,0,'UNKNOWN','2021-07-10 00:00:00','Exceptional',180000,'MALE',180000,'FINISHED',7,14,8),(18,0,0,'UNKNOWN','2021-07-12 00:00:00','Amazing',380000,'MALE',380000,'FINISHED',12,6,NULL),(19,0,0,'UNKNOWN','2021-07-13 00:00:00','Spectacular',114000,'MALE',114000,'FINISHED',5,15,NULL),(20,0,0,'UNKNOWN','2021-07-15 00:00:00','Phenomenal',320000,'MALE',320000,'FINISHED',7,8,8),(21,0,0,'UNKNOWN','2021-09-10 23:31:36','Good',192000,'MALE',192000,'FINISHED',79,16,NULL),(22,0,0,'UNKNOWN','2021-09-16 13:17:04','Good',142000,'MALE',142000,'FINISHED',58,17,NULL),(23,0,0,'UNKNOWN','2021-09-13 11:00:52','Good',270000,'MALE',270000,'FINISHED',52,18,NULL),(24,19900,0.05,'UNKNOWN','2021-09-07 04:12:27','Good',378100,'MALE',398000,'FINISHED',87,19,30),(25,0,0,'UNKNOWN','2021-10-07 17:03:07','Good',162000,'MALE',162000,'FINISHED',77,20,NULL),(26,0,0,'UNKNOWN','2021-11-03 21:05:31','Good',338000,'MALE',338000,'FINISHED',22,21,NULL),(27,0,0,'UNKNOWN','2021-10-24 22:08:45','Good',394000,'MALE',394000,'FINISHED',82,22,NULL),(28,0,0,'UNKNOWN','2021-10-02 00:01:38','Good',208000,'MALE',208000,'FINISHED',41,23,NULL),(29,0,0,'UNKNOWN','2021-08-26 21:11:56','Good',174000,'MALE',174000,'FINISHED',58,24,NULL),(30,0,0,'UNKNOWN','2021-07-26 02:55:20','Good',97000,'MALE',97000,'FINISHED',66,25,NULL),(31,0,0,'UNKNOWN','2021-09-19 17:31:45','Good',98000,'MALE',98000,'FINISHED',58,26,NULL),(32,0,0,'UNKNOWN','2021-08-19 03:17:48','Good',236000,'MALE',236000,'FINISHED',89,27,NULL),(33,0,0,'UNKNOWN','2021-09-17 11:52:34','Good',184000,'MALE',184000,'FINISHED',73,28,NULL),(34,0,0,'UNKNOWN','2021-09-20 03:55:59','Good',474000,'MALE',474000,'FINISHED',98,29,NULL),(35,0,0,'UNKNOWN','2021-08-29 19:56:27','Good',210000,'MALE',210000,'FINISHED',69,30,NULL),(36,11800,0.1,'UNKNOWN','2021-08-26 07:35:24','Good',106200,'MALE',118000,'FINISHED',51,31,25),(37,0,0,'UNKNOWN','2021-09-16 14:17:45','Good',199000,'MALE',199000,'FINISHED',46,32,NULL),(38,0,0,'UNKNOWN','2021-09-21 16:15:43','Good',114000,'MALE',114000,'FINISHED',79,33,NULL),(39,0,0,'UNKNOWN','2021-07-17 19:24:35','Good',486000,'MALE',486000,'FINISHED',55,34,NULL),(40,0,0,'UNKNOWN','2021-08-14 11:08:57','Good',78000,'MALE',78000,'FINISHED',37,35,NULL),(41,0,0,'UNKNOWN','2021-07-27 15:52:25','Good',131000,'MALE',131000,'FINISHED',20,36,NULL),(42,34800,0.2,'UNKNOWN','2021-08-19 05:16:44','Good',139200,'MALE',174000,'FINISHED',88,37,28),(43,0,0,'UNKNOWN','2021-09-20 18:30:13','Good',235000,'MALE',235000,'FINISHED',80,38,NULL),(44,0,0,'UNKNOWN','2021-10-06 11:30:01','Good',486000,'MALE',486000,'FINISHED',37,39,NULL),(45,0,0,'UNKNOWN','2021-10-26 18:29:36','Good',104000,'MALE',104000,'FINISHED',42,40,NULL),(46,0,0,'UNKNOWN','2021-10-30 01:50:38','Good',99000,'MALE',99000,'FINISHED',99,41,NULL),(47,20000,0.1,'UNKNOWN','2021-09-07 10:53:28','Good',177000,'MALE',197000,'FINISHED',68,42,13),(48,0,0,'UNKNOWN','2021-08-01 00:59:35','Good',77000,'MALE',77000,'FINISHED',43,43,NULL),(49,30900,0.15,'UNKNOWN','2021-08-25 01:55:52','Good',175100,'MALE',206000,'FINISHED',8,44,17),(50,0,0,'UNKNOWN','2021-08-19 00:28:55','Good',250000,'MALE',250000,'FINISHED',14,45,NULL),(51,0,0,'UNKNOWN','2021-08-22 01:50:04','Good',506000,'MALE',506000,'FINISHED',46,46,NULL),(52,0,0,'UNKNOWN','2021-08-20 07:34:21','Good',228000,'MALE',228000,'FINISHED',86,47,NULL),(53,0,0,'UNKNOWN','2021-08-19 20:28:59','Good',386000,'MALE',386000,'FINISHED',94,48,NULL),(54,0,0,'UNKNOWN','2021-10-12 02:28:24','Good',190000,'MALE',190000,'FINISHED',9,49,NULL),(55,0,0,'UNKNOWN','2021-10-02 00:55:12','Good',366000,'MALE',366000,'FINISHED',61,50,NULL),(56,0,0,'UNKNOWN','2021-09-17 11:48:39','Good',237000,'MALE',237000,'FINISHED',81,51,NULL),(57,0,0,'UNKNOWN','2021-09-29 02:24:00','Good',73000,'MALE',73000,'FINISHED',20,52,NULL),(58,29400,0.15,'UNKNOWN','2021-10-17 13:29:04','Good',166600,'MALE',196000,'FINISHED',57,53,19),(59,0,0,'UNKNOWN','2021-08-02 09:50:35','Good',60000,'MALE',60000,'FINISHED',23,54,NULL),(60,0,0,'UNKNOWN','2021-10-28 05:11:09','Good',169000,'MALE',169000,'FINISHED',46,55,NULL),(61,40000,0.08,'UNKNOWN','2021-08-14 11:00:06','Good',462000,'MALE',502000,'FINISHED',59,56,27),(62,0,0,'UNKNOWN','2021-10-24 21:43:33','Good',434000,'MALE',434000,'FINISHED',58,57,NULL),(63,0,0,'UNKNOWN','2021-10-07 19:49:39','Normal',126000,'MALE',126000,'FINISHED',13,58,NULL),(64,40000,0.12,'UNKNOWN','2021-08-09 22:10:38','Normal',294000,'MALE',334000,'FINISHED',88,59,28),(65,20000,0.04,'UNKNOWN','2021-09-28 21:42:00','Normal',402000,'MALE',422000,'FINISHED',3,60,23),(66,0,0,'UNKNOWN','2021-08-03 21:01:38','Normal',250000,'MALE',250000,'FINISHED',49,61,NULL),(67,19650,0.15,'UNKNOWN','2021-08-11 16:11:32','Normal',111350,'MALE',131000,'FINISHED',35,62,26),(68,0,0,'UNKNOWN','2021-07-18 19:55:39','Normal',135000,'MALE',135000,'FINISHED',28,63,NULL),(69,0,0,'UNKNOWN','2021-09-26 00:43:30','Normal',96000,'MALE',96000,'FINISHED',36,64,NULL),(70,11400,0.05,'UNKNOWN','2021-07-28 15:09:35','Normal',216600,'MALE',228000,'FINISHED',93,65,16),(71,25000,0.21,'UNKNOWN','2021-09-13 01:24:57','Normal',93000,'MALE',118000,'FINISHED',60,66,21),(72,0,0,'UNKNOWN','2021-10-16 16:54:54','Normal',118000,'MALE',118000,'FINISHED',17,67,NULL),(73,31500,0.15,'UNKNOWN','2021-09-16 22:54:09','Normal',178500,'MALE',210000,'FINISHED',8,68,17),(74,30000,0.23,'UNKNOWN','2021-08-01 22:55:53','Normal',100000,'MALE',130000,'FINISHED',85,69,22),(75,0,0,'UNKNOWN','2021-09-09 05:19:46','Normal',151000,'MALE',151000,'FINISHED',1,70,NULL),(76,0,0,'UNKNOWN','2021-07-23 02:40:20','Normal',270000,'MALE',270000,'FINISHED',52,71,NULL),(77,0,0,'UNKNOWN','2021-08-18 06:07:43','Normal',251000,'MALE',251000,'FINISHED',54,72,NULL),(78,20800,0.1,'UNKNOWN','2021-08-03 06:19:26','Normal',187200,'MALE',208000,'FINISHED',16,73,20),(79,0,0,'UNKNOWN','2021-08-22 12:36:17','Normal',132000,'MALE',132000,'FINISHED',18,74,NULL),(80,0,0,'UNKNOWN','2021-07-20 16:51:03','Normal',99000,'MALE',99000,'FINISHED',40,75,NULL),(81,0,0,'UNKNOWN','2021-09-06 00:29:04','Normal',165000,'MALE',165000,'FINISHED',46,76,NULL),(82,0,0,'UNKNOWN','2021-07-17 18:30:38','Normal',252000,'MALE',252000,'FINISHED',9,77,NULL),(83,0,0,'UNKNOWN','2021-08-16 20:23:33','Normal',112000,'MALE',112000,'FINISHED',7,78,NULL),(84,0,0,'UNKNOWN','2021-08-15 01:00:04','Normal',130000,'MALE',130000,'FINISHED',9,79,NULL),(85,0,0,'UNKNOWN','2021-10-04 10:42:08','Normal',98000,'MALE',98000,'FINISHED',20,80,NULL),(86,0,0,'UNKNOWN','2021-07-19 16:57:45','Normal',95000,'MALE',95000,'FINISHED',76,81,NULL),(87,0,0,'UNKNOWN','2021-08-27 23:35:31','Normal',166000,'MALE',166000,'FINISHED',19,82,NULL),(88,0,0,'UNKNOWN','2021-08-21 10:50:32','Normal',135000,'MALE',135000,'FINISHED',66,83,NULL),(89,34800,0.2,'UNKNOWN','2021-09-19 06:12:04','Normal',139200,'MALE',174000,'FINISHED',71,84,29),(90,35800,0.2,'UNKNOWN','2021-08-20 09:33:31','Normal',143200,'MALE',179000,'FINISHED',56,85,18),(91,0,0,'UNKNOWN','2021-09-30 09:22:37','Normal',242000,'MALE',242000,'FINISHED',69,86,NULL),(92,0,0,'UNKNOWN','2021-09-16 22:31:52','Normal',162000,'MALE',162000,'FINISHED',74,87,NULL),(93,9800,0.1,'UNKNOWN','2021-07-30 18:41:44','Normal',88200,'MALE',98000,'FINISHED',63,88,24),(94,4950,0.05,'UNKNOWN','2021-07-16 12:37:53','Normal',94050,'MALE',99000,'FINISHED',93,89,16),(95,0,0,'UNKNOWN','2021-10-18 19:26:30','Normal',78000,'MALE',78000,'FINISHED',77,90,NULL),(96,0,0,'UNKNOWN','2021-10-12 03:11:08','Normal',251000,'MALE',251000,'FINISHED',2,91,NULL),(97,0,0,'UNKNOWN','2021-10-17 06:43:30','Normal',502000,'MALE',502000,'FINISHED',82,92,NULL),(98,17900,0.05,'UNKNOWN','2021-08-28 07:34:41','Normal',340100,'MALE',358000,'FINISHED',3,93,23),(99,0,0,'UNKNOWN','2021-10-03 17:17:34','Normal',112000,'MALE',112000,'FINISHED',66,94,NULL),(100,0,0,'UNKNOWN','2021-09-09 16:12:28','Normal',198000,'MALE',198000,'FINISHED',21,95,NULL),(101,0,0,'UNKNOWN','2021-11-01 08:08:08','Normal',502000,'MALE',502000,'FINISHED',9,96,NULL),(102,0,0,'UNKNOWN','2021-11-01 11:11:11','Normal',251000,'MALE',251000,'FINISHED',80,97,NULL),(103,0,0,'UNKNOWN','2021-11-02 16:30:00','Normal',179000,'MALE',179000,'FINISHED',74,98,NULL),(104,0,0,'UNKNOWN','2021-11-03 10:02:15','Normal',224000,'MALE',224000,'FINISHED',28,99,NULL),(105,0,0,'UNKNOWN','2021-11-04 15:05:30','Normal',99000,'MALE',99000,'FINISHED',19,100,NULL);
/*!40000 ALTER TABLE `sell_order` ENABLE KEYS */;
UNLOCK TABLES;

--
-- Dumping data for table `sell_order_item`
--

LOCK TABLES `sell_order_item` WRITE;
/*!40000 ALTER TABLE `sell_order_item` DISABLE KEYS */;
NSERT INTO `sell_order_item` (`sell_order_item_id`, `actual_total_sale`, `age_group`, `cost_per_unit`, `creation_time`, `gender`, `price_per_unit`, `quantity`, `user_id`, `product_id`, `sell_order_id`) VALUES (1,190000,'UNKNOWN',176000,'2021-06-15 00:00:00','MALE',190000,1,5,1,1),(2,70000,'UNKNOWN',56000,'2021-06-15 00:00:00','MALE',70000,1,5,9,1),(3,270000,'UNKNOWN',114000,'2021-06-16 00:00:00','MALE',135000,2,8,3,2),(4,115000,'UNKNOWN',97000,'2021-06-20 00:00:00','MALE',115000,1,9,2,3),(5,40000,'UNKNOWN',29000,'2021-06-20 00:00:00','MALE',40000,1,9,13,3),(6,205000,'UNKNOWN',186000,'2021-06-21 00:00:00','MALE',205000,1,10,12,4),(7,125000,'UNKNOWN',103000,'2021-06-22 00:00:00','MALE',125000,1,12,15,5),(8,40000,'UNKNOWN',29000,'2021-06-22 00:00:00','MALE',40000,1,12,13,5),(9,200000,'UNKNOWN',89000,'2021-06-23 00:00:00','MALE',100000,2,14,5,6),(10,10000,'UNKNOWN',83000,'2021-06-26 00:00:00','MALE',100000,1,3,10,7),(11,80000,'UNKNOWN',62000,'2021-06-26 00:00:00','MALE',80000,1,3,6,7),(12,170000,'UNKNOWN',66000,'2021-06-28 00:00:00','MALE',85000,2,8,8,8),(13,100000,'UNKNOWN',82000,'2021-06-29 00:00:00','MALE',100000,1,9,11,9),(14,55000,'UNKNOWN',40000,'2021-06-29 00:00:00','MALE',55000,1,9,14,9),(15,230000,'UNKNOWN',97000,'2021-06-30 00:00:00','MALE',115000,2,7,2,10),(16,160000,'UNKNOWN',143000,'2021-07-02 00:00:00','MALE',160000,1,6,4,11),(17,80000,'UNKNOWN',62000,'2021-07-02 00:00:00','MALE',80000,1,6,6,11),(18,250000,'UNKNOWN',103000,'2021-07-05 00:00:00','MALE',125000,2,4,15,12),(19,100000,'UNKNOWN',83000,'2021-07-06 00:00:00','MALE',100000,1,15,10,13),(20,100000,'UNKNOWN',82000,'2021-07-06 00:00:00','MALE',100000,1,15,11,13),(21,140000,'UNKNOWN',56000,'2021-07-07 00:00:00','MALE',70000,2,13,9,14),(22,190000,'UNKNOWN',176000,'2021-07-08 00:00:00','MALE',190000,1,11,1,15),(23,115000,'UNKNOWN',97000,'2021-07-08 00:00:00','MALE',115000,1,11,2,15),(24,280000,'UNKNOWN',120000,'2021-07-09 00:00:00','MALE',140000,2,6,7,16),(25,100000,'UNKNOWN',89000,'2021-07-10 00:00:00','MALE',100000,1,10,5,17),(26,80000,'UNKNOWN',62000,'2021-07-10 00:00:00','MALE',80000,1,10,6,17),(27,380000,'UNKNOWN',176000,'2021-07-12 00:00:00','MALE',190000,2,12,1,18),(28,85000,'UNKNOWN',66000,'2021-07-13 00:00:00','MALE',85000,1,14,8,19),(29,29000,'UNKNOWN',176000,'2021-07-13 00:00:00','MALE',40000,1,14,13,19),(30,320000,'UNKNOWN',143000,'2021-07-15 00:00:00','MALE',160000,2,8,4,20),(31,190000,'UNKNOWN',176000,'2021-06-15 00:00:00','MALE',190000,1,5,1,1),(32,70000,'UNKNOWN',56000,'2021-06-15 00:00:00','MALE',70000,1,5,9,1),(33,270000,'UNKNOWN',114000,'2021-06-16 00:00:00','MALE',135000,2,8,3,2),(34,115000,'UNKNOWN',97000,'2021-06-20 00:00:00','MALE',115000,1,9,2,3),(35,40000,'UNKNOWN',29000,'2021-06-20 00:00:00','MALE',40000,1,9,13,3),(36,205000,'UNKNOWN',186000,'2021-06-21 00:00:00','MALE',205000,1,10,12,4),(37,125000,'UNKNOWN',103000,'2021-06-22 00:00:00','MALE',125000,1,12,15,5),(38,40000,'UNKNOWN',29000,'2021-06-22 00:00:00','MALE',40000,1,12,13,5),(39,200000,'UNKNOWN',89000,'2021-06-23 00:00:00','MALE',100000,2,14,5,6),(40,10000,'UNKNOWN',83000,'2021-06-26 00:00:00','MALE',100000,1,3,10,7),(41,80000,'UNKNOWN',62000,'2021-06-26 00:00:00','MALE',80000,1,3,6,7),(42,170000,'UNKNOWN',66000,'2021-06-28 00:00:00','MALE',85000,2,8,8,8),(43,100000,'UNKNOWN',82000,'2021-06-29 00:00:00','MALE',100000,1,9,11,9),(44,55000,'UNKNOWN',40000,'2021-06-29 00:00:00','MALE',55000,1,9,14,9),(45,230000,'UNKNOWN',97000,'2021-06-30 00:00:00','MALE',115000,2,7,2,10),(46,160000,'UNKNOWN',143000,'2021-07-02 00:00:00','MALE',160000,1,6,4,11),(47,80000,'UNKNOWN',62000,'2021-07-02 00:00:00','MALE',80000,1,6,6,11),(48,250000,'UNKNOWN',103000,'2021-07-05 00:00:00','MALE',125000,2,4,15,12),(49,100000,'UNKNOWN',83000,'2021-07-06 00:00:00','MALE',100000,1,15,10,13),(50,100000,'UNKNOWN',82000,'2021-07-06 00:00:00','MALE',100000,1,15,11,13),(51,140000,'UNKNOWN',56000,'2021-07-07 00:00:00','MALE',70000,2,13,9,14),(52,190000,'UNKNOWN',176000,'2021-07-08 00:00:00','MALE',190000,1,11,1,15),(53,115000,'UNKNOWN',97000,'2021-07-08 00:00:00','MALE',115000,1,11,2,15),(54,280000,'UNKNOWN',120000,'2021-07-09 00:00:00','MALE',140000,2,6,7,16),(55,100000,'UNKNOWN',89000,'2021-07-10 00:00:00','MALE',100000,1,10,5,17),(56,80000,'UNKNOWN',62000,'2021-07-10 00:00:00','MALE',80000,1,10,6,17),(57,380000,'UNKNOWN',176000,'2021-07-12 00:00:00','MALE',190000,2,12,1,18),(58,85000,'UNKNOWN',66000,'2021-07-13 00:00:00','MALE',85000,1,14,8,19),(59,40000,'UNKNOWN',29000,'2021-07-13 00:00:00','MALE',40000,1,14,13,19),(60,320000,'UNKNOWN',143000,'2021-07-15 00:00:00','MALE',160000,2,8,4,20),(61,192000,'UNKNOWN',81000,'2021-09-10 23:31:36','MALE',96000,2,79,16,21),(62,142000,'UNKNOWN',56000,'2021-09-16 13:17:04','MALE',71000,2,58,9,22),(63,270000,'UNKNOWN',120000,'2021-09-13 11:00:52','MALE',135000,2,52,98,23),(64,398000,'UNKNOWN',184000,'2021-09-07 04:12:27','MALE',199000,2,87,60,24),(65,162000,'UNKNOWN',66000,'2021-10-07 17:03:07','MALE',81000,2,77,8,25),(66,338000,'UNKNOWN',154000,'2021-11-03 21:05:31','MALE',169000,2,22,57,26),(67,394000,'UNKNOWN',182000,'2021-10-24 22:08:45','MALE',197000,2,82,61,27),(68,208000,'UNKNOWN',89000,'2021-10-02 00:01:38','MALE',104000,2,41,33,28),(69,174000,'UNKNOWN',72000,'2021-08-26 21:11:56','MALE',87000,2,58,82,29),(70,97000,'UNKNOWN',82000,'2021-07-26 02:55:20','MALE',97000,1,66,11,30),(71,98000,'UNKNOWN',83000,'2021-09-19 17:31:45','MALE',98000,1,58,10,31),(72,236000,'UNKNOWN',103000,'2021-08-19 03:17:48','MALE',118000,2,89,15,32),(73,184000,'UNKNOWN',77000,'2021-09-17 11:52:34','MALE',92000,2,73,44,33),(74,474000,'UNKNOWN',222000,'2021-09-20 03:55:59','MALE',237000,2,98,74,34),(75,210000,'UNKNOWN',90000,'2021-08-29 19:56:27','MALE',105000,2,69,40,35),(76,118000,'UNKNOWN',103000,'2021-08-26 07:35:24','MALE',118000,1,51,76,36),(77,199000,'UNKNOWN',184000,'2021-09-16 14:17:45','MALE',199000,1,46,60,37),(78,114000,'UNKNOWN',99000,'2021-09-21 16:15:43','MALE',114000,1,79,72,38),(79,486000,'UNKNOWN',228000,'2021-07-17 19:24:35','MALE',243000,2,55,78,39),(80,78000,'UNKNOWN',24000,'2021-08-14 11:08:57','MALE',39000,2,37,75,40),(81,131000,'UNKNOWN',116000,'2021-07-27 15:52:25','MALE',131000,1,20,42,41),(82,174000,'UNKNOWN',72000,'2021-08-19 05:16:44','MALE',87000,2,88,82,42),(83,235000,'UNKNOWN',220000,'2021-09-20 18:30:13','MALE',235000,1,80,85,43),(84,486000,'UNKNOWN',228000,'2021-10-06 11:30:01','MALE',243000,2,37,78,44),(85,104000,'UNKNOWN',89000,'2021-10-26 18:29:36','MALE',104000,1,42,33,45),(86,99000,'UNKNOWN',84000,'2021-10-30 01:50:38','MALE',99000,1,99,32,46),(87,197000,'UNKNOWN',182000,'2021-09-07 10:53:28','MALE',197000,1,68,61,47),(88,77000,'UNKNOWN',62000,'2021-08-01 00:59:35','MALE',77000,1,43,6,48),(89,206000,'UNKNOWN',88000,'2021-08-25 01:55:52','MALE',103000,2,8,50,49),(90,250000,'UNKNOWN',110000,'2021-08-19 00:28:55','MALE',125000,2,14,28,50),(91,506000,'UNKNOWN',238000,'2021-08-22 01:50:04','MALE',253000,2,46,91,51),(92,228000,'UNKNOWN',99000,'2021-08-20 07:34:21','MALE',114000,2,86,72,52),(93,386000,'UNKNOWN',178000,'2021-08-19 20:28:59','MALE',193000,2,94,87,53),(94,190000,'UNKNOWN',80000,'2021-10-12 02:28:24','MALE',95000,2,9,17,54),(95,366000,'UNKNOWN',168000,'2021-10-02 00:55:12','MALE',183000,2,61,25,55),(96,237000,'UNKNOWN',222000,'2021-09-17 11:48:39','MALE',237000,1,81,74,56),(97,73000,'UNKNOWN',58000,'2021-09-29 02:24:00','MALE',73000,1,20,96,57),(98,196000,'UNKNOWN',83000,'2021-10-17 13:29:04','MALE',98000,2,57,54,58),(99,60000,'UNKNOWN',15000,'2021-08-02 09:50:35','MALE',30000,2,23,84,59),(100,169000,'UNKNOWN',154000,'2021-10-28 05:11:09','MALE',169000,1,46,57,60),(101,502000,'UNKNOWN',236000,'2021-08-14 11:00:06','MALE',251000,2,59,31,61),(102,434000,'UNKNOWN',202000,'2021-10-24 21:43:33','MALE',217000,2,58,86,62),(103,126000,'UNKNOWN',111000,'2021-10-07 19:49:39','MALE',126000,1,13,36,63),(104,334000,'UNKNOWN',152000,'2021-08-09 22:10:38','MALE',167000,2,88,21,64),(105,422000,'UNKNOWN',196000,'2021-09-28 21:42:00','MALE',211000,2,3,99,65),(106,250000,'UNKNOWN',110000,'2021-08-03 21:01:38','MALE',125000,2,49,28,66),(107,131000,'UNKNOWN',116000,'2021-08-11 16:11:32','MALE',131000,1,35,42,67),(108,135000,'UNKNOWN',120000,'2021-07-18 19:55:39','MALE',135000,1,28,29,68),(109,96000,'UNKNOWN',81000,'2021-09-26 00:43:30','MALE',96000,1,36,16,69),(110,228000,'UNKNOWN',99000,'2021-07-28 15:09:35','MALE',114000,2,93,94,70),(111,118000,'UNKNOWN',44000,'2021-09-13 01:24:57','MALE',59000,2,60,19,71),(112,118000,'UNKNOWN',103000,'2021-10-16 16:54:54','MALE',118000,1,17,15,72),(113,210000,'UNKNOWN',90000,'2021-09-16 22:54:09','MALE',105000,2,8,18,73),(114,130000,'UNKNOWN',115000,'2021-08-01 22:55:53','MALE',130000,1,85,45,74),(115,151000,'UNKNOWN',136000,'2021-09-09 05:19:46','MALE',151000,1,1,68,75),(116,270000,'UNKNOWN',120000,'2021-07-23 02:40:20','MALE',135000,2,52,7,76),(117,251000,'UNKNOWN',236000,'2021-08-18 06:07:43','MALE',251000,1,54,31,77),(118,208000,'UNKNOWN',89000,'2021-08-03 06:19:26','MALE',104000,2,16,33,78),(119,132000,'UNKNOWN',51000,'2021-08-22 12:36:17','MALE',66000,2,18,70,79),(120,99000,'UNKNOWN',84000,'2021-07-20 16:51:03','MALE',99000,1,40,49,80),(121,165000,'UNKNOWN',150000,'2021-09-06 00:29:04','MALE',165000,1,46,37,81),(122,252000,'UNKNOWN',111000,'2021-07-17 18:30:38','MALE',126000,2,9,36,82),(123,112000,'UNKNOWN',97000,'2021-08-16 20:23:33','MALE',112000,1,7,71,83),(124,130000,'UNKNOWN',115000,'2021-08-15 01:00:04','MALE',130000,1,9,45,84),(125,98000,'UNKNOWN',83000,'2021-10-04 10:42:08','MALE',98000,1,20,10,85),(126,95000,'UNKNOWN',80000,'2021-07-19 16:57:45','MALE',95000,1,76,17,86),(127,166000,'UNKNOWN',68000,'2021-08-27 23:35:31','MALE',83000,2,19,52,87),(128,135000,'UNKNOWN',120000,'2021-08-21 10:50:32','MALE',135000,1,66,7,88),(129,174000,'UNKNOWN',72000,'2021-09-19 06:12:04','MALE',87000,2,71,82,89),(130,179000,'UNKNOWN',164000,'2021-08-20 09:33:31','MALE',179000,1,56,88,90),(131,242000,'UNKNOWN',106000,'2021-09-30 09:22:37','MALE',121000,2,69,95,91),(132,162000,'UNKNOWN',66000,'2021-09-16 22:31:52','MALE',81000,2,74,8,92),(133,98000,'UNKNOWN',83000,'2021-07-30 18:41:44','MALE',98000,1,63,54,93),(134,99000,'UNKNOWN',84000,'2021-07-16 12:37:53','MALE',99000,1,93,48,94),(135,78000,'UNKNOWN',24000,'2021-10-18 19:26:30','MALE',39000,2,77,75,95),(136,251000,'UNKNOWN',236000,'2021-10-12 03:11:08','MALE',251000,1,2,31,96),(137,502000,'UNKNOWN',236000,'2021-10-17 06:43:30','MALE',251000,2,82,31,97),(138,358000,'UNKNOWN',164000,'2021-08-28 07:34:41','MALE',179000,2,3,59,98),(139,112000,'UNKNOWN',97000,'2021-10-03 17:17:34','MALE',112000,1,66,2,99),(140,198000,'UNKNOWN',84000,'2021-09-09 16:12:28','MALE',99000,2,21,32,100),(141,502000,'UNKNOWN',236000,'2021-09-11 17:18:30','MALE',251000,2,9,31,101),(142,251000,'UNKNOWN',236000,'2021-09-13 11:12:13','MALE',251000,1,80,31,102),(143,179000,'UNKNOWN',164000,'2021-10-10 10:10:10','MALE',179000,1,74,59,103),(144,224000,'UNKNOWN',97000,'2021-10-20 15:08:23','MALE',112000,2,28,2,104),(145,99000,'UNKNOWN',84000,'2021-10-25 17:18:19','MALE',99000,1,19,32,105);
/*!40000 ALTER TABLE `sell_order_item` ENABLE KEYS */;
UNLOCK TABLES;

--
-- Dumping data for table `staff`
--

LOCK TABLES `staff` WRITE;
/*!40000 ALTER TABLE `staff` DISABLE KEYS */;
INSERT INTO `staff` (`staff_id`, `address`, `name`, `password`, `phone_number`, `salary`, `staff_position`, `staff_uuid`, `user_id`) VALUES (1,'6155 Thompson Point','Miof mela Manders','53870F79A73F040FB5075E1A070F6C8BB578D7C3ACCC84297ED340F2EBB1895E','4976660078',15000000,'Manager','eccc05e1-ea06-11eb-863e-dc4a3ee3e76f',1),(2,'3140 Roxbury Center','Jeremia Prys','A62DD59B6C270596EE6F4BCE63892C0E583EA475D9BD89B73527D91E0CCF1D0D','5405339203',15000000,'Manager','f208044a-ea06-11eb-863e-dc4a3ee3e76f',2),(3,'85763 Lillian Terrace','Karil Sustin','5F476302CECE854EB7217F00ED97EF3C02D22A48794AC38A905BEFEADA90E4D5','1238745360',7000000,'Employee','f52f6b51-ea06-11eb-863e-dc4a3ee3e76f',3),(4,'21 Crescent Oaks Pass','Dyanna Ellverston','1175F1F1EBCEB579966A40F71855F37973BE70D0ECDCBF5952974E15B83C89EB','8051757923',7000000,'Employee','f839722d-ea06-11eb-863e-dc4a3ee3e76f',4),(5,'3320 Anhalt Junction','Niven Taffley','33467B3F0E19B38D2B704CE5D37B73CAF7E5667DD6CCA21AD8F30832DD378EF7','6818333918',6000000,'Employee','fbcb75c2-ea06-11eb-863e-dc4a3ee3e76f',5),(6,'7073 Nelson Pass','Ronalda Simants','5B56337D19D3DC40C6FAED8933BA0B446264F36A8BA82A0FDB90DA3B710117F2','6209164749',6000000,'Employee','ff47cd47-ea06-11eb-863e-dc4a3ee3e76f',6),(7,'16 Sunbrook Park','Kerry Limer','F45B80AC0CBF253A1B9BFF4A4A050C858FA87D7AB3D356D6218C1088736F4194','7384112392',6000000,'Employee','0244ee3a-ea07-11eb-863e-dc4a3ee3e76f',7),(8,'7 Homewood Center','Jermayne Hamlen','61DFE3BA7C7D2F0572D0C01C1BC6252ECC20065B58002FDDFBFC837599115A91','7913435030',6000000,'Employee','05dd128b-ea07-11eb-863e-dc4a3ee3e76f',8),(9,'1 Clyde Gallagher Parkway','Walther Holsey','CFE1A29FA677B2EE01AFF3DA1577C5B3F332746EBA35C927CC886060CD53B8B2','7212072043',6000000,'Employee','0a526dfb-ea07-11eb-863e-dc4a3ee3e76f',9),(10,'9 Basil Pass','Gerhard Jurczik','0CD47DD591AFE89ACC41512B783488718347697C356103E36A8B652D572A9092','6752449848',6000000,'Employee','0d45df6a-ea07-11eb-863e-dc4a3ee3e76f',10),(11,'7410 Troy Circle','Jerry Dixon','2B3E953694F66D9F5809F3BD495B4058C3D189BA8E34DFB0C67136E09035E2D7','4214045127',6000000,'Employee','10692f1e-ea07-11eb-863e-dc4a3ee3e76f',11),(12,'47 Express Point','Lucias Sorsby','452A0B04DE73FBCAB363FC9562B64D94440933D3D4A9CB7DA722A1D49857AD12','8897078810',6000000,'Employee','13a97e3e-ea07-11eb-863e-dc4a3ee3e76f',12),(13,'4 Lotheville Point','Raynor Tulk','5B5CFA81A8FAC140C00768BF1F2B6A0F753DFEF8708EDAE55F16693142466D11','3285377975',6000000,'Employee','168d3223-ea07-11eb-863e-dc4a3ee3e76f',13),(14,'3196 Warrior Point','Tammie Milham','0D4A45E649DB487264F275036FA51EF7E9F6E3672277402AABBD23751A77C23F','5711117757',6000000,'Employee','198fed27-ea07-11eb-863e-dc4a3ee3e76f',14),(15,'17 Kinsman Court','Tildi Sleath','F11CFC6C187D2628592A5D68279C86224D55F6EAB948AE501280F678F8ADF10D','9166745412',6000000,'Employee','20bd92f4-ea07-11eb-863e-dc4a3ee3e76f',15),(16,'287 Riverside Trail','HaiQuang','$2a$10$B48JSbumkZ/6.Pq1j5rxO..Z8wpM8zhkg7a3qIxDv5dlWA86U10ky','21312321231',6000000,'Employee','18ae5c7a-3b88-11ec-ab2f-dc4a3ee3e76f',16),(17,'35414 Marcy Street','HaiQuang','$2a$10$GtPhrY.l9kKz76YV7e6QfeH/2NYdeI2Uf164GhFzzxhh9KSdpL8V6','21321312321231',6000000,'Employee','18afb316-3b88-11ec-ab2f-dc4a3ee3e76f',17),(18,'9 Forest Dale Hill','HaiQuang','$2a$10$Us8cMmHoNsBfNlYz1gviHOIG3l0Ixa8wbdYIct0xOj8D2BMO9utfm','213112321231',6000000,'Employee','18b0b548-3b88-11ec-ab2f-dc4a3ee3e76f',18),(19,'85334 Parkside Circle','HaiQuang','$2a$10$r8Q5rG.eyXcpClJjVnThZOVKIWKR2HChcqxw8XTqbcvPDpQTG4RxW','2131123219231',6000000,'Employee','18b22a9f-3b88-11ec-ab2f-dc4a3ee3e76f',19),(20,'08221 Thackeray Hill','RhetaDubock','waiQ5ThdVy0','6401523287',6000000,'Employee','18b31738-3b88-11ec-ab2f-dc4a3ee3e76f',20),(21,'587 Bunting Hill','FalknerNorcock','6XP5pF','6978214275',6000000,'Employee','18b414d8-3b88-11ec-ab2f-dc4a3ee3e76f',21),(22,'4 Knutson Point','AriadneVan Velden','Tx9bVG282rWs','4126864539',6000000,'Employee','18b4f55e-3b88-11ec-ab2f-dc4a3ee3e76f',22),(23,'0121 Moose Terrace','DevaTangye','zniUbBUR8AC','9509003187',6000000,'Employee','18b5d00a-3b88-11ec-ab2f-dc4a3ee3e76f',23),(24,'3 Kenwood Crossing','GerhardtGriffoen','ogx6S9LF','7565901832',6000000,'Employee','18b701f4-3b88-11ec-ab2f-dc4a3ee3e76f',24),(25,'24 Lakeland Pass','PietroManntschke','5kNYvDd6','4721847733',6000000,'Employee','18b81e37-3b88-11ec-ab2f-dc4a3ee3e76f',25),(26,'129 Myrtle Park','HaiQuang','$2a$10$MuI5M3YotzlXmX8K0lNIfuinL583vqzfCAUdBdNLCDnHvpmQDO31i','211213122',6000000,'Employee','18b95bad-3b88-11ec-ab2f-dc4a3ee3e76f',26),(27,'1513 Cody Junction','BudaTester','$2a$10$bhlaHNMyjLWGvK.X5.dD4e74n6FjwIXfR2Wbu9KQ2MWZYRM948Sba','1231232434',6000000,'Employee','18ba4733-3b88-11ec-ab2f-dc4a3ee3e76f',27),(28,'20 Scoville Court','DonelleHendron','E1bNjv','8658583228',6000000,'Employee','18bb3542-3b88-11ec-ab2f-dc4a3ee3e76f',28),(29,'41 Moose Crossing','KaraleeLaw','BMC4nkXTic','2405484284',6000000,'Employee','18bc306e-3b88-11ec-ab2f-dc4a3ee3e76f',29),(30,'49560 Butternut Way','MarleneClibbery','Xh1wDmJz1t','6541833387',6000000,'Employee','18bd73a1-3b88-11ec-ab2f-dc4a3ee3e76f',30),(31,'9336 Express Avenue','NoellynBonnar','QGLRXjkGPXB','3032546590',6000000,'Employee','18bef118-3b88-11ec-ab2f-dc4a3ee3e76f',31),(32,'6 Crescent Oaks Parkway','JulieCaveau','qfufJh94','3926766688',6000000,'Employee','18c049e3-3b88-11ec-ab2f-dc4a3ee3e76f',32),(33,'72286 Ilene Plaza','ManoScarse','7TA1jAE361Q','2055098605',6000000,'Employee','18c159c8-3b88-11ec-ab2f-dc4a3ee3e76f',33),(34,'55919 Erie Center','AinsleeBusch','o6hBzOyz','5556813187',6000000,'Employee','18c2614d-3b88-11ec-ab2f-dc4a3ee3e76f',34),(35,'68 Bowman Crossing','AilynFrancomb','fuHE3VPia3','3452138741',6000000,'Employee','18c3492f-3b88-11ec-ab2f-dc4a3ee3e76f',35),(36,'341 Cardinal Drive','IleneRountree','yOABjxJ','4655190448',6000000,'Employee','18c440a5-3b88-11ec-ab2f-dc4a3ee3e76f',36),(37,'556 Cody Way','AnniBurle','hXHbHtiX3','6252280434',6000000,'Employee','18c5167f-3b88-11ec-ab2f-dc4a3ee3e76f',37),(38,'1081 Colorado Crossing','MacPlatt','VEiBbghcVU','9825965332',6000000,'Employee','18c60d5f-3b88-11ec-ab2f-dc4a3ee3e76f',38),(39,'301 Arkansas Court','KelleyBarnewille','CDY6GKa00','2541361897',6000000,'Employee','18c70e2e-3b88-11ec-ab2f-dc4a3ee3e76f',39),(40,'6 Fuller Circle','JanetaCaldaro','8ZCx6nl0','5172445452',6000000,'Employee','18c7e817-3b88-11ec-ab2f-dc4a3ee3e76f',40),(41,'88043 Hagan Street','GaelMcIlveen','h8olKGg4i9G9','1121697138',6000000,'Employee','18c8bad2-3b88-11ec-ab2f-dc4a3ee3e76f',41),(42,'34 Del Sol Lane','IlyssaHaskins','6rKVi54mW7','2605931270',6000000,'Employee','18c9907f-3b88-11ec-ab2f-dc4a3ee3e76f',42),(43,'7980 Artisan Crossing','PhilipBacup','Drk0UDiY','7333665387',6000000,'Employee','18ca9ae8-3b88-11ec-ab2f-dc4a3ee3e76f',43),(44,'552 Westport Junction','CreighStaton','HLwRt1P7m','2778209594',6000000,'Employee','18cb7e58-3b88-11ec-ab2f-dc4a3ee3e76f',44),(45,'839 Redwing Pass','AlleynBrabon','cvlr5si8G','3946288252',6000000,'Employee','18cc9806-3b88-11ec-ab2f-dc4a3ee3e76f',45),(46,'9548 Debs Place','BerthaDuffree','hZdnhP','2942498196',6000000,'Employee','18cd7525-3b88-11ec-ab2f-dc4a3ee3e76f',46),(47,'13288 Division Parkway','MillerCoope','rubiAcCPlpJ','9748313588',6000000,'Employee','18ce5bda-3b88-11ec-ab2f-dc4a3ee3e76f',47),(48,'21212 Cambridge Drive','NorahCasine','bPC2LauwTcr2','5272854552',6000000,'Employee','18cf48f1-3b88-11ec-ab2f-dc4a3ee3e76f',48),(49,'430 Autumn Leaf Parkway','GardenerArnison','uye97VyD34','3775444772',6000000,'Employee','18d11987-3b88-11ec-ab2f-dc4a3ee3e76f',49),(50,'77 American Ash Court','VirgieRedfield','FT50DjNl1','5267108315',6000000,'Employee','18d2a2cf-3b88-11ec-ab2f-dc4a3ee3e76f',50),(51,'994 Judy Place','MyrleneFilon','5q2hCt','7165672663',6000000,'Employee','18d46e68-3b88-11ec-ab2f-dc4a3ee3e76f',51),(52,'9777 Ridgeview Avenue','PeggiGillespie','obHbrbKacoKJ','8665668842',6000000,'Employee','18d6f5b9-3b88-11ec-ab2f-dc4a3ee3e76f',52),(53,'42288 6th Crossing','DorelleTrustrie','pKd5j3K','9925084366',6000000,'Employee','18d80f99-3b88-11ec-ab2f-dc4a3ee3e76f',53),(54,'65 Village Park','GabiLamplugh','oCNj5hNpyqS','3158675633',6000000,'Employee','18d8f524-3b88-11ec-ab2f-dc4a3ee3e76f',54),(55,'5948 Jackson Terrace','YuleAnyene','MLfQzKv','4716734877',6000000,'Employee','18da3891-3b88-11ec-ab2f-dc4a3ee3e76f',55),(56,'848 Fallview Road','AluinValasek','kY6NYHA2cQ','1037058131',6000000,'Employee','18db2aec-3b88-11ec-ab2f-dc4a3ee3e76f',56),(57,'593 Merchant Court','CherishTrimble','R5UEBrVxrbr','8856847765',6000000,'Employee','18dc553a-3b88-11ec-ab2f-dc4a3ee3e76f',57),(58,'8 Twin Pines Lane','NatashaMcIlhagga','8VKSxP2Ph','8354085990',6000000,'Employee','18dd621d-3b88-11ec-ab2f-dc4a3ee3e76f',58),(59,'5426 Stang Avenue','ShelaRafe','faQXMwG','2694716101',6000000,'Employee','18de5197-3b88-11ec-ab2f-dc4a3ee3e76f',59),(60,'0061 Burning Wood Park','RoderichAtwood','PuaoFB052','3741853833',6000000,'Employee','18df69d4-3b88-11ec-ab2f-dc4a3ee3e76f',60),(61,'2291 Ridge Oak Trail','DevyBainbrigge','YjHEoVquaj8h','7194011545',6000000,'Employee','18e0859f-3b88-11ec-ab2f-dc4a3ee3e76f',61),(62,'94 Fallview Center','FairlieCallcott','2obJHrFDk','3755971584',6000000,'Employee','18e1af08-3b88-11ec-ab2f-dc4a3ee3e76f',62),(63,'10647 Fair Oaks Lane','GianCristoferi','KFDAdP','8427369696',6000000,'Employee','18e2bcbc-3b88-11ec-ab2f-dc4a3ee3e76f',63),(64,'680 Southridge Plaza','AlysaJoss','oXL9KAB3','5014999105',6000000,'Employee','18e3e427-3b88-11ec-ab2f-dc4a3ee3e76f',64),(65,'8 Arrowood Street','BrandyCollingridge','se8cvuM8NIkI','7062338869',6000000,'Employee','18e505bc-3b88-11ec-ab2f-dc4a3ee3e76f',65),(66,'51496 Veith Circle','NeillPhilott','oLG8G42ZT','8369535377',6000000,'Employee','18e60eb5-3b88-11ec-ab2f-dc4a3ee3e76f',66),(67,'8 Buell Crossing','BenediktaJeannesson','NBwVi2p','7384029683',6000000,'Employee','18e72d1b-3b88-11ec-ab2f-dc4a3ee3e76f',67),(68,'8916 Schmedeman Street','AnalliseRoullier','e9nuzlLmwv','3972589653',6000000,'Employee','18e81e2c-3b88-11ec-ab2f-dc4a3ee3e76f',68),(69,'86395 Melvin Plaza','SharlineLawden','FwJrvpQtnq','8874421366',6000000,'Employee','18e94438-3b88-11ec-ab2f-dc4a3ee3e76f',69),(70,'3 Elka Alley','UllaPamment','2Dh1KZ','2155135623',6000000,'Employee','18ea3bc3-3b88-11ec-ab2f-dc4a3ee3e76f',70),(71,'7 Northview Drive','SindeeKneafsey','yAYPmerBNYaj','4323647940',6000000,'Employee','18eb2f04-3b88-11ec-ab2f-dc4a3ee3e76f',71),(72,'3031 Lakewood Parkway','ClioMowen','G03TwPbnI','3695085770',6000000,'Employee','18ec55fe-3b88-11ec-ab2f-dc4a3ee3e76f',72),(73,'616 Derek Alley','ShanonLownie','z2KdaAZePpV','3315716373',6000000,'Employee','18ed46f8-3b88-11ec-ab2f-dc4a3ee3e76f',73),(74,'47 Duke Trail','VaughanDrewry','MUJvv0','9759832984',6000000,'Employee','18ee49e0-3b88-11ec-ab2f-dc4a3ee3e76f',74),(75,'2 Gerald Park','FabianStandbrook','U9Sd0cF','4778693389',6000000,'Employee','18ef1c82-3b88-11ec-ab2f-dc4a3ee3e76f',75),(76,'649 Caliangt Plaza','MarticaIsoldi','O7GPb1wD3M','3041161099',6000000,'Employee','18eff678-3b88-11ec-ab2f-dc4a3ee3e76f',76),(77,'15 Calypso Parkway','CarmonCaughey','QGLIdd2','6432656032',6000000,'Employee','18f0f915-3b88-11ec-ab2f-dc4a3ee3e76f',77),(78,'448 Maple Wood Hill','ChristianKniveton','mRqqQO97Bqe','1659527832',6000000,'Employee','18f20a80-3b88-11ec-ab2f-dc4a3ee3e76f',78),(79,'79 Beilfuss Junction','TrixGuerrieri','56Qxz8','3185156970',6000000,'Employee','18f2f5fb-3b88-11ec-ab2f-dc4a3ee3e76f',79),(80,'691 Hudson Circle','ChristalleMartinovic','eesltrl','2718094036',6000000,'Employee','18f3e7ff-3b88-11ec-ab2f-dc4a3ee3e76f',80),(81,'96094 Ilene Pass','MozelleJerratsch','tDxEKbI1Cn66','3468866260',6000000,'Employee','18f4e114-3b88-11ec-ab2f-dc4a3ee3e76f',81),(82,'1788 Spaight Road','FernandoTredger','FnsXNzRIHM','3346592263',6000000,'Employee','18f5f187-3b88-11ec-ab2f-dc4a3ee3e76f',82),(83,'126 New Castle Lane','AndreanaCalterone','KZnZrEw2fF','9454050333',6000000,'Employee','18f6e8b2-3b88-11ec-ab2f-dc4a3ee3e76f',83),(84,'8 Butternut Point','BartholomeoNorvell','HXpuGnb0','9774226707',6000000,'Employee','18f7ba87-3b88-11ec-ab2f-dc4a3ee3e76f',84),(85,'6 Service Pass','AnnabellAvrahamian','5raOmcsXL','1468195306',6000000,'Employee','18f8a7b1-3b88-11ec-ab2f-dc4a3ee3e76f',85),(86,'180 Melvin Court','GarMoxstead','Y4ORmO','4303882484',6000000,'Employee','18f98c43-3b88-11ec-ab2f-dc4a3ee3e76f',86),(87,'145 Cardinal Alley','RichieLinstead','MrDEIudnF','5769287784',6000000,'Employee','18fb11b8-3b88-11ec-ab2f-dc4a3ee3e76f',87),(88,'60 Portage Pass','CaroleCranney','9YmxECUy','5304136058',6000000,'Employee','18fc1c00-3b88-11ec-ab2f-dc4a3ee3e76f',88),(89,'86836 Twin Pines Street','DanielleGildroy','HxcYPN','2131567042',6000000,'Employee','18fd2b6e-3b88-11ec-ab2f-dc4a3ee3e76f',89),(90,'2 Cody Drive','EnnisCucuzza','jNX7nq','2269651991',6000000,'Employee','18fe1ffb-3b88-11ec-ab2f-dc4a3ee3e76f',90),(91,'84011 Meadow Vale Drive','JohnetteMegarry','cLcTuL0lLD','5293676262',6000000,'Employee','18ff04cf-3b88-11ec-ab2f-dc4a3ee3e76f',91),(92,'01889 Meadow Vale Crossing','PattyRenish','LHj1hTYlt','1711987585',6000000,'Employee','19002943-3b88-11ec-ab2f-dc4a3ee3e76f',92),(93,'05 Holy Cross Park','CurtCoomer','3vogZfOzt','4184335477',6000000,'Employee','190127d0-3b88-11ec-ab2f-dc4a3ee3e76f',93),(94,'84 Karstens Plaza','FarleighBartoszek','8p1rf1ioZd','1261030444',6000000,'Employee','19020e0d-3b88-11ec-ab2f-dc4a3ee3e76f',94),(95,'8 Barby Plaza','DehliaMuffitt','brrSALqMFuS','6286852965',6000000,'Employee','19031091-3b88-11ec-ab2f-dc4a3ee3e76f',95),(96,'32450 Arkansas Junction','ClareyBaggett','W8KaeDvZ','9837382989',6000000,'Employee','19040751-3b88-11ec-ab2f-dc4a3ee3e76f',96),(97,'1 Shoshone Avenue','MartainnMcKniely','xqa1dmsUHaF','7585487312',6000000,'Employee','19051b29-3b88-11ec-ab2f-dc4a3ee3e76f',97),(98,'3 Florence Center','AdreaFeldharker','rC2IIae','4199418967',6000000,'Employee','190602bd-3b88-11ec-ab2f-dc4a3ee3e76f',98),(99,'7 Chinook Terrace','JillanaLanfranconi','TFJRo0DT6','9613259808',6000000,'Employee','1906f179-3b88-11ec-ab2f-dc4a3ee3e76f',99),(100,'878 Randy Pass','MufinellaOffiler','K8oB1Y','6114254817',6000000,'Employee','1907e506-3b88-11ec-ab2f-dc4a3ee3e76f',100);
/*!40000 ALTER TABLE `staff` ENABLE KEYS */;
UNLOCK TABLES;

--
-- Dumping data for table `staff_note`
--

LOCK TABLES `staff_note` WRITE;
/*!40000 ALTER TABLE `staff_note` DISABLE KEYS */;
INSERT INTO `staff_note` (`staff_note_id`, `message`, `note_date`, `seen`, `staff_id`, `user_id`) VALUES (1,'No comment','2021-06-17 00:00:00',_binary '',1,1),(2,'Demo','2021-06-25 00:00:00',_binary '',3,3),(3,'Testing','2021-06-29 00:00:00',_binary '',8,8),(4,'Beta','2021-07-04 00:00:00',_binary '',6,6),(5,'No comment','2021-06-17 00:00:00',_binary '',1,1),(6,'Demo','2021-06-25 00:00:00',_binary '',3,3),(7,'Testing','2021-06-29 00:00:00',_binary '',8,8),(8,'Beta','2021-07-04 00:00:00',_binary '',6,6),(9,'Centralized','2021-08-15 14:33:23',_binary '',33,33),(10,'challenge','2021-09-26 00:47:46',_binary '',5,5),(11,'Fully-configurable','2021-10-24 03:52:07',_binary '',22,22),(12,'hub','2021-07-21 19:47:32',_binary '',91,91),(13,'leverage','2021-10-08 05:50:35',_binary '',93,93),(14,'well-modulated','2021-08-22 10:19:54',_binary '',94,94),(15,'Exclusive','2021-10-15 01:58:48',_binary '',89,89),(16,'monitoring','2021-09-19 09:32:06',_binary '',62,62),(17,'full-range','2021-11-02 19:32:43',_binary '',40,40),(18,'Graphical User Interface','2021-10-29 14:03:23',_binary '',11,11),(19,'Multi-layered','2021-10-06 14:44:23',_binary '',32,32),(20,'Devolved','2021-10-08 23:15:16',_binary '',24,24),(21,'support','2021-07-14 18:10:41',_binary '',24,24),(22,'demand-driven','2021-08-27 19:29:23',_binary '',45,45),(23,'cohesive','2021-10-03 18:29:16',_binary '',50,50),(24,'Diverse','2021-07-29 19:59:19',_binary '',18,18),(25,'Public-key','2021-08-08 01:38:43',_binary '',35,35),(26,'ability','2021-09-16 23:01:33',_binary '',21,21),(27,'website','2021-07-31 21:49:30',_binary '',93,93),(28,'6th generation','2021-08-03 13:35:11',_binary '',9,9),(29,'collaboration','2021-07-21 21:19:44',_binary '',57,57),(30,'Automated','2021-09-03 15:45:14',_binary '',59,59),(31,'functionalities','2021-10-22 19:47:32',_binary '',26,26),(32,'monitoring','2021-10-01 02:58:25',_binary '',47,47),(33,'monitoring','2021-08-12 07:34:52',_binary '',58,58),(34,'secondary','2021-10-20 15:12:54',_binary '',48,48),(35,'Proactive','2021-07-10 19:49:54',_binary '',63,63),(36,'Customizable','2021-09-28 22:43:24',_binary '',70,70),(37,'next generation','2021-07-17 18:28:27',_binary '',63,63),(38,'parallelism','2021-09-24 15:27:40',_binary '',3,3),(39,'website','2021-09-23 22:17:19',_binary '',21,21),(40,'Open-source','2021-10-31 02:07:57',_binary '',93,93),(41,'multimedia','2021-08-26 07:42:50',_binary '',5,5),(42,'Enhanced','2021-10-13 10:03:46',_binary '',40,40),(43,'Stand-alone','2021-10-04 02:39:06',_binary '',85,85),(44,'workforce','2021-10-17 06:04:29',_binary '',6,6),(45,'clear-thinking','2021-07-22 02:42:28',_binary '',67,67),(46,'hierarchy','2021-07-12 15:53:51',_binary '',23,23),(47,'Re-engineered','2021-08-29 05:08:08',_binary '',9,9),(48,'implementation','2021-09-10 08:48:24',_binary '',69,69),(49,'Re-contextualized','2021-07-20 06:21:42',_binary '',22,22),(50,'client-driven','2021-10-26 07:44:22',_binary '',95,95),(51,'dedicated','2021-09-15 16:13:39',_binary '',17,17),(52,'bandwidth-monitored','2021-10-01 00:04:52',_binary '',89,89),(53,'Streamlined','2021-08-31 21:54:20',_binary '',98,98),(54,'time-frame','2021-07-18 09:32:25',_binary '',23,23),(55,'Graphic Interface','2021-09-02 08:19:25',_binary '',16,16),(56,'Proactive','2021-08-26 13:49:26',_binary '',8,8),(57,'customer loyalty','2021-10-14 06:55:01',_binary '',86,86),(58,'open architecture','2021-08-17 02:14:58',_binary '',15,15),(59,'Assimilated','2021-09-09 17:41:15',_binary '',8,8),(60,'Graphical User Interface','2021-07-17 18:47:18',_binary '',93,93),(61,'intranet','2021-10-24 16:15:59',_binary '',44,44),(62,'Re-engineered','2021-10-01 07:19:58',_binary '',39,39),(63,'open architecture','2021-09-22 09:57:14',_binary '',61,61),(64,'Progressive','2021-11-01 23:51:26',_binary '',86,86),(65,'Switchable','2021-09-04 16:35:35',_binary '',48,48),(66,'extranet','2021-10-01 14:30:24',_binary '',77,77),(67,'logistical','2021-10-09 03:50:06',_binary '',45,45),(68,'Cross-platform','2021-07-26 13:37:39',_binary '',87,87),(69,'24 hour','2021-10-31 20:05:15',_binary '',100,100),(70,'monitoring','2021-08-05 10:51:49',_binary '',44,44),(71,'Synchronised','2021-08-23 03:58:18',_binary '',14,14),(72,'Decentralized','2021-07-25 10:16:44',_binary '',36,36),(73,'Re-engineered','2021-09-18 03:00:19',_binary '',34,34),(74,'Virtual','2021-08-29 08:56:35',_binary '',61,61),(75,'local','2021-08-23 16:40:55',_binary '',5,5),(76,'6th generation','2021-10-23 15:44:53',_binary '',35,35),(77,'zero tolerance','2021-08-29 19:19:37',_binary '',60,60),(78,'actuating','2021-09-13 06:55:49',_binary '',93,93),(79,'Persistent','2021-08-31 12:31:25',_binary '',86,86),(80,'non-volatile','2021-09-04 00:11:54',_binary '',52,52),(81,'productivity','2021-09-30 15:51:31',_binary '',96,96),(82,'utilisation','2021-07-20 13:25:28',_binary '',27,27),(83,'Digitized','2021-09-03 03:05:42',_binary '',40,40),(84,'interactive','2021-08-23 03:05:35',_binary '',21,21),(85,'Innovative','2021-07-19 15:57:30',_binary '',81,81),(86,'Inverse','2021-07-06 19:08:08',_binary '',42,42),(87,'demand-driven','2021-08-20 16:42:10',_binary '',65,65),(88,'Managed','2021-10-10 01:25:30',_binary '',100,100),(89,'secondary','2021-07-31 16:34:53',_binary '',6,6),(90,'toolset','2021-09-19 01:43:11',_binary '',20,20),(91,'motivating','2021-11-02 08:28:46',_binary '',83,83),(92,'Cross-platform','2021-09-10 09:23:12',_binary '',57,57),(93,'needs-based','2021-09-21 02:47:58',_binary '',34,34),(94,'workforce','2021-09-09 13:10:36',_binary '',96,96),(95,'exuding','2021-09-15 21:14:29',_binary '',78,78),(96,'Persistent','2021-09-23 11:47:08',_binary '',4,4),(97,'product','2021-08-23 11:10:42',_binary '',78,78),(98,'User-friendly','2021-10-21 10:33:42',_binary '',79,79),(99,'portal','2021-09-16 15:29:34',_binary '',60,60),(100,'optimizing','2021-10-11 19:03:37',_binary '',63,63);

/*!40000 ALTER TABLE `staff_note` ENABLE KEYS */;
UNLOCK TABLES;

--
-- Dumping data for table `supplier`
--

LOCK TABLES `supplier` WRITE;
/*!40000 ALTER TABLE `supplier` DISABLE KEYS */;
INSERT INTO `supplier` (`supplier_id`, `address`, `email`, `name`, `phone_number`, `picture_id`, `user_id`) VALUES (1,'3 Prairie Rose Hill','bedens0@aboutads.info','Viettel','2917056444',1,5),(2,'4 Vernon Point','cmclugaish1@hubpages.com','Vinaphone ','6943555633',2,8),(3,'76 Carey Terrace','mepps2@cbc.ca','Mobifone','4625222484',3,11),(4,'21171 Melvin Avenue','rphillps3@comsenz.com','VNPT','7448498333',4,14),(5,'51720 Troy Lane','rlawrey4@patch.com','Vietnamobile','1912460650',5,3),(6,'33 Jenna Road','bsackes5@loc.gov','Beeline','6592734398',6,6),(7,'131 Steensland Parkway','pscrimshire6@ucsd.edu','FPT','3343238885',7,9),(8,'18760 Del Sol Alley','lbredgeland7@skype.com','CMC','4248924742',8,12),(9,'484 Saint Paul Avenue','cparmeter8@naver.com','Viettelco','9681411388',9,15),(10,'08 Haas Trail','jhymers9@prlog.org','Netnam','9107279396',10,4),(11,'82 Hansons Way','chutchina@springer.com','Mann, Littel and Huels','1785520954',145,3),(12,'30 Lyons Hill','vbeagleholeb@theglobeandmail.com','Baumbach Group','2921386345',146,95),(13,'454 Moulton Center','rhabinc@digg.com','Daniel, Moore and Olson','6828309225',147,73),(14,'4425 Havey Crossing','krennlesd@homestead.com','Carter and Sons','7117703806',148,78),(15,'30590 School Center','nvallise@unblog.fr','McLaughlin-Heidenreich','6713593536',149,71),(16,'27848 Hermina Court','abendf@free.fr','Friesen-Rohan','7519040194',150,18),(17,'7222 Ludington Hill','btebbg@naver.com','Dibbert, Schumm and Greenholt','3123301946',151,73),(18,'471 7th Junction','adevilh@woothemes.com','Weimann-O\'Kon','5458862783',152,13),(19,'122 Huxley Point','gfuchsi@etsy.com','Lynch, Bartoletti and Howe','1462860540',153,40),(20,'60 Blaine Plaza','arucklessej@freewebs.com','Christiansen-Effertz','2834329909',154,60),(21,'5 Ridge Oak Avenue','plowsonk@mashable.com','Mann-Heidenreich','4429343740',155,80),(22,'55347 Maryland Place','odeclercql@businessinsider.com','Torp-Crist','2136375432',156,22),(23,'8 Quincy Circle','hmcharrym@dion.ne.jp','Okuneva-Schimmel','8776787784',157,62),(24,'3801 Gale Avenue','twhittetn@hud.gov','Kassulke LLC','5285480129',158,45),(25,'419 Melody Parkway','mdidsburyo@furl.net','Stanton-Kautzer','4222112137',159,38),(26,'0867 Declaration Crossing','tmarjanovicp@simplemachines.org','Hodkiewicz-Spinka','4114517050',160,51),(27,'5 Farragut Parkway','cleffekq@youtu.be','Smith Inc','9757595456',161,43),(28,'8212 Arizona Park','msimesr@blogger.com','Bernhard Inc','9747998328',162,57),(29,'72920 Anniversary Alley','zmildenhalls@squidoo.com','Stehr LLC','5856324100',163,54),(30,'44 Elgar Point','kescrittt@multiply.com','Kilback-Shields','9933562979',164,100),(31,'64 Buena Vista Center','edanskenu@biglobe.ne.jp','Bernhard-Feeney','5959818199',165,39),(32,'8 Laurel Trail','tmatthewsv@telegraph.co.uk','Roob, Altenwerth and Gislason','9521159810',166,91),(33,'91048 Goodland Road','gmoizerw@macromedia.com','Doyle-Pollich','6037226741',167,40),(34,'5 Straubel Drive','dpeacheyx@cloudflare.com','Heidenreich-Bruen','3751580035',168,22),(35,'300 Autumn Leaf Alley','gaseyy@bbb.org','Hauck LLC','1112073189',169,85),(36,'0 Johnson Road','dchottyz@rediff.com','Kemmer LLC','7179566318',170,64),(37,'78842 Karstens Plaza','ksivior10@vk.com','Langosh Inc','7439602675',171,62),(38,'9524 Magdeline Road','cdeddum11@ebay.com','Maggio-Konopelski','3355306098',172,17),(39,'288 Vahlen Center','dlampen12@sogou.com','Labadie-McDermott','6542218477',173,92),(40,'210 Burning Wood Avenue','gprettjohn13@paginegialle.it','Miller, O\'Reilly and Olson','3883371435',174,14),(41,'3317 Stoughton Way','btabourel14@businessweek.com','Adams-Glover','3125063873',175,84),(42,'24828 Gateway Point','mbransom15@privacy.gov.au','Haley LLC','5632622404',176,85),(43,'0 Oxford Point','ohammelberg16@plala.or.jp','Brekke and Sons','6744622301',177,71),(44,'9 Eliot Point','kredferne17@latimes.com','McClure LLC','6988562077',178,97),(45,'563 Maywood Place','fvallintine18@123-reg.co.uk','Reynolds-Waelchi','5623507694',179,74),(46,'53844 Grim Trail','bgillan19@uiuc.edu','Beatty-O\'Kon','4805415879',180,75),(47,'3838 Rusk Point','jlubbock1a@nps.gov','O\'Conner Group','5462966407',181,53),(48,'145 Everett Street','mplumb1b@quantcast.com','Durgan, Weissnat and Franecki','3572722334',182,38),(49,'40518 Gulseth Pass','ghunnam1c@omniture.com','Kautzer, Reilly and Schneider','5056342073',183,28),(50,'0282 Thompson Avenue','rszymaniak1d@ucoz.ru','Graham-Hane','8495588779',184,22),(51,'3480 Vermont Junction','pscolding1e@xrea.com','Bartoletti, Flatley and D\'Amore','1145179630',185,25),(52,'5872 Arapahoe Trail','pschlagtmans1f@mayoclinic.com','Hand-Kunde','5226557299',186,54),(53,'2958 Green Drive','nbarns1g@alibaba.com','Gorczany-Crist','5935481286',187,97),(54,'02 Eagle Crest Junction','ecrocket1h@etsy.com','Quitzon and Sons','7931619716',188,26),(55,'682 Hanover Road','ypitchers1i@ted.com','Batz-Kassulke','2112524196',189,34),(56,'382 Boyd Circle','rstarrs1j@deliciousdays.com','Marquardt LLC','4987494926',190,89),(57,'67 Briar Crest Plaza','nrableau1k@cloudflare.com','Macejkovic-Macejkovic','7445838439',191,48),(58,'91 Arapahoe Terrace','fmcgahern1l@zimbio.com','Pfannerstill, Upton and MacGyver','6938249037',192,65),(59,'4367 Hudson Road','nmacgaffey1m@miitbeian.gov.cn','Hammes, Lind and Yundt','9085702588',193,82),(60,'3 Anderson Parkway','lgoodswen1n@tumblr.com','Dicki-Lehner','2441160577',194,18),(61,'519 Twin Pines Point','hpavelka1o@china.com.cn','Mraz-Kuhlman','1147893993',195,35),(62,'3266 Straubel Pass','mseivertsen1p@hibu.com','King LLC','7231317958',196,24),(63,'1 Birchwood Street','slozano1q@t.co','Stanton and Sons','3994897406',197,9),(64,'43 Hintze Crossing','nchin1r@sakura.ne.jp','Waters LLC','8911492808',198,70),(65,'3 Main Alley','jbalshen1s@domainmarket.com','Dicki, Ebert and Schroeder','8326673893',199,25),(66,'6118 Hollow Ridge Hill','mtyght1t@intel.com','Morar and Sons','1506307863',200,9),(67,'9 David Plaza','cspeer1u@examiner.com','Spencer Group','1159650894',201,69),(68,'56087 Milwaukee Terrace','fstuck1v@parallels.com','Lehner and Sons','9887390729',202,19),(69,'834 5th Road','ocardenoza1w@ovh.net','Fisher, Goyette and Reilly','8731665755',203,84),(70,'67 Sauthoff Avenue','jhulburt1x@newyorker.com','Berge LLC','4578427911',204,65),(71,'05633 Jana Hill','beskell1y@eventbrite.com','Labadie Inc','4428554088',205,69),(72,'8643 Sycamore Parkway','jmariolle1z@taobao.com','Hamill-Grant','8761686377',206,51),(73,'94 Logan Avenue','mmailes20@mashable.com','Cormier, Denesik and Murphy','9023697771',207,43),(74,'6 Pearson Drive','iorrill21@weather.com','Beatty Group','1974038304',208,63),(75,'52768 Linden Pass','pmcilory22@shop-pro.jp','King, McLaughlin and Sanford','7763403428',209,83),(76,'60 Lakewood Gardens Junction','alamkin23@google.pl','Klein and Sons','9456457133',210,29),(77,'8 Clyde Gallagher Junction','lrickford24@stumbleupon.com','Breitenberg-Lehner','7432193954',211,89),(78,'70371 Lindbergh Avenue','dmuspratt25@printfriendly.com','Goodwin, Hayes and Lemke','2118935708',212,61),(79,'3355 Arkansas Way','rbalazin26@cdbaby.com','Medhurst, Goldner and Kling','9189948608',213,38),(80,'92786 Buell Terrace','fgatecliff27@illinois.edu','Cronin Inc','9206126060',214,3),(81,'58 Sachtjen Place','bcrandon28@independent.co.uk','Mann-Feeney','1067054012',215,95),(82,'481 Shelley Street','cmighele29@webmd.com','Wolf, Kub and Morissette','9155070487',216,70),(83,'0 Katie Avenue','lcaltera2a@liveinternet.ru','Ward Inc','3428592381',217,64),(84,'287 Mendota Trail','gfinlry2b@salon.com','Spinka Group','2233629172',218,7),(85,'101 Maple Street','ahoodspeth2c@ihg.com','Boyer Inc','7548786260',219,38),(86,'02 American Place','ekingston2d@nba.com','Pagac-Kutch','2732101851',220,68),(87,'8885 Northland Trail','llukasen2e@elpais.com','Friesen, Braun and Kilback','2626448326',221,27),(88,'365 Montana Court','cstilwell2f@vk.com','Schamberger-Frami','1735317452',222,28),(89,'700 Lakewood Gardens Court','wattrie2g@cbc.ca','Christiansen-Nienow','1498142157',223,56),(90,'12 Gale Place','ltoffler2h@forbes.com','Berge-Williamson','2431498119',224,94),(91,'092 Hoffman Alley','mcamili2i@cbslocal.com','Hauck-Lang','8706736200',225,7),(92,'865 Clarendon Drive','griddick2j@google.it','Yost-Kshlerin','2076105464',226,43),(93,'666 Roth Lane','lhearsum2k@go.com','Brown Inc','7006273008',227,95),(94,'11 Hazelcrest Road','eyedall2l@answers.com','Carroll Inc','7685225338',228,51),(95,'021 Vahlen Street','pchastaing2m@dailymail.co.uk','Hartmann LLC','8452801501',229,63),(96,'27172 Grayhawk Point','chunter2n@tinypic.com','Thompson, Williamson and Upton','8109855072',230,64),(97,'86296 Comanche Trail','hmcquaker2o@bbb.org','Yundt Group','1659457106',231,31),(98,'5747 High Crossing Plaza','ibrusle2p@usda.gov','Beier, Hirthe and Howell','2701810350',232,56),(99,'82120 Prentice Place','rroxburch2q@ning.com','Hessel Inc','5245471678',233,87),(100,'82 Tony Parkway','lpowderham2r@hp.com','Turcotte Group','4346864270',234,70);
/*!40000 ALTER TABLE `supplier` ENABLE KEYS */;
UNLOCK TABLES;

--
-- Dumping data for table `user`
--

LOCK TABLES `user` WRITE;
/*!40000 ALTER TABLE `user` DISABLE KEYS */;
INSERT INTO `user` (`user_id`, `email`, `first_name`, `last_name`, `password`, `phone_number`, `picture_id`, `user_name`, `user_uuid`) VALUES (1,'mmanders0@home.pl','Miof mela','Manders','53870F79A73F040FB5075E1A070F6C8BB578D7C3ACCC84297ED340F2EBB1895E','4976660078',45,'ileckie0','1a8ecfcb-ea32-11eb-863e-dc4a3ee3e76f'),(2,'jprys1@phpbb.com','Jeremias','Prys','A62DD59B6C270596EE6F4BCE63892C0E583EA475D9BD89B73527D91E0CCF1D0D','5405339203',46,'blube1','201d30f0-ea32-11eb-863e-dc4a3ee3e76f'),(3,'ksustin2@seattletimes.com','Karil','Sustin','5F476302CECE854EB7217F00ED97EF3C02D22A48794AC38A905BEFEADA90E4D5','1238745360',47,'dmitchinson2','2363bca9-ea32-11eb-863e-dc4a3ee3e76f'),(4,'delverston3@buzzfeed.com','Dyanna','Elverston','1175F1F1EBCEB579966A40F71855F37973BE70D0ECDCBF5952974E15B83C89EB','8051757923',48,'bbrickhill3','264afa20-ea32-11eb-863e-dc4a3ee3e76f'),(5,'ntaffley4@ucla.edu','Niven','Taffley','33467B3F0E19B38D2B704CE5D37B73CAF7E5667DD6CCA21AD8F30832DD378EF7','6818333918',49,'sroglieri4','2962d96b-ea32-11eb-863e-dc4a3ee3e76f'),(6,'rsimants5@rambler.ru','Ronalda','Simants','5B56337D19D3DC40C6FAED8933BA0B446264F36A8BA82A0FDB90DA3B710117F2','6209164749',50,'awhaplington5','2c6411b0-ea32-11eb-863e-dc4a3ee3e76f'),(7,'klimer6@bandcamp.com','Kerry','Limer','F45B80AC0CBF253A1B9BFF4A4A050C858FA87D7AB3D356D6218C1088736F4194','7384112392',51,'ecoplestone6','3029700c-ea32-11eb-863e-dc4a3ee3e76f'),(8,'jhamlen7@forbes.com','Jermayne','Hamlen','61DFE3BA7C7D2F0572D0C01C1BC6252ECC20065B58002FDDFBFC837599115A91','7913435030',52,'wdrejer7','34b96332-ea32-11eb-863e-dc4a3ee3e76f'),(9,'wholsey8@github.io','Walther','Holsey','CFE1A29FA677B2EE01AFF3DA1577C5B3F332746EBA35C927CC886060CD53B8B2','7212072043',53,'lrowett8','3794aa94-ea32-11eb-863e-dc4a3ee3e76f'),(10,'gjurczik9@nasa.gov','Gerhard','Jurczik','0CD47DD591AFE89ACC41512B783488718347697C356103E36A8B652D572A9092','6752449848',54,'afalkinder9','3a31bf25-ea32-11eb-863e-dc4a3ee3e76f'),(11,'jdixona@biblegateway.com','Jerry','Dixon','2B3E953694F66D9F5809F3BD495B4058C3D189BA8E34DFB0C67136E09035E2D7','4214045127',55,'obullara','3cd5ca83-ea32-11eb-863e-dc4a3ee3e76f'),(12,'lsorsbyb@wordpress.com','Lucias','Sorsby','452A0B04DE73FBCAB363FC9562B64D94440933D3D4A9CB7DA722A1D49857AD12','8897078810',56,'mfrudeb','3f9ea50f-ea32-11eb-863e-dc4a3ee3e76f'),(13,'rtulkc@deviantart.com','Raynor','Tulk','5B5CFA81A8FAC140C00768BF1F2B6A0F753DFEF8708EDAE55F16693142466D11','3285377975',57,'rfaheyc','4283e177-ea32-11eb-863e-dc4a3ee3e76f'),(14,'tmilhamd@discovery.com','Tammie','Milham','0D4A45E649DB487264F275036FA51EF7E9F6E3672277402AABBD23751A77C23F','5711117757',58,'ltrangmard','45945356-ea32-11eb-863e-dc4a3ee3e76f'),(15,'tsleathe@google.fr','Tildi','Sleath','F11CFC6C187D2628592A5D68279C86224D55F6EAB948AE501280F678F8ADF10D','9166745412',59,'gdelameree','49266236-ea32-11eb-863e-dc4a3ee3e76f'),(16,'123131231a@gmail.com','Hai','Quang','$2a$10$B48JSbumkZ/6.Pq1j5rxO..Z8wpM8zhkg7a3qIxDv5dlWA86U10ky','21312321231',60,'quanghai123','cb0ce2c8-3b22-11ec-90e6-dc4a3ee3e76f'),(17,'123131231ddsada@gmail.com','Hai','Quang','$2a$10$GtPhrY.l9kKz76YV7e6QfeH/2NYdeI2Uf164GhFzzxhh9KSdpL8V6','21321312321231',61,'qu1231anghai123','cedacf2f-3b22-11ec-90e6-dc4a3ee3e76f'),(18,'123131231ddsafadada@gmail.com','Hai','Quang','$2a$10$Us8cMmHoNsBfNlYz1gviHOIG3l0Ixa8wbdYIct0xOj8D2BMO9utfm','213112321231',62,'qu1231anghai123','d2341fcf-3b22-11ec-90e6-dc4a3ee3e76f'),(19,'123131adada@gmail.com','Hai','Quang','$2a$10$r8Q5rG.eyXcpClJjVnThZOVKIWKR2HChcqxw8XTqbcvPDpQTG4RxW','2131123219231',63,'qui123','d629f07e-3b22-11ec-90e6-dc4a3ee3e76f'),(20,'rdubockj@dot.gov','Rheta','Dubock','waiQ5ThdVy0','6401523287',64,'rdubockj','de87845e-3b21-11ec-90e6-dc4a3ee3e76f'),(21,'fnorcockk@irs.gov','Falkner','Norcock','6XP5pF','6978214275',65,'fnorcockk','de8c8639-3b21-11ec-90e6-dc4a3ee3e76f'),(22,'avanveldenl@fastcompany.com','Ariadne','Van Velden','Tx9bVG282rWs','4126864539',66,'avanveldenl','de8e1b82-3b21-11ec-90e6-dc4a3ee3e76f'),(23,'dtangyem@hp.com','Deva','Tangye','zniUbBUR8AC','9509003187',67,'dtangyem','de8f5be8-3b21-11ec-90e6-dc4a3ee3e76f'),(24,'ggriffoenn@soup.io','Gerhardt','Griffoen','ogx6S9LF','7565901832',68,'ggriffoenn','de911650-3b21-11ec-90e6-dc4a3ee3e76f'),(25,'pmanntschkeo@foxnews.com','Pietro','Manntschke','5kNYvDd6','4721847733',69,'pmanntschkeo','de9274b4-3b21-11ec-90e6-dc4a3ee3e76f'),(26,'123131adada123@gmail.com','Hai','Quang','$2a$10$MuI5M3YotzlXmX8K0lNIfuinL583vqzfCAUdBdNLCDnHvpmQDO31i','211213122',70,'qu33i123','da23b678-3b22-11ec-90e6-dc4a3ee3e76f'),(27,'budatester@gmail.com','Buda','Tester','$2a$10$bhlaHNMyjLWGvK.X5.dD4e74n6FjwIXfR2Wbu9KQ2MWZYRM948Sba','1231232434',71,'budatester','dd204757-3b22-11ec-90e6-dc4a3ee3e76f'),(28,'dhendronr@twitpic.com','Donelle','Hendron','E1bNjv','8658583228',72,'dhendronr','de93c732-3b21-11ec-90e6-dc4a3ee3e76f'),(29,'klaws@wikia.com','Karalee','Law','BMC4nkXTic','2405484284',73,'klaws','de955014-3b21-11ec-90e6-dc4a3ee3e76f'),(30,'mclibberyt@surveymonkey.com','Marlene','Clibbery','Xh1wDmJz1t','6541833387',74,'mclibberyt','de9663d9-3b21-11ec-90e6-dc4a3ee3e76f'),(31,'nbonnaru@google.pl','Noellyn','Bonnar','QGLRXjkGPXB','3032546590',75,'nbonnaru','de9779e4-3b21-11ec-90e6-dc4a3ee3e76f'),(32,'jcaveauv@yelp.com','Julie','Caveau','qfufJh94','3926766688',76,'jcaveauv','de98b3b2-3b21-11ec-90e6-dc4a3ee3e76f'),(33,'mscarsew@privacy.gov.au','Mano','Scarse','7TA1jAE361Q','2055098605',77,'mscarsew','de99aa51-3b21-11ec-90e6-dc4a3ee3e76f'),(34,'abuschx@imdb.com','Ainslee','Busch','o6hBzOyz','5556813187',78,'abuschx','de9acec7-3b21-11ec-90e6-dc4a3ee3e76f'),(35,'afrancomby@dion.ne.jp','Ailyn','Francomb','fuHE3VPia3','3452138741',79,'afrancomby','de9bf965-3b21-11ec-90e6-dc4a3ee3e76f'),(36,'irountreez@engadget.com','Ilene','Rountree','yOABjxJ','4655190448',80,'irountreez','de9d2b43-3b21-11ec-90e6-dc4a3ee3e76f'),(37,'aburle10@mtv.com','Anni','Burle','hXHbHtiX3','6252280434',81,'aburle10','de9e07e2-3b21-11ec-90e6-dc4a3ee3e76f'),(38,'mplatt11@blogspot.com','Mac','Platt','VEiBbghcVU','9825965332',82,'mplatt11','de9f01e1-3b21-11ec-90e6-dc4a3ee3e76f'),(39,'kbarnewille12@indiatimes.com','Kelley','Barnewille','CDY6GKa00','2541361897',83,'kbarnewille12','de9ff9bd-3b21-11ec-90e6-dc4a3ee3e76f'),(40,'jcaldaro13@yandex.ru','Janeta','Caldaro','8ZCx6nl0','5172445452',84,'jcaldaro13','dea0f35e-3b21-11ec-90e6-dc4a3ee3e76f'),(41,'gmcilveen14@ning.com','Gael','McIlveen','h8olKGg4i9G9','1121697138',85,'gmcilveen14','dea2081f-3b21-11ec-90e6-dc4a3ee3e76f'),(42,'ihaskins15@gizmodo.com','Ilyssa','Haskins','6rKVi54mW7','2605931270',86,'ihaskins15','dea330d6-3b21-11ec-90e6-dc4a3ee3e76f'),(43,'pbacup16@epa.gov','Philip','Bacup','Drk0UDiY','7333665387',87,'pbacup16','dea437a1-3b21-11ec-90e6-dc4a3ee3e76f'),(44,'cstaton17@studiopress.com','Creigh','Staton','HLwRt1P7m','2778209594',88,'cstaton17','dea50c43-3b21-11ec-90e6-dc4a3ee3e76f'),(45,'abrabon18@360.cn','Alleyn','Brabon','cvlr5si8G','3946288252',89,'abrabon18','dea5e770-3b21-11ec-90e6-dc4a3ee3e76f'),(46,'bduffree19@wikipedia.org','Bertha','Duffree','hZdnhP','2942498196',90,'bduffree19','dea6ca3a-3b21-11ec-90e6-dc4a3ee3e76f'),(47,'mcoope1a@tmall.com','Miller','Coope','rubiAcCPlpJ','9748313588',91,'mcoope1a','dea7e3be-3b21-11ec-90e6-dc4a3ee3e76f'),(48,'ncasine1b@europa.eu','Norah','Casine','bPC2LauwTcr2','5272854552',92,'ncasine1b','dea8ccd9-3b21-11ec-90e6-dc4a3ee3e76f'),(49,'garnison1c@webeden.co.uk','Gardener','Arnison','uye97VyD34','3775444772',93,'garnison1c','dea9c2f9-3b21-11ec-90e6-dc4a3ee3e76f'),(50,'vredfield1d@histats.com','Virgie','Redfield','FT50DjNl1','5267108315',94,'vredfield1d','deaa9c35-3b21-11ec-90e6-dc4a3ee3e76f'),(51,'mfilon1e@noaa.gov','Myrlene','Filon','5q2hCt','7165672663',95,'mfilon1e','deab72cf-3b21-11ec-90e6-dc4a3ee3e76f'),(52,'pgillespie1f@miitbeian.gov.cn','Peggi','Gillespie','obHbrbKacoKJ','8665668842',96,'pgillespie1f','deacaffa-3b21-11ec-90e6-dc4a3ee3e76f'),(53,'dtrustrie1g@dyndns.org','Dorelle','Trustrie','pKd5j3K','9925084366',97,'dtrustrie1g','dead960c-3b21-11ec-90e6-dc4a3ee3e76f'),(54,'glamplugh1h@google.com.au','Gabi','Lamplugh','oCNj5hNpyqS','3158675633',98,'glamplugh1h','deae884a-3b21-11ec-90e6-dc4a3ee3e76f'),(55,'yanyene1i@unc.edu','Yule','Anyene','MLfQzKv','4716734877',99,'yanyene1i','deaf8553-3b21-11ec-90e6-dc4a3ee3e76f'),(56,'avalasek1j@elpais.com','Aluin','Valasek','kY6NYHA2cQ','1037058131',100,'avalasek1j','deb072a2-3b21-11ec-90e6-dc4a3ee3e76f'),(57,'ctrimble1k@github.com','Cherish','Trimble','R5UEBrVxrbr','8856847765',101,'ctrimble1k','deb16f05-3b21-11ec-90e6-dc4a3ee3e76f'),(58,'nmcilhagga1l@bloglovin.com','Natasha','McIlhagga','8VKSxP2Ph','8354085990',102,'nmcilhagga1l','deb24e58-3b21-11ec-90e6-dc4a3ee3e76f'),(59,'srafe1m@chron.com','Shela','Rafe','faQXMwG','2694716101',103,'srafe1m','deb33e01-3b21-11ec-90e6-dc4a3ee3e76f'),(60,'ratwood1n@paginegialle.it','Roderich','Atwood','PuaoFB052','3741853833',104,'ratwood1n','deb46fe2-3b21-11ec-90e6-dc4a3ee3e76f'),(61,'dbainbrigge1o@csmonitor.com','Devy','Bainbrigge','YjHEoVquaj8h','7194011545',105,'dbainbrigge1o','deb5a7a7-3b21-11ec-90e6-dc4a3ee3e76f'),(62,'fcallcott1p@istockphoto.com','Fairlie','Callcott','2obJHrFDk','3755971584',106,'fcallcott1p','deb7054b-3b21-11ec-90e6-dc4a3ee3e76f'),(63,'gcristoferi1q@wordpress.org','Gian','Cristoferi','KFDAdP','8427369696',107,'gcristoferi1q','deb8166b-3b21-11ec-90e6-dc4a3ee3e76f'),(64,'ajoss1r@amazon.com','Alysa','Joss','oXL9KAB3','5014999105',108,'ajoss1r','deb9a1f2-3b21-11ec-90e6-dc4a3ee3e76f'),(65,'bcollingridge1s@smugmug.com','Brandy','Collingridge','se8cvuM8NIkI','7062338869',109,'bcollingridge1s','debab542-3b21-11ec-90e6-dc4a3ee3e76f'),(66,'nphilott1t@uol.com.br','Neill','Philott','oLG8G42ZT','8369535377',110,'nphilott1t','debbdbb9-3b21-11ec-90e6-dc4a3ee3e76f'),(67,'bjeannesson1u@vk.com','Benedikta','Jeannesson','NBwVi2p','7384029683',111,'bjeannesson1u','debce801-3b21-11ec-90e6-dc4a3ee3e76f'),(68,'aroullier1v@examiner.com','Anallise','Roullier','e9nuzlLmwv','3972589653',112,'aroullier1v','debe2a25-3b21-11ec-90e6-dc4a3ee3e76f'),(69,'slawden1w@amazon.co.jp','Sharline','Lawden','FwJrvpQtnq','8874421366',113,'slawden1w','debf4602-3b21-11ec-90e6-dc4a3ee3e76f'),(70,'upamment1x@amazonaws.com','Ulla','Pamment','2Dh1KZ','2155135623',114,'upamment1x','dec0623d-3b21-11ec-90e6-dc4a3ee3e76f'),(71,'skneafsey1y@1688.com','Sindee','Kneafsey','yAYPmerBNYaj','4323647940',115,'skneafsey1y','dec186fe-3b21-11ec-90e6-dc4a3ee3e76f'),(72,'cmowen1z@nyu.edu','Clio','Mowen','G03TwPbnI','3695085770',116,'cmowen1z','dec26ee7-3b21-11ec-90e6-dc4a3ee3e76f'),(73,'slownie20@google.ca','Shanon','Lownie','z2KdaAZePpV','3315716373',117,'slownie20','dec36727-3b21-11ec-90e6-dc4a3ee3e76f'),(74,'vdrewry21@bbc.co.uk','Vaughan','Drewry','MUJvv0','9759832984',118,'vdrewry21','dec46a27-3b21-11ec-90e6-dc4a3ee3e76f'),(75,'fstandbrook22@about.com','Fabian','Standbrook','U9Sd0cF','4778693389',119,'fstandbrook22','dec57e6f-3b21-11ec-90e6-dc4a3ee3e76f'),(76,'misoldi23@bizjournals.com','Martica','Isoldi','O7GPb1wD3M','3041161099',120,'misoldi23','dec66b31-3b21-11ec-90e6-dc4a3ee3e76f'),(77,'ccaughey24@yelp.com','Carmon','Caughey','QGLIdd2','6432656032',121,'ccaughey24','dec77357-3b21-11ec-90e6-dc4a3ee3e76f'),(78,'ckniveton25@webnode.com','Christian','Kniveton','mRqqQO97Bqe','1659527832',122,'ckniveton25','dec8a307-3b21-11ec-90e6-dc4a3ee3e76f'),(79,'tguerrieri26@army.mil','Trix','Guerrieri','56Qxz8','3185156970',123,'tguerrieri26','dec97f07-3b21-11ec-90e6-dc4a3ee3e76f'),(80,'cmartinovic27@wunderground.com','Christalle','Martinovic','eesltrl','2718094036',124,'cmartinovic27','deca83b5-3b21-11ec-90e6-dc4a3ee3e76f'),(81,'mjerratsch28@clickbank.net','Mozelle','Jerratsch','tDxEKbI1Cn66','3468866260',125,'mjerratsch28','decb8524-3b21-11ec-90e6-dc4a3ee3e76f'),(82,'ftredger29@newyorker.com','Fernando','Tredger','FnsXNzRIHM','3346592263',126,'ftredger29','decc566d-3b21-11ec-90e6-dc4a3ee3e76f'),(83,'acalterone2a@unc.edu','Andreana','Calterone','KZnZrEw2fF','9454050333',127,'acalterone2a','decd68d7-3b21-11ec-90e6-dc4a3ee3e76f'),(84,'bnorvell2b@cyberchimps.com','Bartholomeo','Norvell','HXpuGnb0','9774226707',128,'bnorvell2b','dece68a9-3b21-11ec-90e6-dc4a3ee3e76f'),(85,'aavrahamian2c@hc360.com','Annabell','Avrahamian','5raOmcsXL','1468195306',129,'aavrahamian2c','decf5964-3b21-11ec-90e6-dc4a3ee3e76f'),(86,'gmoxstead2d@shareasale.com','Gar','Moxstead','Y4ORmO','4303882484',130,'gmoxstead2d','ded079af-3b21-11ec-90e6-dc4a3ee3e76f'),(87,'rlinstead2e@eepurl.com','Richie','Linstead','MrDEIudnF','5769287784',131,'rlinstead2e','ded1634c-3b21-11ec-90e6-dc4a3ee3e76f'),(88,'ccranney2f@wikia.com','Carole','Cranney','9YmxECUy','5304136058',132,'ccranney2f','ded263ff-3b21-11ec-90e6-dc4a3ee3e76f'),(89,'dgildroy2g@spiegel.de','Danielle','Gildroy','HxcYPN','2131567042',133,'dgildroy2g','ded3314e-3b21-11ec-90e6-dc4a3ee3e76f'),(90,'ecucuzza2h@posterous.com','Ennis','Cucuzza','jNX7nq','2269651991',134,'ecucuzza2h','ded41104-3b21-11ec-90e6-dc4a3ee3e76f'),(91,'jmegarry2i@addthis.com','Johnette','Megarry','cLcTuL0lLD','5293676262',135,'jmegarry2i','ded5324b-3b21-11ec-90e6-dc4a3ee3e76f'),(92,'prenish2j@t-online.de','Patty','Renish','LHj1hTYlt','1711987585',136,'prenish2j','ded6318b-3b21-11ec-90e6-dc4a3ee3e76f'),(93,'ccoomer2k@columbia.edu','Curt','Coomer','3vogZfOzt','4184335477',137,'ccoomer2k','ded766cb-3b21-11ec-90e6-dc4a3ee3e76f'),(94,'fbartoszek2l@cnet.com','Farleigh','Bartoszek','8p1rf1ioZd','1261030444',138,'fbartoszek2l','ded88775-3b21-11ec-90e6-dc4a3ee3e76f'),(95,'dmuffitt2m@state.tx.us','Dehlia','Muffitt','brrSALqMFuS','6286852965',139,'dmuffitt2m','ded9cd4a-3b21-11ec-90e6-dc4a3ee3e76f'),(96,'cbaggett2n@ask.com','Clarey','Baggett','W8KaeDvZ','9837382989',140,'cbaggett2n','dedb6070-3b21-11ec-90e6-dc4a3ee3e76f'),(97,'mmckniely2o@dyndns.org','Martainn','McKniely','xqa1dmsUHaF','7585487312',141,'mmckniely2o','dedd35a9-3b21-11ec-90e6-dc4a3ee3e76f'),(98,'afeldharker2p@phoca.cz','Adrea','Feldharker','rC2IIae','4199418967',142,'afeldharker2p','dedf7876-3b21-11ec-90e6-dc4a3ee3e76f'),(99,'jlanfranconi2q@quantcast.com','Jillana','Lanfranconi','TFJRo0DT6','9613259808',143,'jlanfranconi2q','dee17fc5-3b21-11ec-90e6-dc4a3ee3e76f'),(100,'moffiler2r@spotify.com','Mufinella','Offiler','K8oB1Y','6114254817',144,'moffiler2r','dee38f3f-3b21-11ec-90e6-dc4a3ee3e76f');
/*!40000 ALTER TABLE `user` ENABLE KEYS */;
UNLOCK TABLES;

--
-- Dumping data for table `user_role`
--

LOCK TABLES `user_role` WRITE;
/*!40000 ALTER TABLE `user` ENABLE KEYS */;
INSERT INTO `user_role` (`user_id`, `role_id`) VALUES (27,2),(1,1),(2,1),(3,2),(4,2),(5,2),(6,2),(7,2),(8,2),(9,2),(10,2),(11,2),(12,2),(13,2),(14,2),(15,2),(16,2),(17,2),(18,2),(19,2),(20,2),(21,2),(22,2),(23,2),(24,2),(25,2),(26,2),(28,2),(29,2),(30,2),(31,2),(32,2),(33,2),(34,2),(35,2),(36,2),(37,2),(38,2),(39,2),(40,2),(41,2),(42,2),(43,2),(44,2),(45,2),(46,2),(47,2),(48,2),(49,2),(50,2),(51,2),(52,2),(53,2),(54,2),(55,2),(56,2),(57,2),(58,2),(59,2),(60,2),(61,2),(62,2),(63,2),(64,2),(65,2),(66,2),(67,2),(68,2),(69,2),(70,2),(71,2),(72,2),(73,2),(74,2),(75,2),(76,2),(77,2),(78,2),(79,2),(80,2),(81,2),(82,2),(83,2),(84,2),(85,2),(86,2),(87,2),(88,2),(89,2),(90,2),(91,2),(92,2),(93,2),(94,2),(95,2),(96,2),(97,2),(98,2),(99,2),(100,2);
UNLOCK TABLES;

/*!40000 ALTER TABLE `user_role` DISABLE KEYS */;
/*!40103 SET TIME_ZONE=@OLD_TIME_ZONE */;

/*!40101 SET SQL_MODE=@OLD_SQL_MODE */;
/*!40014 SET FOREIGN_KEY_CHECKS=@OLD_FOREIGN_KEY_CHECKS */;
/*!40014 SET UNIQUE_CHECKS=@OLD_UNIQUE_CHECKS */;
/*!40101 SET CHARACTER_SET_CLIENT=@OLD_CHARACTER_SET_CLIENT */;
/*!40101 SET CHARACTER_SET_RESULTS=@OLD_CHARACTER_SET_RESULTS */;
/*!40101 SET COLLATION_CONNECTION=@OLD_COLLATION_CONNECTION */;
/*!40111 SET SQL_NOTES=@OLD_SQL_NOTES */;

-- Dump completed on 2021-10-06 15:40:40
